datetime,hour,dayofweek,quarter,month,year,dayofyear,hour_sin,hour_cos,dow_sin,dow_cos,month_sin,month_cos,is_weekend,lag_1d,lag_2d,lag_3d,lag_7d,lag_14d,lag_30d,rolling_mean_3d,rolling_std_3d,rolling_mean_7d,rolling_std_7d,rolling_mean_14d,rolling_std_14d,rolling_mean_30d,rolling_std_30d
2007-01-15,0,0,-1.2960580679261784,1,2007,-1.529554185025581,0.0,0.0,-0.000979679470614218,1.4116968620477444,0.6869311922437294,1.196925992730013,0,2.392681934324493,2.3861664752057936,-0.19001551442154396,1.138397437346767,2.0063106338455134,-0.6164330421719719,2.2608117516631663,0.7832325848750905,1.4991913462347743,1.2136971029890247,1.315102147808575,1.7976333035727672,1.8209047624877266,1.3370552723965303
2007-01-16,0,1,-1.2960580679261784,1,2007,-1.5202116400275347,0.0,0.0,1.105078442852818,0.879413178616964,0.6869311922437294,1.196925992730013,0,0.9855373625967332,2.3861664752057936,2.386512200745527,0.5037386243275279,-0.5156375452199611,2.3583857827932437,1.4000486584809302,1.663631044275361,1.4424421128449871,1.3724869704052427,1.3838583730067227,1.5658272913402882,1.7157100745557567,1.317671229824255
2007-01-17,0,2,-1.2960580679261784,1,2007,-1.5108690950294883,0.0,0.0,1.378252239592745,-0.3166174014436045,0.6869311922437294,1.196925992730013,0,0.1953433239786049,0.9820764701262217,2.386512200745527,0.9908412151667688,-0.9505407058710088,1.0621867596075096,1.316891155697896,1.3308200522385347,1.6577219531131706,1.6332376013831553,1.6860717552291842,1.0617802860709942,1.7683995528087915,1.38404682280507
2007-01-18,0,3,-1.2960580679261784,1,2007,-1.501526550031442,0.0,0.0,0.612836270074063,-1.2757594567707242,0.6869311922437294,1.196925992730013,0,2.1803991435631316,0.1935977494679219,0.9824205570198543,1.161979840045918,2.3861487335014564,0.15485280166219934,1.0977845539811208,1.5832975318501783,1.5229617094963102,1.8224006860666364,1.4964643518709262,0.9108528658943414,1.7811056760299047,1.3477101557646207
2007-01-19,0,4,-1.2960580679261784,1,2007,-1.4921840050333957,0.0,0.0,-0.6147956290152912,-1.2757594567707244,0.6869311922437294,1.196925992730013,0,0.42620646243694016,2.1743444984543583,0.19394091616585712,-0.19135414419916205,1.945569873738557,1.0991833949009442,0.9598693172078779,1.9667168280330323,1.5289097375500416,1.797644947511807,1.2932579693195316,1.0085072244581483,1.7201145169650542,1.483009465423181
2007-01-20,0,5,-1.2960580679261784,1,2007,-1.4828414600353494,0.0,0.0,-1.3802115985339736,-0.31661740144360484,0.6869311922437294,1.196925992730013,1,-0.1567239023199591,0.4239597405266229,2.174689976786823,2.3836864633529777,-0.10807113518942435,0.25120741782144684,1.0430268199909123,2.316170696513304,1.5289097375500416,1.797644947511807,1.5344668234360859,1.0852516876035334,1.8222908582390702,1.5099920797194721
2007-01-21,0,6,-1.2960580679261784,1,2007,-1.4734989150373032,0.0,0.0,-1.1070378017940468,0.8794131786169637,0.6869311922437294,1.196925992730013,1,2.392681934324493,-0.15770522500536513,0.4243031760689891,2.3836864633529777,1.4926660422612275,1.2942587107283126,1.8133539338363658,2.7147627238257677,1.5289097375500416,1.797644947511807,1.6208729734440825,1.3045939189312352,1.8738900074528486,1.5945683784401345
2007-01-22,0,0,-1.2960580679261784,1,2007,-1.4641563700392568,0.0,0.0,-0.000979679470614218,1.4116968620477444,0.6869311922437294,1.196925992730013,0,2.392681934324493,2.3861664752057936,-0.15736246829628203,0.9804052263476186,1.1411399710027252,2.3583857827932437,2.2821160144138304,0.6912689986964231,1.5387949475666287,1.791826152717093,1.6108412442536604,1.307987161534828,1.8091284314455462,1.513435142969543
2007-01-23,0,1,-1.2960580679261784,1,2007,-1.4548138250412106,0.0,0.0,1.105078442852818,0.879413178616964,0.6869311922437294,1.196925992730013,0,1.0399224535442582,2.3861664752057936,2.386512200745527,0.1923806763010014,0.5066239936636173,1.6464271202357226,1.482445318651745,1.44552052250301,1.56714191202078,1.70916216990461,1.5957746965552184,1.3442200804587152,1.7459225306511952,1.5555631615288223
2007-01-24,0,2,-1.2960580679261784,1,2007,-1.4454712800431642,0.0,0.0,1.378252239592745,-0.3166174014436045,0.6869311922437294,1.196925992730013,0,0.351298760164426,1.0363435043450318,2.386512200745527,2.171986497905372,0.9936169576790768,1.972325589729545,1.482445318651745,1.44552052250301,1.6057271186099904,1.831884067385908,1.730442453068321,1.5352614182083242,1.7646424542677768,1.6080828654865675
2007-01-25,0,3,-1.2960580679261784,1,2007,-1.436128735045118,0.0,0.0,0.612836270074063,-1.2757594567707242,0.6869311922437294,1.196925992730013,0,2.392681934324493,0.34921464455174955,1.0366876545711172,0.42260997684612683,1.1647170662698203,2.3583857827932437,1.0912935369758618,2.1453527867884254,1.5357831058958245,2.0378407853609346,1.6218530143486696,1.7385214506823767,1.6520778417068185,1.5999718101482454
2007-01-26,0,4,-1.2960580679261784,1,2007,-1.4267861900470715,0.0,0.0,-0.6147956290152912,-1.2757594567707244,0.6869311922437294,1.196925992730013,0,0.04139809859722796,2.3861664752057936,0.34955799286269923,-0.15871994459872407,-0.18831233797712676,-0.07708751285824764,0.9843784934482995,2.3488580927708758,1.57851420672563,1.8799682637259805,1.6476758251566526,1.6437549513919796,1.6593783715313932,1.5757178808527927
2007-01-27,0,5,-1.2960580679261784,1,2007,-1.4174436450490253,0.0,0.0,-1.3802115985339736,-0.31661740144360484,0.6869311922437294,1.196925992730013,1,0.07836820002459231,0.0399867015126216,2.386512200745527,2.3836864633529777,2.3861487335014564,0.8407874990074578,0.3631129187946087,-0.3321552694253469,1.2902460439920562,1.4526231344304263,1.494758252493366,1.4445157793402776,1.657040715891246,1.5779178381536059
2007-01-28,0,6,-1.2960580679261784,1,2007,-1.408101100050979,0.0,0.0,-1.1070378017940468,0.8794131786169637,0.6869311922437294,1.196925992730013,1,0.806727744050836,0.07687654989344823,0.040329688938470325,2.3836864633529777,2.3861487335014564,2.3583857827932437,1.2841809498485057,1.8696235325974926,1.2902460439920571,1.4526231344304263,1.494758252493366,1.4445157793402776,1.657040715891246,1.5779178381536059
2007-01-29,0,0,-1.2960580679261784,1,2007,-1.3987585550529327,0.0,0.0,-0.000979679470614218,1.4116968620477444,0.6869311922437294,1.196925992730013,0,2.392681934324493,0.80365500352161,0.07721958037166968,1.0346410022819885,0.9831833175731726,2.0617507202344307,1.5283817981972874,1.1786048511884388,1.2287803947092653,1.4770108249037217,1.46739638396547,1.4658763206278802,1.5904737497586547,1.5269029045544884
2007-01-30,0,1,-1.2960580679261784,1,2007,-1.3894160100548865,0.0,0.0,1.105078442852818,0.879413178616964,0.6869311922437294,1.196925992730013,0,0.7017591853097802,2.3861664752057936,0.8039988821881066,0.3479079346976533,0.19533611954665975,2.3583857827932437,1.3032098830534447,1.7322341504596879,1.2070805318107725,1.5244630353138953,1.4709224710140674,1.456424843185452,1.4870298076351722,1.4543030189100017
2007-01-31,0,2,-1.2960580679261784,1,2007,-1.38007346505684,0.0,0.0,1.378252239592745,-0.3166174014436045,0.6869311922437294,1.196925992730013,0,0.23191343448059124,0.6989143058440731,2.386512200745527,2.3836864633529777,2.174496413037152,1.9822557148124267,0.8960047407649779,0.052957820203929945,1.0181367322310315,0.8489483249089935,1.3911617688569258,1.2801675781455764,1.4555032897230427,1.3925472392393854
2007-02-01,0,3,-1.2960580679261784,2,2007,-1.3707309200587938,0.0,0.0,0.612836270074063,-1.2757594567707242,1.2057267281003763,0.6801446366438934,0,1.3531768851780561,0.23008847520582335,0.699258062272725,0.03885810964745748,0.42551360491478785,-0.5150728599019513,0.7902708865601538,0.15542027058019037,1.089105431349357,0.6771178790752128,1.3917053341128969,1.2791172874716008,1.5009637606268076,1.243004005477023
2007-02-02,0,4,-1.2960580679261784,2,2007,-1.3613883750607474,0.0,0.0,-0.6147956290152912,-1.2757594567707244,1.2057267281003763,0.6801446366438934,0,0.4318439413766207,1.3489179372363476,0.23043168449033438,0.0757267091542625,-0.15568548299713658,-0.9457304361928011,0.76344503245162,0.2314452555198063,1.1045670730159833,0.6284290964708261,1.422574830226482,1.1747792682436766,1.554456843808296,0.9920824933051079
2007-02-03,0,5,-1.2960580679261784,2,2007,-1.3520458300627012,0.0,0.0,-1.3802115985339736,-0.31661740144360484,1.2057267281003763,0.6801446366438934,1,0.16343293682093438,0.4295849818785708,1.3492624522530619,0.8020865320620335,2.3861487335014564,2.3583857827932437,1.1706501747400868,1.9681886372685982,1.392835235749557,1.309670601923752,1.422574830226482,1.1747792682436766,1.554456843808297,0.9920824933051079
2007-02-04,0,6,-1.2960580679261784,2,2007,-1.342703285064655,0.0,0.0,-1.1070378017940468,0.8794131786169637,1.2057267281003763,0.6801446366438934,1,2.392681934324493,0.16175663195482165,0.4299284239858864,2.3836864633529777,2.3861487335014564,1.9221079143444635,1.938768919885777,2.1733869431833943,1.392835235749557,1.309670601923752,1.422574830226482,1.1747792682436766,1.5756118049249934,1.066987939539393
2007-02-05,0,0,-1.2960580679261784,2,2007,-1.3333607400666085,0.0,0.0,-0.000979679470614218,1.4116968620477444,1.2057267281003763,0.6801446366438934,0,2.392681934324493,2.3861664752057936,0.16209976149251581,0.6974061659387744,1.037406887257847,-0.11148516911911406,1.9237321923169808,2.2382956146451676,1.288010251583226,1.534843121033373,1.3343626607571044,1.300502517536611,1.586814974162807,1.0269130001385005
2007-02-06,0,1,-1.2960580679261784,2,2007,-1.3240181950685623,0.0,0.0,1.105078442852818,0.879413178616964,1.2057267281003763,0.6801446366438934,0,0.1250474828884025,2.3861664752057936,2.386512200745527,0.22885038306300037,0.35082837513349274,1.4736253922471703,0.7864716955624919,2.8736049174809613,1.153067938156531,1.989830838518579,1.2512687070120951,1.5664037999316986,1.4907309934402007,1.2060902880269866
2007-02-07,0,2,-1.2960580679261784,2,2007,-1.314675650070516,0.0,0.0,1.378252239592745,-0.3166174014436045,1.2057267281003763,0.6801446366438934,0,-0.510493654095768,0.12345450345289134,2.386512200745527,1.3470353895770655,2.3861487335014564,1.1255309667557458,0.35533876457864494,1.0815220745742564,1.1419654081485882,1.976272782403104,1.1451501580517605,1.252727678282472,1.497822520516579,1.2099913616330567
2007-02-08,0,3,-1.2960580679261784,2,2007,-1.3053331050724697,0.0,0.0,0.612836270074063,-1.2757594567707242,1.2057267281003763,0.6801446366438934,0,1.2920945102749022,-0.5107070291895592,0.12379758829000838,0.42823197801005347,0.04184810452900841,0.49720922149730135,0.459887411809976,1.0435456362027848,1.1347118214925906,1.9864705658189148,1.1789491050021124,1.1816705796810545,1.4922873028627421,1.220294816439095
2007-02-09,0,4,-1.2960580679261784,2,2007,-1.2959905600744233,0.0,0.0,-0.6147956290152912,-1.2757594567707244,1.2057267281003763,0.6801446366438934,0,0.3919371544373191,1.2879681572270802,-0.5103646844519509,0.16055789954896252,0.07870840642554155,0.9794480933409418,0.6920527177058906,0.24460115940051622,1.1199417965438714,2.019115207673232,1.179315986827399,1.1807120006672007,1.4485389523574643,1.2865205205811645
2007-02-10,0,5,-1.2960580679261784,2,2007,-1.286648015076377,0.0,0.0,-1.3802115985339736,-0.31661740144360484,1.2057267281003763,0.6801446366438934,1,0.08217324190444324,0.3897648228116785,1.2883126011122294,2.3836864633529777,0.8049047555152599,1.148877899182049,1.02773413458843,1.6685292301451087,1.0756521501789333,1.8354940017955037,1.3087392368710171,1.4100050591855668,1.4955223446174954,1.3769648940455124
2007-02-11,0,6,-1.2960580679261784,2,2007,-1.2773054700783308,0.0,0.0,-1.1070378017940468,0.8794131786169637,1.2057267281003763,0.6801446366438934,1,2.149015240187582,0.08067333195817093,0.3901082184467964,2.3836864633529777,2.3861487335014564,-0.19094304626924474,1.8114855588319638,2.121940275507994,1.0756521501789333,1.8354940017955037,1.3087392368710182,1.4100050591855668,1.6191384071151111,1.3824990389133702
2007-02-12,0,0,-1.2960580679261784,2,2007,-1.2679629250802844,0.0,0.0,-0.000979679470614218,1.4116968620477444,1.2057267281003763,0.6801446366438934,0,2.392681934324493,2.1430287218558774,0.08101636686743462,0.12227783340670621,0.7002479486509047,2.3583857827932437,1.9838508116347577,1.382185881567597,1.1478369264912778,1.7139103911995044,1.291424590297056,1.4288685834336485,1.5295907745752104,1.2845096964862117
2007-02-13,0,1,-1.2960580679261784,2,2007,-1.2586203800822382,0.0,0.0,1.105078442852818,0.879413178616964,1.2057267281003763,0.6801446366438934,0,0.5221837721717087,2.3861664752057936,2.1433741636412007,-0.5115184166686444,0.23179761847279057,2.3583857827932437,1.0365008159436395,2.4074624747059588,1.1916660387681117,1.5314294607925496,1.2430917830064516,1.56934131539553,1.4021489961503784,1.26932363774789
2007-02-14,0,2,-1.2960580679261784,2,2007,-1.2492778350841918,0.0,0.0,1.378252239592745,-0.3166174014436045,1.2057267281003763,0.6801446366438934,0,-0.26936066316029394,0.5197287070000174,2.386512200745527,1.2861207171720281,1.349730967383366,0.9691163078621395,0.7196392470245261,1.1272002712870126,1.2446881229449562,1.6133647392299248,1.2653288431446539,1.6048522357087747,1.4307902286686704,1.2954853583251646
2007-02-15,0,3,-1.2960580679261784,2,2007,-1.2399352900861456,0.0,0.0,0.612836270074063,-1.2757594567707242,1.2057267281003763,0.6801446366438934,0,1.5838041315521858,-0.2700974789912263,0.520072254309751,0.38843475570166447,0.4311343407967339,0.18896018234280257,0.7917801840280898,1.1188814384658519,1.3018356728811755,1.5301248911850758,1.2917960869880694,1.575087117724501,1.4552536975609467,1.2534027184283327
2007-02-16,0,4,-1.2960580679261784,2,2007,-1.2305927450880991,0.0,0.0,-0.6147956290152912,-1.2757594567707244,1.2057267281003763,0.6801446366438934,0,0.7063436966852239,1.5790445482748536,-0.2697548534497522,0.07952130423944144,0.16352050479705085,2.1487996413381185,0.9846153674408823,0.4243770938769185,1.3274155490650301,1.4559801833922634,1.297530387286975,1.5619757643507513,1.3615412515457366,1.1892744755882152
2007-02-17,0,5,-1.2960580679261784,2,2007,-1.221250200090053,0.0,0.0,-1.3802115985339736,-0.31661740144360484,1.2057267281003763,0.6801446366438934,1,0.22290509184501525,0.7034888653667882,1.5793893318612982,2.140688759467009,2.3861487335014564,0.41689064349872285,0.7022013035195993,-0.6191266199423577,1.0936403988311916,0.9974023382236681,1.1500253928547777,1.2317002793402019,1.3824456180400126,1.1685679987989492
2007-02-18,0,6,-1.2960580679261784,2,2007,-1.2119076550920065,0.0,0.0,-1.1070378017940468,0.8794131786169637,1.2057267281003763,0.6801446366438934,1,0.8628632226376066,0.2210996874784799,0.7038326271341891,2.3836864633529777,2.3861487335014564,-0.15863469912676517,1.362790304571817,1.669122626536156,1.0936403988311916,0.9974023382236681,1.1500253928547777,1.2317002793402019,1.504495060094619,1.2111000015118993
2007-02-19,0,0,-1.2960580679261784,2,2007,-1.2025651100939603,0.0,0.0,-0.000979679470614218,1.4116968620477444,1.2057267281003763,0.6801446366438934,0,2.392681934324493,0.8596686257162826,0.22144288627260791,0.5183237795605715,0.1252490539283411,2.3583857827932437,1.6869383853461914,0.8476029559742347,1.1896477358932114,0.9564893241195045,1.2392462401187427,1.1442780009334104,1.4402343050814266,1.0687478704196278
2007-02-20,0,1,-1.2960580679261784,2,2007,-1.193222565095914,0.0,0.0,1.105078442852818,0.879413178616964,1.2057267281003763,0.6801446366438934,0,1.0503837546694372,2.3861664752057936,0.860012569753591,-0.27104745966721977,-0.508404554594435,2.3583857827932437,2.286214018186588,0.6735792467661587,1.673509207682026,0.8349520121212685,1.519170191717833,1.0674047271156075,1.4402343050814266,1.0687478704196278
2007-02-21,0,2,-1.2960580679261784,2,2007,-1.1838800200978676,0.0,0.0,1.378252239592745,-0.3166174014436045,1.2057267281003763,0.6801446366438934,0,2.392681934324493,1.0467820965445216,2.386512200745527,1.5770294456829381,1.2888300043738095,1.0228105396154394,1.6842345063863238,0.8545556953884975,1.54121405258263,0.8581518550702056,1.4771182166815022,1.0726778198587879,1.4314273842667307,1.0702992670280311
2007-02-22,0,3,-1.2960580679261784,2,2007,-1.1745374750998214,0.0,0.0,0.612836270074063,-1.2757594567707242,1.2057267281003763,0.6801446366438934,0,0.8559608151305004,2.3861664752057936,1.0471262589529873,0.7019780904753545,0.39134607521154663,0.342934501183756,2.210052751991581,1.002342708293702,1.8477283444158419,1.1115042610531245,1.6700298639002007,1.2170906340589442,1.5291559113786917,1.1764396532518342
2007-02-23,0,4,-1.2960580679261784,2,2007,-1.165194930101775,0.0,0.0,-0.6147956290152912,-1.2757594567707244,1.2057267281003763,0.6801446366438934,0,2.392681934324493,0.8527812016474008,2.386512200745527,0.21986677295569088,0.08250214750293129,2.3583857827932437,1.0995765936211301,2.5600420624734856,1.7268513898479252,1.726006760274577,1.6194776358282361,1.440953338345082,1.3934435488704358,1.1955654541145793
2007-02-24,0,5,-1.2960580679261784,2,2007,-1.1558523851037288,0.0,0.0,-1.3802115985339736,-0.31661740144360484,1.2057267281003763,0.6801446366438934,1,-0.4421191369377044,2.3861664752057936,0.8531251376467269,0.8580678899223768,2.1432057184366196,0.0369705383994411,0.1902804466891327,4.2574269321852265,1.303682003674601,3.3490695959865855,1.2709883578962908,2.1589604978561923,1.3213137053624382,1.5570660296045316
2007-02-25,0,6,-1.2960580679261784,2,2007,-1.1465098401056824,0.0,0.0,-1.1070378017940468,0.8794131786169637,1.2057267281003763,0.6801446366438934,1,-1.4652719929650646,-0.4424809363824069,2.386512200745527,2.3836864633529777,2.3861487335014564,0.07347100496847322,-1.463743682677775,0.5107143821755341,0.5362123154412254,4.050331668557826,0.8638688178665969,2.672967385092653,1.2299685387128427,2.003200244950678
2007-02-26,0,0,-1.2960580679261784,2,2007,-1.1371672951076361,0.0,0.0,-0.000979679470614218,1.4116968620477444,1.2057267281003763,0.6801446366438934,0,-1.829677400884807,-1.463412777843949,-0.442138512021398,1.045073581761439,0.5212058663761557,0.7925781256021077,-1.9625993066466283,-1.0502756666430402,0.03346040180849751,4.574956043950704,0.6481030782395161,3.2308878084567514,1.109216014357562,2.3935340420584126
2007-02-27,0,1,-1.2960580679261784,2,2007,-1.12782475010959,0.0,0.0,1.105078442852818,0.879413178616964,1.2057267281003763,0.6801446366438934,0,-1.7155876815548687,-1.8270271507642923,-1.4630715449635256,2.3836864633529777,-0.26798771774700575,2.3583857827932437,-2.0943849475806893,-1.4220556517255343,-0.7289225169255216,3.744265520084204,0.5003558445608146,3.6731859476180007,0.908415907986242,2.5913709726325895
2007-02-28,0,2,-1.2960580679261784,2,2007,-1.1184822051115435,0.0,0.0,1.378252239592745,-0.3166174014436045,1.2057267281003763,0.6801446366438934,0,-1.801691711012019,-1.7131850923062846,-1.826686342240764,0.8511844330697564,1.5796732612561204,0.6889429928542304,-2.0816396201606455,-1.4542987382411545,-1.2111589535216907,3.4490002954147436,0.17436535558043909,3.8994148234905057,0.7887843388560096,2.905275451582781
2007-03-01,0,3,-1.2960580679261784,3,2007,-1.1091396601134973,0.0,0.0,0.612836270074063,-1.2757594567707242,1.3956190735938696,-0.025791823971918176,0,-1.7971413868951438,-1.7991022109783323,-1.7128441509231498,2.3836864633529777,0.7048188442347038,0.22506573911077934,-2.1157360829235237,-1.5876108109697575,-1.9737121354908445,-0.39106633144974945,-0.06754953178816783,4.165437834628944,0.6913833298524915,3.182884656157917
2007-03-02,0,4,-1.2960580679261784,3,2007,-1.0997971151154509,0.0,0.0,-0.6147956290152912,-1.2757594567707244,1.3956190735938696,-0.025791823971918176,0,-1.802628441897077,-1.7945617645020102,-1.7987613698649458,-0.443331622685279,0.22281603020782123,1.332085669193188,-2.117359213829594,-1.583330837011072,-2.2215855787128866,-1.7668116248613661,-0.26316050461966295,4.401254759403255,0.5401497923270314,3.3919657113565918
2007-03-03,0,5,-1.2960580679261784,3,2007,-1.0904545701174047,0.0,0.0,-1.3802115985339736,-0.31661740144360484,1.3956190735938696,-0.025791823971918176,1,-1.805835206751792,-1.800036908449783,-1.7942209180896866,-1.4636753985126139,0.8608735142669788,0.4224565089853435,-1.917582869124577,-0.7218354631000552,-2.1892107080902976,-1.5269773695535207,-0.47046521756978876,4.379810415379884,0.4578549193085493,3.5229664296276484
2007-03-04,0,6,-1.2960580679261784,3,2007,-1.0811120251193582,0.0,0.0,-1.1070378017940468,0.8794131786169637,1.3956190735938696,-0.025791823971918176,1,-1.2871563757683184,-1.80323671220244,-1.7996960684272372,-1.8270803263866433,2.3861487335014564,0.15745515599220372,-0.8641976954218141,2.5873329743529507,-1.6955218940358883,1.4063668338431226,-0.6156977202647678,3.8325013491088646,0.4924675420131307,3.5363961419069474
2007-03-05,0,0,-1.2960580679261784,3,2007,-1.071769480121312,0.0,0.0,-0.000979679470614218,1.4116968620477444,1.3956190735938696,-0.025791823971918176,0,0.8864319187019878,-1.2856838060813267,-1.8028958759142317,-1.7133038419460065,1.047837118791354,2.3583857827932437,0.5718740698105559,3.1230950086740155,-1.0455861132093807,3.3837825191961555,-0.537621114464667,4.109360293484879,0.46697278694879596,3.4434379256598424
2007-03-06,0,1,-1.2960580679261784,3,2007,-1.0624269351232658,0.0,0.0,1.105078442852818,0.879413178616964,1.3956190735938696,-0.025791823971918176,0,1.8601397426464947,0.8831861599069045,-1.2853423657819447,-1.7991714716092593,2.3861487335014564,2.3583857827932437,0.8580499940578786,1.9651173747263244,-0.8192764465774561,3.158501439491113,-0.8219918188248655,3.3167036672890946,0.3257792168939098,3.255411148584111
2007-03-07,0,2,-1.2960580679261784,3,2007,-1.0530843901252194,0.0,0.0,1.378252239592745,-0.3166174014436045,1.3956190735938696,-0.025791823971918176,0,-0.5566122659188848,1.8547803023549547,0.8835301313903992,-1.7946336404696603,0.8539916065982994,0.11955731628099175,1.0485576184651004,2.1470481192229585,-0.24310565887698163,3.4202395453523873,-0.772162476505689,3.491906920537878,0.3855116131268378,3.3180670893712856
2007-03-08,0,3,-1.2960580679261784,3,2007,-1.0437418451271732,0.0,0.0,0.612836270074063,-1.2757594567707242,1.3956190735938696,-0.025791823971918176,0,1.3727559281662687,-0.5567255287879864,1.8551254077393728,-1.800105630686824,2.3861487335014564,-0.5079104787238967,0.3198896927273694,1.3122421637659296,0.08454791658100838,2.788373743459786,-1.0028636109954203,2.549197200685665,0.4099513503053405,3.2906683203178857
2007-03-09,0,4,-1.2960580679261784,3,2007,-1.0343993001291267,0.0,0.0,-0.6147956290152912,-1.2757594567707244,1.3956190735938696,-0.025791823971918176,0,1.1003361452034674e-05,1.3684544789116766,-0.5563832377563619,-1.8033035913246456,-0.44023310666298726,1.271779229745353,0.3373745088244705,1.258173973803706,0.31972369941337603,1.963835816873801,-1.0095993371570577,2.5448599017539184,0.3235837878694101,3.266620794076719
2007-03-10,0,5,-1.2960580679261784,3,2007,-1.0250567551310805,0.0,0.0,-1.3802115985339736,-0.31661740144360484,1.3956190735938696,-0.025791823971918176,1,-0.5119773811180993,-0.0013105524635477585,1.3687990167285518,-1.2860488001859567,-1.460347244936729,0.383056661911153,0.41070065280153273,1.5646780189917122,0.8372214034467607,1.4505315020797998,-0.7179085080583976,3.00646823284085,0.3795004518616058,3.351999608067449
2007-03-11,0,6,-1.2960580679261784,3,2007,-1.015714210133034,0.0,0.0,-1.1070378017940468,0.8794131786169637,1.3956190735938696,-0.025791823971918176,1,1.5599414250640429,-0.5121875354034758,-0.000967613233743426,0.8815718778084395,-1.8236703852597609,0.07722771102463963,1.347981243879288,2.7845731387513233,1.1110022776257267,2.1747970551391225,-0.31078896802870415,3.573027516097292,0.49011300821448206,3.563103630325841
2007-03-12,0,0,-1.2960580679261784,3,2007,-1.0063716651349879,0.0,0.0,-0.000979679470614218,1.4116968620477444,1.3956190735938696,-0.025791823971918176,0,2.392681934324493,1.5552336418851787,-0.5118451923936953,1.852606373566704,-1.709919507241354,2.1178144107940367,1.802013277562456,0.9610105652622775,0.890510145327174,1.8789252128868503,-0.08298205482041318,3.3922300009887096,0.4182091888217987,3.4048633943282987
2007-03-13,0,1,-1.2960580679261784,3,2007,-0.9970291201369416,0.0,0.0,1.105078442852818,0.879413178616964,1.3956190735938696,-0.025791823971918176,0,0.647066409035049,2.3861664752057936,1.5555783976830564,-0.5575104092104273,-1.7957678116214266,2.3583857827932437,1.0021204391938918,2.645707925501214,0.9040703070685603,1.8291068449076961,0.04426166006705825,3.0874226095277133,0.2805871598562705,3.2000167839036577
2007-03-14,0,2,-1.2960580679261784,3,2007,-0.9876865751388952,0.0,0.0,1.378252239592745,-0.3166174014436045,1.3956190735938696,-0.025791823971918176,0,-0.48200883024771496,0.6443402542076359,2.386512200745527,1.3665606780342032,-1.7912310017615827,0.5116487439665395,0.21297866685057096,0.13116338983808165,0.7232923850648306,1.6986829887255983,0.2540056591871028,2.698663771255602,0.2736930151716867,3.1962706351310937
2007-03-15,0,3,-1.2960580679261784,3,2007,-0.9783440301408489,0.0,0.0,0.612836270074063,-1.2757594567707242,1.3956190735938696,-0.025791823971918176,0,0.3781767828592587,-0.48228403892609584,0.6446839469455296,-0.0024153567506736188,-1.7967017604580806,-0.2698406240435313,0.1688822713520118,0.006936899899456928,0.8204424742780035,1.5943280226173924,0.4793512007966387,2.196367246315189,0.3121766895601408,3.190204695130956
2007-03-16,0,4,-1.2960580679261784,3,2007,-0.9690014851428026,0.0,0.0,-0.6147956290152912,-1.2757594567707244,1.3956190735938696,-0.025791823971918176,0,0.5344980227118761,0.37603432163423905,-0.48194166101737884,-0.5129980700980847,-1.7998990013660667,1.5597832348254006,0.4447006919462262,-1.1387168530067953,0.9538698177511892,1.2155219947307834,0.6748840505440435,1.5325290358140384,0.2469866538273649,3.091146226115386
2007-03-17,0,5,-1.2960580679261784,3,2007,-0.9596589401447564,0.0,0.0,-1.3802115985339736,-0.31661740144360484,1.3956190735938696,-0.025791823971918176,1,0.2220948538166947,0.5320162263145856,0.3763777012451475,1.5532322545827646,-1.2827606230753172,0.6934692667278225,0.601875207234515,-0.7780714612019477,0.8119976663747196,0.9671036606667947,0.8741420858328336,1.0015401144396852,0.25048454477052934,3.0954509111688906
2007-03-18,0,6,-1.2960580679261784,3,2007,-0.9503163951467101,0.0,0.0,-1.1070378017940468,0.8794131786169637,1.3956190735938696,-0.025791823971918176,1,0.7794087057203349,0.22029120827871765,0.5323597879644938,2.3836864633529777,0.8843722123689455,0.21617183034349496,0.9274602677631897,0.07861271244415524,0.6253201077385572,-0.17551980565801362,0.9203477696566158,1.0742511670384018,0.3051917096952535,3.1660382804531646
2007-03-19,0,0,-1.2960580679261784,3,2007,-0.9409738501486637,0.0,0.0,-0.000979679470614218,1.4116968620477444,1.3956190735938696,-0.025791823971918176,0,1.3656449783818199,0.7763952681405155,0.22063440612930835,0.6428635494314843,1.8551881680710613,0.8480005096471902,1.2290947729088608,-0.7270041705517949,0.6880347683447919,-0.0654541204048269,0.8366515759342493,0.8478502328605286,0.31137881297638964,3.1754542757440904
2007-03-20,0,1,-1.2960580679261784,3,2007,-0.9316313051506174,0.0,0.0,1.105078442852818,0.879413178616964,1.3956190735938696,-0.025791823971918176,0,0.9921013162439081,1.3613589652597224,0.7767391149934824,-0.48311179829517065,-0.5543861962241994,2.3583857827932437,1.2680244695331386,-0.8500649576854289,0.9353775371040356,-0.807216348680615,0.9750527176162341,0.5820961909041226,0.23890312065689573,2.9475721668204775
2007-03-21,0,2,-1.2960580679261784,3,2007,-0.9222887601525711,0.0,0.0,1.378252239592745,-0.3166174014436045,1.3956190735938696,-0.025791823971918176,0,0.8787876476837148,0.988626175035709,1.361703494795764,0.3747121634125121,1.3692518614985372,1.033138949796796,1.1147149342736713,-1.4177467363505307,1.0437270945174169,-0.9055656340617194,0.9366316530071533,0.5114712956838865,0.23525972975825402,2.9407269058068906
2007-03-22,0,3,-1.2960580679261784,3,2007,-0.9129462151545248,0.0,0.0,0.612836270074063,-1.2757594567707242,1.3956190735938696,-0.025791823971918176,0,0.9742794983466636,0.8755584827310634,0.9889702695731881,0.5306042211569757,0.0005839270961030667,2.3583857827932437,0.6476362493636418,0.31427130722572066,0.9101773355065601,-0.3023163306849085,0.9173227251726513,0.5718190604893898,0.11112664323436743,2.6655405946558393
2007-03-23,0,4,-1.2960580679261784,3,2007,-0.9036036701564785,0.0,0.0,-0.6147956290152912,-1.2757594567707244,1.3956190735938696,-0.025791823971918176,0,-0.20024770121692756,0.9708430439455296,0.8759024453126618,0.21905875944699046,-0.5098838750145488,0.8411857841059591,0.12720316239260937,0.6310230216517827,0.7880582050005507,0.2298714531919186,0.9233213913510537,0.5442750276562661,0.04861681815502901,2.6443471169664052
2007-03-24,0,5,-1.2960580679261784,3,2007,-0.8942611251584323,0.0,0.0,-1.3802115985339736,-0.31661740144360484,1.3956190735938696,-0.025791823971918176,1,-0.4497634079559794,-0.20113454438176098,0.9711871177291693,0.7748424985259831,1.5558814259280662,2.3583857827932437,0.6805260776823215,3.003895820572618,1.0802212169126972,1.2509450990062447,1.0030461634821788,0.9192981920698228,0.0483347994702351,2.642792415486292
2007-03-25,0,6,-1.2960580679261784,3,2007,-0.8849185801603859,0.0,0.0,-1.1070378017940468,0.8794131786169637,1.3956190735938696,-0.025791823971918176,1,2.3867910423306014,-0.45010861355825,-0.20079183835695355,1.359469251459923,2.3861487335014564,-0.44040452982611095,1.6962539782361619,3.2053109799586488,1.2668987755488588,1.830552217746739,1.0030461634821788,0.9192981920698228,0.18404716197848925,2.9195775085093585
2007-03-26,0,0,-1.2960580679261784,3,2007,-0.8755760351623396,0.0,0.0,-0.000979679470614218,1.4116968620477444,1.3956190735938696,-0.025791823971918176,0,2.392681934324493,2.3802883708973854,-0.4497661980991373,0.9869511585700224,0.6457176074505435,-1.4505601738350873,1.7679516344394703,2.895816007668604,1.0380886006753731,2.189921764809156,0.9149374988583894,1.0781421016690558,0.24142553587211665,2.787852540755346
2007-03-27,0,1,-1.2960580679261784,3,2007,-0.8662334901642933,0.0,0.0,1.105078442852818,0.879413178616964,1.3956190735938696,-0.025791823971918176,0,-0.26673508170142624,2.3861664752057936,2.3806340895770655,0.8739485942410977,-0.48000432938619014,-1.8103365037832662,0.5202768877496581,3.411041183059802,0.7332652122936575,2.7134908678729746,0.8844457624678741,1.2105966854929717,0.2908038672193323,2.615940821697354
2007-03-28,0,2,-1.2960580679261784,3,2007,-0.856890945166247,0.0,0.0,1.378252239592745,-0.3166174014436045,1.3956190735938696,-0.025791823971918176,0,-0.7982478095554661,-0.2674775970274336,2.386512200745527,0.969178270718263,0.3776265713153427,-1.6976960774524275,0.09308125450826514,1.6022633604151346,0.7928592087872881,2.7922881033441573,0.973534756425358,1.2541774906790937,0.4352738663194567,2.4565921522499954
2007-03-29,0,3,-1.2960580679261784,3,2007,-0.8475484001682007,0.0,0.0,0.612836270074063,-1.2757594567707242,1.3956190735938696,-0.025791823971918176,0,1.3021455642971373,-0.7978365407684475,-0.26713496842842094,-0.20212424830883835,0.5334835441486095,-1.7827063188994097,0.20981007961973697,1.5022155064079936,0.8349365982179598,2.717335279178603,0.9250114211068862,1.3196039224297615,0.5230234328319397,2.190489029770561
2007-03-30,0,4,-1.2960580679261784,3,2007,-0.8382058551701543,0.0,0.0,-0.6147956290152912,-1.2757594567707244,1.3956190735938696,-0.025791823971918176,0,0.031247901525116435,1.2979973928697313,-0.7974945311259206,-0.45095490625262274,0.22200819854983606,-1.7782137980002561,0.4088538726699489,0.8698912067949782,0.863951566240619,2.64217462864165,0.8756224688313587,1.4280802404486117,0.5951694793721005,1.9197075022511798
2007-03-31,0,5,-1.2960580679261784,3,2007,-0.8288633101721081,0.0,0.0,-1.3802115985339736,-0.31661740144360484,1.3956190735938696,-0.025791823971918176,1,-0.29013284147291785,0.029858538035402834,1.2983418484595206,2.3778117448838567,0.7776668534942531,-1.783631150399302,0.8360495059113419,2.69452016457295,0.8650223138210689,2.646775027649153,1.0311741409248925,1.829565972974619,0.796014430499101,1.8151271450219697
2007-04-01,0,6,-0.4108496234684316,4,2007,-0.8195207651740618,0.0,0.0,-1.1070378017940468,0.8794131786169637,1.2057267281003765,-0.7317282845877294,1,2.392681934324493,-0.29082456598604334,0.030201513641157737,2.3836864633529777,1.3621620309136562,-1.78679717940261,1.6365972213533957,2.6969495787111084,0.8072557731363122,2.4124792396220998,1.0995575508989626,2.004354203366299,0.9817980699383746,1.5600887665631586
2007-04-02,0,0,-0.4108496234684316,4,2007,-0.8101782201760155,0.0,0.0,-0.000979679470614218,1.4116968620477444,1.2057267281003765,-0.7317282845877294,0,2.074869913781393,2.3861664752057936,-0.2904819646341584,-0.2684290867782605,0.9897277765745922,-1.274707176956365,2.0104958714592045,1.0981497896090853,0.9764924576722241,2.1822595754447462,1.0679556096678706,2.002293159352903,1.0752237713844106,1.272092457425904
2007-04-03,0,1,-0.4108496234684316,4,2007,-0.8008356751779692,0.0,0.0,1.105078442852818,0.879413178616964,1.2057267281003765,-0.7317282845877294,0,0.6643480682467544,2.069044346815816,2.386512200745527,-0.798482539147625,0.876750644490208,0.8712698102322537,1.120548563173719,1.357718593476038,1.143549275679457,1.6002127401610646,0.9948745960171101,2.0543267138195875,1.0385721852992396,1.2986230597146138
2007-04-04,0,2,-0.4108496234684316,4,2007,-0.7914931301799228,0.0,0.0,1.378252239592745,-0.3166174014436045,1.2057267281003765,-0.7317282845877294,0,0.12084245008317746,0.6615843991646485,2.069389702257524,1.2961441758875827,0.9719588886712652,1.8326085272957966,0.6289997067160263,-0.5210510566899174,1.055922742457874,1.5448773348953058,0.9800041801120597,2.047798764326439,0.9887794491294476,1.2007783812264683
2007-04-05,0,3,-0.4108496234684316,4,2007,-0.7821505851818765,0.0,0.0,0.612836270074063,-1.2757594567707242,1.2057267281003765,-0.7317282845877294,0,0.8200539374449359,0.11925859874524733,0.6619281120273567,0.028735780080629887,-0.19908001817790266,-0.5534432412554562,0.5508563994805957,-0.5722222132667234,1.1347384639604987,1.384644898261073,1.0441343320522833,1.9405919711139359,1.0376813458642948,1.0831563996978697
2007-04-06,0,4,-0.4108496234684316,4,2007,-0.7728080401838302,0.0,0.0,-0.6147956290152912,-1.2757594567707244,1.2057267281003765,-0.7317282845877294,0,0.464865414438106,0.8169522690097173,0.11960167868552524,-0.29176260767937034,-0.4478546745417266,1.3514159976600697,0.5229471188844312,-0.4667881347102362,1.1964887138334088,1.1608204530243935,1.0922825447138136,1.8079540173144766,0.9743368191281093,1.0814611551356113
2007-04-07,0,5,-0.4108496234684316,4,2007,-0.7634654951857839,0.0,0.0,-1.3802115985339736,-0.31661740144360484,1.2057267281003765,-0.7317282845877294,1,0.04959620320448455,0.4625347733997835,0.8172961631948146,2.3836864633529777,2.3802753371906205,-0.003890812468388659,0.18951960407690868,-0.8167477995198447,0.755931893845315,0.424299160725619,0.8591484282903801,1.4989402665327367,0.9728467948371415,1.084817302892914
2007-04-08,0,6,-0.4108496234684316,4,2007,-0.7541229501877377,0.0,0.0,-1.1070378017940468,0.8794131786169637,1.2057267281003765,-0.7317282845877294,1,-0.031113076848892963,0.04816701004020392,0.46287825396122045,2.0667470000714623,2.3861487335014564,-0.50937535781498,0.0319861786542737,-1.447391037398352,0.39019652239433167,-0.9961391737627394,0.6344934271693848,1.0111080983384264,1.0003595434487746,1.0026289590372053
2007-04-09,0,0,-0.4108496234684316,4,2007,-0.7447804051896914,0.0,0.0,-0.000979679470614218,1.4116968620477444,1.2057267281003765,-0.7317282845877294,0,0.06271727304711118,-0.03236706990935797,0.04851000701289838,0.6600977616107847,-0.2653699341464401,1.5362236586600944,-0.369926210967393,0.08719036579175601,0.09196928087746659,-0.2189940543631064,0.5660678241372413,1.254474946061966,0.8789356570942015,1.1463575271433668
2007-04-10,0,1,-0.4108496234684316,4,2007,-0.735437860191645,0.0,0.0,1.105078442852818,0.879413178616964,1.2057267281003765,-0.7317282845877294,0,-0.9763976140107881,0.0612595972498907,-0.032024166924125595,0.11808434557672512,-0.7953040932139203,2.3583857827932437,-0.8899173563550874,0.5579557039435468,-0.17692732209320036,0.5806203536857278,0.5120448874054023,1.5040430985257314,0.6993510481680739,1.1662515171736705
2007-04-11,0,2,-0.4108496234684316,4,2007,-0.7260953151935987,0.0,0.0,1.378252239592745,-0.3166174014436045,1.2057267281003765,-0.7317282845877294,0,-1.3585359529554766,-0.9755996255774702,0.06160260950231573,0.8153761382093846,1.298851207219732,0.6349449843308954,-1.372928704952859,-1.0365745104154107,-0.5387012770332581,0.40933220307445894,0.2736514722196649,1.6642318813032453,0.6123468211350579,1.3606368994816294
2007-04-12,0,3,-0.4108496234684316,4,2007,-0.7167527701955524,0.0,0.0,0.612836270074063,-1.2757594567707242,1.2057267281003765,-0.7317282845877294,0,-1.1703043259451906,-1.3569084356673509,-0.9752578233937137,0.46116279016431827,0.031728053083588,-0.47978750041307544,-1.6831007179584443,-0.7008453912115991,-0.9445901876376072,0.5368775905267368,0.10014900255255339,2.146297193480284,0.5507721892453714,1.6378366891864002
2007-04-13,0,4,-0.4108496234684316,4,2007,-0.7074102251975061,0.0,0.0,-0.6147956290152912,-1.2757594567707244,1.2057267281003765,-0.7317282845877294,0,-1.7681984537821367,-1.169085413473906,-1.3565670784908181,0.04703370624606773,-0.2886982036285837,0.36947108969547354,-1.834661235921436,-0.6038709066705134,-1.2708611510584527,0.5048855387924402,-0.040171264005277076,2.514000524867195,0.44910700044430485,1.9283801362339987
2007-04-14,0,5,-0.4108496234684316,4,2007,-0.6980676801994598,0.0,0.0,-1.3802115985339736,-0.31661740144360484,1.2057267281003765,-0.7317282845877294,1,-1.7454365770202178,-1.765681659416744,-1.1687438370981325,-0.033453985371896,2.3861487335014564,0.5238065653630308,-2.0577841491788993,-1.5522686556772722,-1.5814536046774066,0.15658147473417358,-0.43863331593135696,2.0024936997032565,0.3402237699823994,2.178978383459206
2007-04-15,0,6,-0.4108496234684316,4,2007,-0.6887251352014135,0.0,0.0,-1.1070378017940468,0.8794131786169637,1.2057267281003765,-0.7317282845877294,1,-1.7398879849528406,-1.7429691931212434,-1.7653407792998348,0.060118752011469795,2.069280600299772,0.21537188484905867,-1.9315910780994288,-1.0945880001916737,-1.8556929933988033,-1.0969898441036754,-0.7781206389965064,1.2391645534227462,0.2603632797960642,2.3442013577558276
2007-04-16,0,0,-0.4108496234684316,4,2007,-0.6793825902033672,0.0,0.0,-0.000979679470614218,1.4116968620477444,1.2057267281003765,-0.7317282845877294,0,-1.446055334917794,-1.7374326456899425,-1.7426282864977043,-0.9761432308712709,0.6629479409152218,0.7656061237200006,-1.662831669886325,-0.5965275840652089,-1.870771232087041,-1.1717780655924432,-0.9443197540175768,0.9948473976674594,0.17233498839699066,2.407634320167481
2007-04-17,0,1,-0.4108496234684316,4,2007,-0.6700400452053209,0.0,0.0,1.105078442852818,0.879413178616964,1.2057267281003765,-0.7317282845877294,0,-1.0593529969528102,-1.444237834460502,-1.7370917326049644,-1.3572324037648884,0.12105650988055294,1.3443953789746899,-1.2145515728711314,-0.3489690220718502,-1.732084370284688,-0.6166912937782046,-1.0133920975180142,0.8765488387287718,0.07844643669888406,2.339430252578068
2007-04-18,0,2,-0.4108496234684316,4,2007,-0.6606975002072746,0.0,0.0,1.378252239592745,-0.3166174014436045,1.2057267281003765,-0.7317282845877294,0,-0.595527622359388,-1.0583749326757492,-1.443896579201922,-1.169517569268388,0.8181913707170922,0.9755968789563276,-1.0323631639659918,-0.8690480669912664,-1.6976700692324767,-0.5474322908174779,-1.1870465281208467,0.3855594441589332,-0.016011676129777056,2.343782284958802
2007-04-19,0,3,-0.4108496234684316,4,2007,-0.6513549552092283,0.0,0.0,0.612836270074063,-1.2757594567707242,1.2057267281003765,-0.7317282845877294,0,-0.9809684504828085,-0.5955564095091687,-1.0580332270950834,-1.765770170576503,0.46405774157522506,0.8637226451454797,-0.9812934659691461,-0.9836420782705472,-1.545131609713268,-0.632524983120467,-1.321441307085372,-0.034986512684627234,-0.10255632625055176,2.3408418022246065
2007-04-20,0,4,-0.4108496234684316,4,2007,-0.6420124102111819,0.0,0.0,-0.6147956290152912,-1.2757594567707244,1.2057267281003765,-0.7317282845877294,0,-0.9289833050875298,-0.9801605398816321,-0.5952141637952025,-1.7430707868594413,0.050021861135993745,0.9580014533761245,-1.2499095779718974,-1.0392677429348063,-1.4607587199193235,-0.863834265207774,-1.4497609449537363,-0.30532944980628146,-0.21053660592013893,2.3533698115344155
2007-04-21,0,5,-0.4108496234684316,4,2007,-0.6326698652131356,0.0,0.0,-1.3802115985339736,-0.31661740144360484,1.2057267281003765,-0.7317282845877294,1,-1.281245398760006,-0.9282882415203513,-0.9798187430207,-1.7375374285276906,-0.030447716002286403,-0.20160561089765372,-0.7976493282728371,0.6266664522389902,-1.1129656136191433,-0.28061150659650297,-1.4300271198390955,-0.1861462908928999,-0.19264142073229185,2.358871190064761
2007-04-22,0,6,-0.4108496234684316,4,2007,-0.6233273202150893,0.0,0.0,-1.1070378017940468,0.8794131786169637,1.2057267281003765,-0.7317282845877294,1,0.17355236536032786,-1.2797856603581503,-0.9279463841217477,-1.4445115000635922,0.06310396199403281,-0.44795169491288683,0.009266363620015284,1.9611382659788728,-0.644570832361135,0.916723423533888,-1.3270335354465432,0.5595352136754629,-0.11696949619341378,2.4414673168846717
2007-04-23,0,0,-0.4108496234684316,4,2007,-0.6139847752170431,0.0,0.0,-0.000979679470614218,1.4116968620477444,1.2057267281003765,-0.7317282845877294,0,1.1308947486230587,0.17185409369028026,-1.2794442131753256,-1.0588708586715903,-0.9729248007992946,2.3525697233835268,0.16460615172899515,1.3567052919213796,-0.6128248171909455,0.8570655775590208,-1.3181917823471216,0.561210693228601,-0.27358767774049625,2.0938193159881653
2007-04-24,0,1,-0.4108496234684316,4,2007,-0.6046422302189968,0.0,0.0,1.105078442852818,0.879413178616964,1.2057267281003765,-0.7317282845877294,0,-0.8846971303242616,1.1271183208249451,0.1721972350122377,-0.596318923006051,-1.3539282061433497,2.3583857827932437,-0.26498517317873527,1.8450273955202514,-0.6723653733990971,0.9166684810663028,-1.2762070524970965,0.5311098401739549,-0.43232634928832686,1.6735991977645002
2007-04-25,0,2,-0.4108496234684316,4,2007,-0.5952996852209504,0.0,0.0,1.378252239592745,-0.3166174014436045,1.2057267281003765,-0.7317282845877294,0,-0.9230996778860853,-0.8840982012091683,1.127462576989965,-0.9807015180490626,-1.166255618560476,-0.2672483956058583,-0.9142053944017342,-0.955432479577157,-0.5897454492486518,0.8325116903754293,-1.2141239231400076,0.5490635382782445,-0.44475849396560435,1.6768917801719672
2007-04-26,0,3,-0.4108496234684316,4,2007,-0.5859571402229041,0.0,0.0,0.612836270074063,-1.2757594567707242,1.2057267281003765,-0.7317282845877294,0,-0.5264214978677401,-0.9224173862343027,-0.8837562922384881,-0.928859098583507,-1.7623740278522027,-0.7920092646602157,-0.7662888856758884,-0.9085168933063273,-0.5130623679759077,0.7437907944424295,-1.09252880390223,0.4090663004897038,-0.43082012196519687,1.6630725502734234
2007-04-27,0,4,-0.4108496234684316,4,2007,-0.5766145952248578,0.0,0.0,-0.6147956290152912,-1.2757594567707244,1.2057267281003765,-0.7317282845877294,0,-0.5070988593188701,-0.5266002975089865,-0.9220755219841054,-1.2801540518460968,-1.7396797528358239,1.2817026042333273,-0.7246178120180046,-1.088191127201025,-0.42862920251113007,0.49747846366854254,-1.0029822789712544,0.2149798857829247,-0.5322581409820075,1.4945451625079267
2007-04-28,0,5,-0.4108496234684316,4,2007,-0.5672720502268115,0.0,0.0,-1.3802115985339736,-0.31661740144360484,1.2057267281003765,-0.7317282845877294,1,-0.8167226040915772,-0.507319603681684,-0.5262579713196495,0.17064954505850066,-1.7341476398361864,0.026949280285567777,-0.8253724577172367,-1.0982611448432098,-0.6026090230827832,0.41863639733351315,-0.9107795691811968,-0.021520495152669124,-0.5712691504171991,1.4939092813543888
2007-04-29,0,6,-0.4108496234684316,4,2007,-0.5579295052287652,0.0,0.0,-1.1070378017940468,0.8794131786169637,1.2057267281003765,-0.7317282845877294,1,-0.7836259190612163,-0.8162712310449423,-0.506977254990774,1.125363531676853,-1.441187659495599,-0.2903489313186828,-0.9336963574437986,-1.5402419012457291,-0.9505984913621737,-1.6330043751904384,-0.8469081793549446,-0.1697169409384845,-0.5948944806458052,1.5031649553527322
2007-04-30,0,0,-0.4108496234684316,4,2007,-0.548586960230719,0.0,0.0,-0.000979679470614218,1.4116968620477444,1.2057267281003765,-0.7317282845877294,0,-0.7836259190612163,-0.7832463908216399,-0.8159292429166584,-0.8846945121204908,-1.055633810002125,2.3583857827932437,-1.120886741542156,-0.7322017817011669,-1.0250998419102366,-1.2682732336806632,-0.8695885962361942,-0.1072505708003728,-0.7714172074942279,0.9380951643331661
2007-05-01,0,1,-0.4108496234684316,5,2007,-0.5392444152326726,0.0,0.0,1.105078442852818,0.879413178616964,0.6869311922437294,-1.2485096406738496,0,-1.2945784296058278,-0.7832463908216399,-0.782904364151649,-0.9229916249612452,-0.5931859758143743,2.044610959809292,-0.7524922729742719,0.5600260099419707,-0.8288130519410841,-0.6250272351622445,-0.7970488404085432,0.033048085084697296,-0.863242082096024,0.3801492678530781
2007-05-02,0,2,-0.4108496234684316,5,2007,-0.5299018702346263,0.0,0.0,1.378252239592745,-0.3166174014436045,0.6869311922437294,-1.2485096406738496,0,0.1568040273824625,-1.2930897484555446,-0.782904364151649,-0.5274025303270705,-0.9774820620935157,0.6520071129148156,-0.8262884820899701,0.6358688064043305,-0.9098049115803742,-0.5844690575664964,-0.7961852012510857,0.031460215466541576,-0.9415806329280426,0.23236041393308338
2007-05-03,0,3,-0.4108496234684316,5,2007,-0.52055932523658,0.0,0.0,0.612836270074063,-1.2757594567707242,0.6869311922437294,-1.2485096406738496,0,-0.972011388735102,0.1551421122571706,-1.2927483167992828,-0.5081329423473703,-0.925651310231233,0.11540570042377385,-0.641839475025218,0.20038139764837257,-0.9673551278537046,-0.6153500797584219,-0.786035792984628,0.01738261450397391,-0.9868003496872519,0.17313746295435117
2007-05-04,0,4,-0.4108496234684316,5,2007,-0.5112167802385337,0.0,0.0,-0.6147956290152912,-1.2757594567707244,0.6869311922437294,-1.2485096406738496,0,-0.8237207359227028,-0.971222921723895,0.15548523407537607,-0.8169066108819326,-1.2768672014016458,0.8057350350422795,-1.0876179148353402,-1.3373609762549827,-0.9972456466001101,-0.5867612867006258,-0.7571025626767313,-0.061238875680390506,-1.073031577519231,-0.06334863861724575
2007-05-05,0,5,-0.4108496234684316,5,2007,-0.5018742352404874,0.0,0.0,-1.3802115985339736,-0.31661740144360484,0.6869311922437294,-1.2485096406738496,1,-0.9811701553084213,-0.8232541716437521,-0.9708811144322974,-0.7839007932542844,0.17360987909090517,0.4550585070055276,-0.7129277875302878,-0.07880542120137242,-0.8576304151871964,-0.2750760836657449,-0.7753319415644112,-0.11983197186458991,-1.0960289175013034,-0.16627101927798324
2007-05-06,0,6,-0.4108496234684316,5,2007,-0.4925316902424411,0.0,0.0,-1.1070378017940468,0.8794131786169637,0.6869311922437294,-1.2485096406738496,1,-0.01551001203341824,-0.9803618068554099,-0.8229121916649232,-0.7839007932542844,1.1281089987306354,0.045064501672290314,-0.03537375394773548,1.167552624713558,-0.5505320862805411,0.6740521013041064,-0.7970234586470454,-0.3014397414269944,-1.0550332821267148,0.058776621706011466
2007-05-07,0,0,-0.4108496234684316,5,2007,-0.48318914524439477,0.0,0.0,-0.000979679470614218,1.4116968620477444,0.6869311922437294,-1.2485096406738496,0,0.9059254935437501,-0.016797875530761206,-0.9800200102293667,-1.2934504766728525,-0.8814966634060439,-0.03461952040665526,0.3968826126292074,-0.14053659791184628,-0.2929983793598661,0.38236229880999834,-0.6999303097195667,-0.21223961050408657,-1.0476895442163745,0.08326819268902617
2007-05-08,0,1,-0.4108496234684316,5,2007,-0.47384660024634845,0.0,0.0,1.105078442852818,0.879413178616964,0.6869311922437294,-1.2485096406738496,0,0.12228515239521923,0.9026374189662221,-0.016454954375468813,0.15394718987227762,-0.9197851571367388,0.05801889326576971,0.5483748305293193,-0.4234655032829843,-0.2540261190750884,0.4682552897614201,-0.5751324736673389,-0.08796232110598216,-1.0329205622339082,0.14212577844106483
2007-05-09,0,2,-0.4108496234684316,5,2007,-0.4645040552483022,0.0,0.0,1.378252239592745,-0.3166174014436045,0.6869311922437294,-1.2485096406738496,0,0.37121625701256833,0.12069816930348486,0.9029814131503482,-0.9717690480372416,-0.5242850933900669,-0.967896014513384,0.2561791262301815,-1.2032677796211328,-0.04826548500781689,0.18482886721316744,-0.5089463990457936,-0.017467324296181197,-0.9785163449105225,0.2076986867495893
2007-05-10,0,3,-0.4108496234684316,5,2007,-0.45516151025025586,0.0,0.0,0.612836270074063,-1.2757594567707242,0.6869311922437294,-1.2485096406738496,0,0.1600142109630341,0.36908890538647143,0.12104125092381651,-0.8238855292461279,-0.5050198422046386,-1.3451800123082058,-0.37042707809517417,1.3671994616891578,-0.1670626182326682,0.758628499761841,-0.6024933532954367,0.23338631219108483,-0.9842021361965755,0.2249152431467612
2007-05-11,0,4,-0.4108496234684316,5,2007,-0.44581896525220954,0.0,0.0,-0.6147956290152912,-1.2757594567707244,0.6869311922437294,-1.2485096406738496,0,-1.4773024892590274,0.1583453273144669,0.3694322768917177,-0.9809026690913102,-0.8137240184449996,-1.1593395102900517,-0.9129023363393497,0.8755037668936101,-0.1729578273995883,0.7794242781505515,-0.6214766034629278,0.27182172272806104,-0.9767002959724095,0.2122349701705721
2007-05-12,0,5,-0.4108496234684316,5,2007,-0.4364764202541632,0.0,0.0,-1.3802115985339736,-0.31661740144360484,0.6869311922437294,-1.2485096406738496,1,-1.0136036075223518,-1.4754171588733689,0.15868845287099104,-0.017893758984887424,-0.7807256290737822,-1.7496385298318247,-1.0630084647280909,0.2610276335416949,-0.21070344671298558,0.7746967554508529,-0.5674378443343113,0.2567106308367991,-0.9027342724863391,0.10586551945776795
2007-05-13,0,6,-0.4108496234684316,5,2007,-0.42713387525611696,0.0,0.0,-1.1070378017940468,0.8794131786169637,0.6869311922437294,-1.2485096406738496,1,-0.22317367682003073,-1.0127248539784857,-1.4750759400026832,0.9010119327730953,-0.7807256290737822,-1.7271657994437524,-0.4423791855131362,0.0903718865463518,-0.35591375173599155,0.3076014844731688,-0.4815611265559981,0.275051193533538,-0.8140500037851791,0.020186219896010438
2007-05-14,0,0,-0.4108496234684316,5,2007,-0.41779133025807064,0.0,0.0,-0.000979679470614218,1.4116968620477444,0.6869311922437294,-1.2485096406738496,0,0.10702737889139155,-0.2240107533000036,-1.0123830951218027,0.11952308692978074,-1.2901606337482776,-1.7216876916906967,-0.11518974311525333,-1.0716147119657722,-0.4105601720319818,0.23476868593949735,-0.37393553550672975,0.07125972393750162,-0.7392939597309511,-0.12070863754249624
2007-05-15,0,1,-0.4108496234684316,5,2007,-0.4084487852600243,0.0,0.0,1.105078442852818,0.879413178616964,0.6869311922437294,-1.2485096406738496,0,-0.17836101827462952,0.10547351669356303,-0.2236680739729224,0.367770747785006,0.15691128292009934,-1.4315876268973677,-0.4748859977929192,0.3196917095881151,-0.6854980128566383,0.17261536233008976,-0.4991081645826329,0.16897095993645883,-0.7247089394469742,-0.17383261156510685
2007-05-16,0,2,-0.4108496234684316,5,2007,-0.399106240261978,0.0,0.0,1.378252239592745,-0.3166174014436045,0.6869311922437294,-1.2485096406738496,0,-1.1413989988166242,-0.17929537207418966,0.10581658054593283,0.15714855984979711,-0.9685516024144959,-1.049797607013624,-0.4359107677933857,0.4373454881219115,-0.6770445053719988,0.20332165387468337,-0.3854740183569775,0.13999449838708775,-0.6641068168210102,-0.1583968586316736
2007-05-17,0,3,-0.4108496234684316,5,2007,-0.38976369526393173,0.0,0.0,0.612836270074063,-1.2757594567707242,0.6869311922437294,-1.2485096406738496,0,0.20652255753394735,-1.1402428327396874,-0.1789526405619317,-1.4756728649139885,-0.8207013661407812,-0.5918642520706223,-0.5939155975715799,0.38715614020441286,-0.5142591818112089,-0.31068943376689667,-0.3621396090755765,0.09422123835963986,-0.6634454385082027,-0.15879323000928464
2007-05-18,0,4,-0.4108496234684316,5,2007,-0.3804211502658854,0.0,0.0,-0.6147956290152912,-1.2757594567707244,0.6869311922437294,-1.2485096406738496,0,-0.5817125511676072,0.20475271564189035,-1.1399012227031213,-1.0132470748173226,-0.97768316786491,-0.9724087871972047,-0.10701784147428275,-0.3426208683465138,-0.3115663929697293,-0.489570994400811,-0.2577444240351221,-0.010082827319188963,-0.6116215949734152,-0.15837426421521972
2007-05-19,0,5,-0.4108496234684316,5,2007,-0.3710786052678391,0.0,0.0,-1.3802115985339736,-0.31661740144360484,0.6869311922437294,-1.2485096406738496,1,0.10154374261531611,-0.5817713274574894,0.20509589535825157,-0.2249872803314652,-0.014890991584325436,-0.9210840142502154,-0.2834610097960476,-0.5956101092087135,-0.31533331169744633,-0.4898927338085875,-0.27976557438396094,-0.01733687676519052,-0.5788240392049989,-0.18510015386169493
2007-05-20,0,6,-0.4108496234684316,5,2007,-0.3617360602697928,0.0,0.0,-1.1070378017940468,0.8794131786169637,0.6869311922437294,-1.2485096406738496,1,-0.24389799297063736,0.10000178405043068,-0.5814290656556151,0.10430720385238698,0.9038078921741995,-1.2688712876741532,0.20971365600154987,-0.23327438584929272,-0.2116871208050326,-0.09819803579192603,-0.3018140842938961,-0.12695779259783085,-0.48506347509427566,-0.15623346214144024
2007-05-21,0,0,-0.4108496234684316,5,2007,-0.3523935152717465,0.0,0.0,-0.000979679470614218,1.4116968620477444,0.6869311922437294,-1.2485096406738496,0,0.6772537583603297,-0.24469008202984904,0.10034484151700376,-0.18029765555476124,0.12249492743191309,0.16744603642907607,-0.13276964361361432,0.5529486294231624,-0.3197234932895499,0.06151133395880394,-0.3881124030196861,-0.09624292406954234,-0.5303660073512043,-0.16708598627194313
2007-05-22,0,1,-0.4108496234684316,5,2007,-0.3430509702737002,0.0,0.0,1.105078442852818,0.879413178616964,0.6869311922437294,-1.2485096406738496,0,-0.7727406959296492,0.6744620741819892,-0.24434742683662056,-1.1406916021119253,0.37068671791592184,1.1126272046239405,-0.3313688166466516,0.8374164487010457,-0.2487411234005217,-0.23116115352230576,-0.49630463365355987,-0.17113142934845102,-0.6204533931708257,-0.4260210337318909
2007-05-23,0,2,-0.4108496234684316,5,2007,-0.33370842527565386,0.0,0.0,1.378252239592745,-0.3166174014436045,0.6869311922437294,-1.2485096406738496,0,-0.7508779440683634,-0.7723847968467381,0.6748058020736144,0.20352921711728067,0.16011193240048133,-0.877360411149129,-0.6684443583420782,-0.6173161332040574,-0.3195830571904944,-0.33538905421641346,-0.529399813580562,-0.2345144008271397,-0.5868713815119637,-0.44610716327161576
2007-05-24,0,3,-0.4108496234684316,5,2007,-0.3243658802776076,0.0,0.0,0.612836270074063,-1.2757594567707242,0.6869311922437294,-1.2485096406738496,0,-0.18322586517042125,-0.750569503671656,-0.7720427575007016,-0.582541781281718,-1.472342011200269,-0.9152751273475677,-0.6454593783578163,-0.6658859263468069,-0.3436398852381507,-0.27611567838103923,-0.4558085276337157,-0.5392597293637862,-0.5768641269813233,-0.46772512616618456
2007-05-25,0,4,-0.4108496234684316,5,2007,-0.3150233352795613,0.0,0.0,-0.6147956290152912,-1.2757594567707244,0.6869311922437294,-1.2485096406738496,0,-0.7140651040304596,-0.18414965857741405,-0.7502274388660373,0.09883862297492234,-1.0100202941911953,-0.5236359895196371,-0.3231312933766386,-0.4217833495773844,-0.3490180907129784,-0.28820746652803275,-0.3511390877157778,-0.6526645649650066,-0.5482176571193016,-0.44363151288689173
2007-05-26,0,5,-0.4108496234684316,5,2007,-0.30568079028151496,0.0,0.0,-1.3802115985339736,-0.31661740144360484,0.6869311922437294,-1.2485096406738496,1,0.07195467031516516,-0.7138365753042829,-0.18380693273036106,-0.2456546975878208,-0.22193790466932153,-0.5045588083611217,-0.29145077793600344,-0.38719163527611544,-0.32329032164604743,-0.2736189462846504,-0.3394895184548193,-0.6457806814681402,-0.5288409583240469,-0.43685292177040413
2007-05-27,0,6,-0.4108496234684316,5,2007,-0.29633824528346864,0.0,0.0,-1.1070378017940468,0.8794131786169637,0.6869311922437294,-1.2485096406738496,1,-0.10235248627587605,0.07047694238813655,-0.7134944676294253,0.6729680189751357,0.10728246882600476,-0.8102493720523997,0.37776930875835163,0.12981565638258,-0.26566180914050247,0.07877526165169729,-0.2539381487102502,-0.26164388911057,-0.442140333560335,-0.25376133139918794
2007-05-28,0,0,-0.4108496234684316,5,2007,-0.2869957002854224,0.0,0.0,-0.000979679470614218,1.4116968620477444,0.6869311922437294,-1.2485096406738496,0,0.9943063944222523,-0.10345183600512664,0.07081996539768301,-0.7730454556521295,-0.1772583376950444,-0.7775731174884263,0.39333636622715645,0.10634100038198875,-0.10490410943463524,-0.08502556063893917,-0.22597107350560194,-0.24031126682060458,-0.3992780761472482,-0.26315572721748665
2007-05-29,0,1,-0.4108496234684316,5,2007,-0.27765315528737605,0.0,0.0,1.105078442852818,0.879413178616964,0.6869311922437294,-1.2485096406738496,0,0.11169393968743542,0.9908264665287364,-0.10310901597951538,-0.7512427282759533,-1.1374361389474614,-0.7775731174884263,0.09140455492542084,1.1398572671906648,-0.12712284022122478,0.004488805682349043,-0.20010343257341417,-0.3600308655725613,-0.40356238698475544,-0.25177793550710587
2007-05-30,0,2,-0.4108496234684316,5,2007,-0.26831061028932973,0.0,0.0,1.378252239592745,-0.3166174014436045,0.6869311922437294,-1.2485096406738496,0,-0.8731179058435458,0.1101299475276572,0.9911705636340702,-0.1851491459466732,0.2064821512834505,-1.282034947709221,-0.2728236098068247,0.030656747462189354,-0.08209318571708107,0.009954279127871911,-0.21379606881831245,-0.38215310174717254,-0.33849772016749813,-0.3664966088425743
2007-05-31,0,3,-0.4108496234684316,5,2007,-0.25896806529128347,0.0,0.0,0.612836270074063,-1.2757594567707242,0.6869311922437294,-1.2485096406738496,0,0.06451210412251408,-0.8725441123922792,0.1104730168143241,-0.714530958395307,-0.5794119347598311,0.15091045424656574,-0.7408250151741849,0.19335288553961816,-0.1491539086099648,0.2886072552865512,-0.2621311835417808,-0.20962824555624204,-0.3978522093169623,-0.3049302653044179
2007-06-01,0,4,-0.4108496234684316,6,2007,-0.24962552029323715,0.0,0.0,-0.6147956290152912,-1.2757594567707244,-0.02175668910641042,-1.4376647452035414,0,-1.0830105798894976,0.06305053218608217,-0.8722021899373762,0.06933078787862203,0.10181511870190392,-0.9635655078915947,-0.7510365441830984,0.20898315581947954,-0.3256715213432818,0.47679445139915133,-0.35862143322536943,-0.12528251909669796,-0.39436577506320625,-0.3162714666334486
2007-06-02,0,5,-0.4108496234684316,6,2007,-0.24028297529519083,0.0,0.0,-1.3802115985339736,-0.31661740144360484,-0.02175668910641042,-1.4376647452035414,1,-0.8991856905100551,-1.0819811607870213,0.06339354652862147,-0.10449780602316101,-0.24260067053734088,-0.8171586059220859,-0.835075084296854,-0.14871640617300658,-0.3343356829765019,0.4715991862731936,-0.3495697037353745,-0.12235053951842176,-0.36211323037661325,-0.3523872439177317
2007-06-03,0,6,-0.4108496234684316,6,2007,-0.23094043029714453,0.0,0.0,-1.1070378017940468,0.8794131786169637,-0.02175668910641042,-1.4376647452035414,1,-0.15001978091261942,-0.8985553102750038,-1.0816394827560523,0.9891501826759826,0.6758153017122733,-0.9726079297464498,-0.05198406139660188,1.0755328133601323,-0.3485601198943838,0.3916391206898764,-0.32654514972420623,-0.0037486437757093885,-0.2712863970892204,-0.26961518306913446
2007-06-04,0,0,-0.4108496234684316,6,2007,-0.2215978852990982,0.0,0.0,-0.000979679470614218,1.4116968620477444,-0.02175668910641042,-1.4376647452035414,0,0.9160483408089986,-0.15101565660563224,-0.8982134181765221,0.10896095254175768,-0.7698727345630925,-0.019214662868175997,-0.1420276501760578,1.3995823652762824,-0.5740812316161347,0.5418005992234717,-0.3609001879946463,0.1090422386507296,-0.324595518572222,-0.1764704765033812
2007-06-05,0,1,-0.4108496234684316,6,2007,-0.21225534030105192,0.0,0.0,1.105078442852818,0.879413178616964,-0.02175668910641042,-1.4376647452035414,0,-1.1290471422920227,0.9127382920063182,-0.1506728920894747,-0.8731470785594101,-0.748074914087017,0.8905157562630107,-0.15908257764209116,1.402294231374685,-0.4505620899102643,0.46924107172829177,-0.30716337293787294,0.05249440566228808,-0.37723180505300663,-0.32781524686637686
2007-06-06,0,2,-0.4108496234684316,6,2007,-0.2029127953030056,0.0,0.0,1.378252239592745,-0.3166174014436045,-0.02175668910641042,-1.4376647452035414,0,-0.19355725471300825,-1.1279177890740781,0.9130822979786888,0.06190865535353685,-0.18210873621536242,0.11683007594552366,-0.4363567270274826,0.413445171445857,-0.4244397326889136,0.5254431122092094,-0.2694193750575783,0.09215158983883602,-0.3731173805527163,-0.3192042260927008
2007-06-07,0,3,-0.4108496234684316,6,2007,-0.1935702503049593,0.0,0.0,0.612836270074063,-1.2757594567707242,-0.02175668910641042,-1.4376647452035414,0,0.208228501737036,-0.19445862120057836,-1.1275761646535447,-1.0824634893898322,-0.7113714065207233,0.36259898409767943,-0.38721817982812673,0.21169184422613893,-0.41000712721712423,0.4791639499209795,-0.2973370052722965,0.1750214641053521,-0.43893524286503416,-0.30757369217605723
2007-06-08,0,4,-0.4108496234684316,6,2007,-0.184227705306913,0.0,0.0,-0.6147956290152912,-1.2757594567707244,-0.02175668910641042,-1.4376647452035414,0,-1.003607253113841,0.20645495665742375,-0.19411590738462117,-0.8991432937655658,0.07231392460957096,0.1540798585473173,0.07424516853968857,1.338363736150696,-0.06763013171054029,0.8137140740971953,-0.2093536012896652,0.444539858673312,-0.3994661295205264,-0.14557535957858672
2007-06-09,0,5,-0.4108496234684316,6,2007,-0.1748851603088667,0.0,0.0,-1.3802115985339736,-0.31661740144360484,-0.02175668910641042,-1.4376647452035414,1,0.9844570452256388,-1.002750199210078,0.20679813836038882,-0.15203422944866352,-0.10147554760205843,-1.4624378455436542,-0.2985968394168629,1.5686761435295493,-0.1755130187239679,0.9627277603869628,-0.2711782981660495,0.5062130439414215,-0.36433893779454823,-0.2867640252191277
2007-06-10,0,6,-0.4108496234684316,6,2007,-0.16554261531082037,0.0,0.0,-1.1070378017940468,0.8794131786169637,-0.02175668910641042,-1.4376647452035414,1,-0.7435550332807349,0.9809984978598717,-1.0024084287124537,0.9111069876223298,0.9919263057703782,-1.0046293766061176,-0.060343453406258275,1.0804554467979368,-0.41388589770514983,0.47686208227647103,-0.40517356161193374,0.19547177542882582,-0.334743199381602,-0.35440635803359716
2007-06-11,0,0,-0.4108496234684316,6,2007,-0.15620007031277408,0.0,0.0,-0.000979679470614218,1.4116968620477444,-0.02175668910641042,-1.4376647452035414,0,-0.39539882936360576,-0.7432624891320102,0.9813425834954547,-1.128373657778833,0.11193517014733209,-0.2242403555630857,-0.9665861857624756,-0.214408120719557,-0.4502265346293389,0.619333652014738,-0.5440833274236732,0.35118828614606273,-0.3876822697967334,-0.21857735585763027
2007-06-12,0,1,-0.4108496234684316,6,2007,-0.1468575253147278,0.0,0.0,1.105078442852818,0.879413178616964,-0.02175668910641042,-1.4376647452035414,0,-1.3289810679139065,-0.3958620471672859,-0.7429204157987253,-0.19545217051756328,-0.8699518286988556,0.10176612344897705,-1.11280858508553,-0.1628441043838142,-0.6180433232080025,0.7846703081107095,-0.5675818940716443,0.40864505647827803,-0.4462727614296954,-0.1588253412156245
2007-06-13,0,2,-0.4108496234684316,6,2007,-0.13751498031668147,0.0,0.0,1.378252239592745,-0.3166174014436045,-0.02175668910641042,-1.4376647452035414,0,-1.1168286160758774,-1.3274177070514621,-0.39551956839960734,0.2052304776271606,0.06489346250223703,-0.17999695665547064,-1.3897184674688972,-1.2245602066677683,-0.8562471817513845,0.6545317985127003,-0.6800847389276832,0.4355307508822603,-0.49050458422797916,-0.09442843735782848
2007-06-14,0,3,-0.4108496234684316,6,2007,-0.12817243531863518,0.0,0.0,0.612836270074063,-1.2757594567707242,-0.02175668910641042,-1.4376647452035414,0,-1.1022887750022132,-1.1157257862894405,-1.3270763154577143,-1.0032781655369525,-1.0792211309864033,-1.1308013703935178,-1.0787322105764385,-0.62458413883346,-0.7710900868379439,0.6069933747805011,-0.627255404252773,0.3639542672191822,-0.46147889794656194,-0.1624374144356976
2007-06-15,0,4,-0.4108496234684316,6,2007,-0.11882989032058885,0.0,0.0,-0.6147956290152912,-1.2757594567707244,-0.02175668910641042,-1.4376647452035414,0,-0.5351016428209551,-1.1012175076539974,-1.1153841476402053,0.9793278750026845,-0.8959421932227176,0.19999740498758958,-1.0312984865152268,-0.7132988321593347,-1.1310172449355786,-0.9946460749609195,-0.6365652365902067,0.38271390026653224,-0.519035668860966,-0.14754943904892734
2007-06-16,0,5,-0.4108496234684316,6,2007,-0.10948734532254255,0.0,0.0,-1.3802115985339736,-0.31661740144360484,-0.02175668910641042,-1.4376647452035414,1,-0.9957407649148075,-0.5352615999908533,-1.100875852072846,-0.7439399226403349,-0.14900127252746653,-0.5782246750958305,-0.3010971574050128,1.0728526509217406,-0.8574073330652497,0.37935910620931823,-0.5486520444932764,0.6443872918274821,-0.45471896019504043,-0.023186672308861938
2007-06-17,0,6,-0.4108496234684316,6,2007,-0.10014480032449624,0.0,0.0,-1.1070378017940468,0.8794131786169637,-0.02175668910641042,-1.4376647452035414,1,0.7617544053901203,-0.9949007872326169,-0.5349192839097069,-0.3967395863564516,0.9139006750404476,0.09635214634737589,0.15959748045118433,1.2789747358893084,-0.6690371621312551,0.9539187899301271,-0.5751769741582774,0.5204477023955457,-0.4288955822700688,0.05335576092567572
2007-06-18,0,0,-0.4108496234684316,6,2007,-0.09080225532644993,0.0,0.0,-0.000979679470614218,1.4116968620477444,-0.02175668910641042,-1.4376647452035414,0,0.6409503084752632,0.7587792909777061,-0.9945590075743204,-1.3277586620655815,-1.1251209668786482,-0.2447014086740021,-0.04873779958445113,2.176992309672091,-0.7051342107774385,1.0749789343960465,-0.6136029832663508,0.6539996771504032,-0.49034991892097374,0.20088223723591347
2007-06-19,0,1,-0.4108496234684316,6,2007,-0.08145971032840364,0.0,0.0,1.105078442852818,0.879413178616964,-0.02175668910641042,-1.4376647452035414,0,-1.5275748529994881,0.6382374302060391,0.759123117271911,-1.1161886776940062,-0.19240944199780774,0.6647488607692635,-0.8356656789582181,1.8580730620744335,-0.7288126070360516,1.1288385419826679,-0.7151854076462776,0.7419652320981031,-0.5824757771202093,0.16796248947247763
2007-06-20,0,2,-0.4108496234684316,6,2007,-0.07211716533035734,0.0,0.0,1.378252239592745,-0.3166174014436045,-0.02175668910641042,-1.4376647452035414,0,-1.247099164891272,-1.525580393609822,0.6385811158216197,-1.1016887559534416,0.20818302890933507,-0.7668261704238956,-1.4201026209317444,-0.6005865890549656,-0.6831354551194544,1.0577633365160104,-0.8173150232481043,0.6473557055431141,-0.5862217872225463,0.17432193727983666
2007-06-21,0,3,-0.4108496234684316,6,2007,-0.06277462033231103,0.0,0.0,0.612836270074063,-1.2757594567707242,-0.02175668910641042,-1.4376647452035414,0,-0.8509884933653299,-1.2457135496102614,-1.5252392332822415,-0.5360588438232575,-1.0000536285036157,-0.7452411432638335,-1.3340766829098967,-0.8694435275278977,-0.823614430681415,1.2261040641585632,-0.8466616136718222,0.7076441170239215,-0.6128918144947466,0.24181273653082594
2007-06-22,0,4,-0.4108496234684316,6,2007,-0.05343207533426472,0.0,0.0,-0.6147956290152912,-1.2757594567707244,-0.02175668910641042,-1.4376647452035414,0,-1.307969578791235,-0.8504627374552359,-1.2453720626635103,-0.9954332748891681,0.9821062086958587,-0.18480000491954368,-1.5190640551761674,-0.3240012048200099,-0.9551365658373486,1.5206816413330104,-1.1073606527151334,0.3382002871992408,-0.686430830799894,0.38876751986866576
2007-06-23,0,5,-0.4108496234684316,6,2007,-0.044089530336218416,0.0,0.0,-1.3802115985339736,-0.31661740144360484,-0.02175668910641042,-1.4376647452035414,1,-1.7193311863692742,-1.3064518287318259,-0.8501207892302192,0.7572366683194754,-0.7407737520135591,-0.7088959403772633,-1.918632815189234,-0.7429587034721468,-1.4336744375593202,0.8642886149910494,-1.216068759410619,0.5379558076893362,-0.7418175410734863,0.5568910793550199
2007-06-24,0,6,-0.4108496234684316,6,2007,-0.03474698533817211,0.0,0.0,-1.1070378017940468,0.8794131786169637,-0.02175668910641042,-1.4376647452035414,1,-1.8709995403292805,-1.7169204708874777,-1.306110412669807,0.6367642407096753,-0.3936515562914352,0.06713894696186014,-1.9804309799258046,-0.9964911599673084,-1.816590860792337,-1.0126154585915694,-1.3192696831276138,0.5349428396955868,-0.8154320078617318,0.599626152537202
2007-06-25,0,0,-0.4108496234684316,6,2007,-0.025404440340125803,0.0,0.0,-0.000979679470614218,1.4116968620477444,-0.02175668910641042,-1.4376647452035414,0,-1.465726683504173,-1.8682595899522925,-1.7165795338637242,-1.5258072051902523,-1.3244610977749842,-0.10495396856325492,-1.641670703346019,-0.09755046772722394,-1.6942598333404104,-0.8006164772134083,-1.2735251562432521,0.5107438756924055,-0.8514425103410445,0.5864612632985976
2007-06-26,0,1,-0.4108496234684316,6,2007,-0.0160618953420795,0.0,0.0,1.105078442852818,0.879413178616964,-0.02175668910641042,-1.4376647452035414,0,-0.8545508057092728,-1.4638664813611237,-1.8679188295491662,-1.246101566930807,-1.1129387291332988,0.977773945808278,-1.3287345466192055,-0.6889023525782348,-1.6624591350874047,-0.7581113246536265,-1.2692165198206842,0.5080875340747864,-0.9503710233765936,0.3661295607020235
2007-06-27,0,2,-0.4108496234684316,6,2007,-0.006719350344033193,0.0,0.0,1.378252239592745,-0.3166174014436045,-0.02175668910641042,-1.4376647452035414,0,-1.0721424503872294,-0.8540173168904962,-1.4635252490101962,-0.8510784226866854,-1.0984420707306746,0.1063734044612569,-0.8157006331267632,-0.19441968065826445,-1.5361474277658382,-0.11099859056083891,-1.1779816133002052,0.6074735173495349,-0.9631895858208934,0.33369118142872345
2007-06-28,0,3,-0.4108496234684316,6,2007,0.0026231946540131125,0.0,0.0,0.612836270074063,-1.2757594567707242,-0.02175668910641042,-1.4376647452035414,0,-0.15606408822939283,-1.0711366233353306,-0.8536753728138586,-1.306804860274495,-0.532939458704963,-0.8659282787032911,-0.6662199190392916,-0.23361538258509107,-1.3843732886087379,0.102927187541797,-1.1719898694203934,0.615961143358465,-0.9440325281282834,0.3328170836866725
2007-06-29,0,4,-0.4108496234684316,6,2007,0.011965739652059418,0.0,0.0,-0.6147956290152912,-1.2757594567707244,-0.02175668910641042,-1.4376647452035414,0,-0.47295946290185364,-0.1570468432097851,-1.0707949326482218,-1.7170370689165972,-0.9922105034191044,0.05979092442434027,-0.42467473784128645,-1.0744577195473946,-1.1546608428687652,-0.008475545425883859,-1.119902868860977,0.6405014393260242,-0.96892889621318,0.28629651091327946
2007-06-30,0,5,-0.4108496234684316,6,2007,0.021308284650105723,0.0,0.0,-1.3802115985339736,-0.31661740144360484,-0.02175668910641042,-1.4376647452035414,1,-0.4555307984782634,-0.4732543155430776,-0.15670408573233618,-1.8682890153304879,0.7600649856383507,-1.0731546653322552,-0.5221108040147359,-1.4924927371521035,-0.8881591103660336,-0.5723744042049316,-1.232381650488584,0.14954233804183062,-0.9364603110977561,0.2754413794038572
2007-07-01,0,6,0.47435882098931514,7,2007,0.03065082964815203,0.0,0.0,-1.1070378017940468,0.8794131786169637,-0.7304445704565504,-1.2485096406738498,1,-0.4047969067469836,-0.45586348448653463,-0.47291192709620355,-1.4641288406926105,0.6396196714330785,-0.8916649217205697,-0.7020841481355148,-0.743711151805662,-0.791218432504106,-1.0174363361430276,-1.3840831648286829,-0.492643209536286,-0.9380500085865711,0.2771445234681335
2007-07-02,0,0,0.47435882098931514,7,2007,0.039993374646198336,0.0,0.0,-0.000979679470614218,1.4116968620477444,-0.7304445704565504,-1.2485096406738498,0,-0.9323917747678659,-0.405239723623631,-0.45552107574365575,-0.8546309546532265,-1.5224650682918601,-0.1520157408373456,-0.9288149117733082,-0.6065549994208712,-0.8238946814808594,-0.919370474886425,-1.3365240068138617,-0.5717603604298537,-0.9803849309529209,0.26461562093710594
2007-07-03,0,1,0.47435882098931514,7,2007,0.04933591964424464,0.0,0.0,1.105078442852818,0.879413178616964,-0.7304445704565504,-1.2485096406738498,0,-1.0343245049471044,-0.9316893122467945,-0.4048972558001888,-1.0716251984861822,-1.2428223803046836,0.9005100119973252,-1.1132264207643219,-1.3606011981891164,-0.788163015251682,-1.038152309379062,-1.300700122709212,-0.5908280149461831,-1.066155763537702,0.00042074202509302335
2007-07-04,0,2,0.47435882098931514,7,2007,0.05867846464229094,0.0,0.0,1.378252239592745,-0.3166174014436045,-0.7304445704565504,-1.2485096406738498,0,-0.8755588761060867,-1.0334007714036944,-0.9313474588174174,-0.1580619420367936,-0.847888139575834,-1.1186064207251354,-1.1287974958838798,-1.3618952755119984,-0.9364958485832933,-1.2240429879235173,-1.3123816663969927,-0.5948531420413182,-1.0586441032940421,-0.009960796955644122
2007-07-05,0,3,0.47435882098931514,7,2007,0.06802100964033725,0.0,0.0,0.612836270074063,-1.2757594567707242,-0.7304445704565504,-1.2485096406738498,0,-0.9721413003176997,-0.8749797839054928,-1.033059036676883,-0.4740872761114806,-1.303512011825652,-0.19500015379800265,-1.0683599755372202,-1.4365438463349764,-1.0104882736219538,-1.3061819327904438,-1.2711208111995538,-0.6308641753721723,-1.0915085988619988,-0.040511166705897154
2007-07-06,0,4,0.47435882098931514,7,2007,0.07736355463838356,0.0,0.0,-0.6147956290152912,-1.2757594567707244,-0.7304445704565504,-1.2485096406738498,0,-0.8800408257058001,-0.9713525513002261,-0.874637864293145,-0.4567064623251209,-1.713651894015602,0.20168167841258436,-1.0619236990235366,-1.4201038952866594,-1.083847493417535,-1.4823889022747683,-1.1881801369233305,-0.8430514255501821,-1.1426069066232953,-0.14497780668852328
2007-07-07,0,5,0.47435882098931514,7,2007,0.08670609963642986,0.0,0.0,-1.3802115985339736,-0.31661740144360484,-0.7304445704565504,-1.2485096406738498,1,-0.8591284796330054,-0.8794520042890038,-0.971010744159913,-0.4061118611894672,-1.8648697998171286,-0.9947600068772593,-0.8243492959909682,-0.7435459776262758,-1.0767349642592596,-1.4306225487286202,-1.043036017147853,-1.1805967797413308,-1.1120663186681967,-0.1311822038779004
2007-07-08,0,6,0.47435882098931514,7,2007,0.09604864463447617,0.0,0.0,-1.1070378017940468,0.8794131786169637,-0.7304445704565504,-1.2485096406738498,1,-0.3656661705774247,-0.8585850538039355,-0.8791100898959701,-0.9322582102635845,-1.4608005850654804,0.9680497138695575,-0.8030624430602521,-0.7885553995020554,-1.057342354616461,-1.442825472706458,-0.9813247141150424,-1.4193634411155638,-1.1987252083490656,-0.5075971217419806
2007-07-09,0,0,0.47435882098931514,7,2007,0.10539118963252248,0.0,0.0,-0.000979679470614218,1.4116968620477444,-0.7304445704565504,-1.2485096406738498,0,-0.8257001781944253,-0.3661939307100986,-0.8582431150580846,-1.0339110827339828,-0.85143987201307,-0.7380112561368808,-0.7289809807407629,-0.9108975975516367,-0.9911242483179007,-1.4933394211094568,-0.9635317696718174,-1.4276428786523532,-1.1952045676940772,-0.5052811022256124
2007-07-10,0,1,0.47435882098931514,7,2007,0.11473373463056878,0.0,0.0,1.105078442852818,0.879413178616964,-0.7304445704565504,-1.2485096406738498,0,-0.6700148213513827,-0.8252293170305158,-0.36585141731818427,-0.8755813471046144,-1.0683852793377058,-0.39427771494426006,-1.0302257737629477,-0.9035111303428125,-1.038222538989082,-1.3461210191848927,-0.9695614213772433,-1.4025258653898347,-1.2305965726123655,-0.5197574969170367
2007-07-11,0,2,0.47435882098931514,7,2007,0.12407627962861509,0.0,0.0,1.378252239592745,-0.3166174014436045,-0.7304445704565504,-1.2485096406738498,0,-1.1346777837799917,-0.6698819150132805,-0.8248873393567844,-0.9718986029458074,-0.1550276285246071,-1.3160005658971408,-1.2757899449354808,-0.4435142980393109,-1.1255470724578336,-0.9837524040013665,-1.094570552353109,-1.3494626017289173,-1.2365132980234803,-0.5029772331369124
2007-07-12,0,3,0.47435882098931514,7,2007,0.13341882462666138,0.0,0.0,0.612836270074063,-1.2757594567707242,-0.7304445704565504,-1.2485096406738498,0,-1.452571426402966,-1.1335362078167495,-0.669539756041047,-0.8800509914502262,-0.4709818382524714,-1.1065431076571017,-1.3498325699643121,-0.726276913190316,-1.1217279562419706,-0.9832689854415778,-1.1317953778391308,-1.4104389238473847,-1.2241714975255324,-0.5117226360186218
2007-07-13,0,4,0.47435882098931514,7,2007,0.1427613696247077,0.0,0.0,-0.6147956290152912,-1.2757594567707244,-0.7304445704565504,-1.2485096406738498,0,-0.859029336583124,-1.450739781105032,-1.133194589953203,-0.8591960605104131,-0.45360493617474557,-1.0921879676239856,-1.4261290970681582,-0.6787534953686948,-1.2072143924496515,-0.8410241228050628,-1.2160582111461027,-1.3890256291466905,-1.2350463507783191,-0.49090204698518797
2007-07-14,0,5,0.47435882098931514,7,2007,0.152103914622754,0.0,0.0,-1.3802115985339736,-0.31661740144360484,-0.7304445704565504,-1.2485096406738498,1,-1.3294460146305767,-0.8584861259693628,-1.4503985334345622,-0.3670885589927881,-0.4030217218096147,-0.5322058697322097,-1.0472525776736776,-0.3574370235200047,-1.2289745310189764,-0.946577023538275,-1.2238283264970922,-1.4268965533183866,-1.2326661417203721,-0.48656501273391034
2007-07-15,0,6,0.47435882098931514,7,2007,0.16144645962080031,0.0,0.0,-1.1070378017940468,0.8794131786169637,-0.7304445704565504,-1.2485096406738498,1,-0.4853831126694725,-1.327881644482546,-0.858144187108058,-0.825859536931943,-0.9290496569106225,-0.9869934474565708,-1.0659159046596758,-0.36014128710675153,-1.2436923584795532,-0.9613307587084651,-1.2213484954354301,-1.427299985243201,-1.2284021255898154,-0.48873657251210817
2007-07-16,0,0,0.47435882098931514,7,2007,0.1707890046188466,0.0,0.0,-0.000979679470614218,1.4116968620477444,-0.7304445704565504,-1.2485096406738498,0,-0.9066727001388626,-0.4856509966061359,-1.3275402534302376,-0.6706016163715294,-1.030679651486822,0.7481760877145898,-1.0262134798730191,-0.5052908990811867,-1.3451307199032136,-1.0290999115636752,-1.2400317793306757,-1.3834677936074646,-1.3236635160129486,-0.8404598160301467
2007-07-17,0,1,0.47435882098931514,7,2007,0.18013154961689293,0.0,0.0,1.105078442852818,0.879413178616964,-0.7304445704565504,-1.2485096406738498,0,-1.2280944678471877,-0.9060260674373865,-0.4853086226268337,-1.1339888402633655,-0.8723855493900063,0.6289065772019915,-1.4069113342776083,-0.7862041309962369,-1.4037571986701756,-0.906515096724168,-1.296115583242829,-1.2567533548892054,-1.4241106950629845,-1.2069019925383717
2007-07-18,0,2,0.47435882098931514,7,2007,0.18947409461493922,0.0,0.0,1.378252239592745,-0.3166174014436045,-0.7304445704565504,-1.2485096406738498,0,-1.4572208935697004,-1.2267501071145128,-0.9056841840576672,-1.4510097015302155,-0.9686811281655632,-1.5120715944707457,-1.5975006509168992,-1.2499536057319012,-1.392966610793758,-0.9391976389076878,-1.3367145348417273,-1.179238291288005,-1.4176779276275486,-1.2294698949934413
2007-07-19,0,3,0.47435882098931514,7,2007,0.19881663961298554,0.0,0.0,0.612836270074063,-1.2757594567707242,-0.7304445704565504,-1.2485096406738498,0,-1.393205251880469,-1.4553791554159046,-1.2264085980364374,-0.859097189659135,-0.876854187801915,-1.235158816794602,-1.7152097828132258,-1.3978643267085769,-1.5146662971986107,-0.8808918528821378,-1.3992466247073876,-1.0762309985845855,-1.4311534493758848,-1.1898714034401097
2007-07-20,0,4,0.47435882098931514,7,2007,0.20815918461103183,0.0,0.0,-0.6147956290152912,-1.2757594567707244,-0.7304445704565504,-1.2485096406738498,0,-1.528579958401714,-1.3915024760252137,-1.455037913159826,-1.3282223322646638,-0.8560039504520809,-0.8440799783425144,-1.4535334928857817,-0.4432553665605273,-1.4164728796212303,-0.8016047608891813,-1.3925059540467566,-1.0646290134786234,-1.4281963141727645,-1.1861462040798656
2007-07-21,0,5,0.47435882098931514,7,2007,0.21750172960907813,0.0,0.0,-1.3802115985339736,-0.31661740144360484,-0.7304445704565504,-1.2485096406738498,1,-0.7892189545647432,-1.5265833171740895,-1.3911611592217261,-0.4864768165782568,-0.36400720215844806,-1.295255987800853,-1.250530974622407,-0.4118051300416409,-1.4872880932684638,-1.1141615457534924,-1.4416143884127424,-1.2486894076967059,-1.4074677260274002,-1.202319807400942
2007-07-22,0,6,0.47435882098931514,7,2007,0.22684427460712445,0.0,0.0,-1.1070378017940468,0.8794131786169637,-0.7304445704565504,-1.2485096406738498,1,-0.8749845301619551,-0.7888272852132624,-1.526242158016973,-0.9066097477067439,-0.8226749295583933,-1.7013920281545827,-0.7819349569429211,-0.7418721350370754,-1.3828987095686671,-0.6366735959701996,-1.3940463302997337,-1.0537277812897383,-1.3410681912271536,-1.2374909932971199
2007-07-23,0,0,0.47435882098931514,7,2007,0.23618681960517074,0.0,0.0,-0.000979679470614218,1.4116968620477444,-0.7304445704565504,-1.2485096406738498,0,-0.332357524543873,-0.8744066847259088,-0.7884852650564655,-1.22714904754313,-0.6674519511908936,-1.8511337239996408,-0.861888885453111,-0.56393635242877,-1.340226020213687,-0.6502201304967526,-1.4252197482847602,-1.1084670930218687,-1.2990506191573976,-1.4079506518051972
2007-07-24,0,1,0.47435882098931514,7,2007,0.24552936460321706,0.0,0.0,1.105078442852818,0.879413178616964,-0.7304445704565504,-1.2485096406738498,0,-0.9933237257332714,-0.33295758959909333,-0.8740647644447245,-1.4556464035210703,-1.1307348856158053,-1.4510090883952649,-1.0192227675547836,-0.17701423558490048,-1.3074000141578548,-0.7355220473226809,-1.4389061214975998,-1.0916602433265021,-1.289997543187427,-1.4437996238149573
2007-07-25,0,2,0.47435882098931514,7,2007,0.2548719096012634,0.0,0.0,1.378252239592745,-0.3166174014436045,-0.7304445704565504,-1.2485096406738498,0,-1.2766232814001197,-0.9924889948518855,-0.3326150374186394,-1.39180651765415,-1.4476843984834744,-0.8475970382800966,-1.6253068118102876,-0.2705490918642388,-1.3958008101202373,-0.36593236324965595,-1.4800759979135645,-0.9020308545467972,-1.3390683442575422,-1.265013240872299
2007-07-26,0,3,0.47435882098931514,7,2007,0.26421445459930964,0.0,0.0,0.612836270074063,-1.2757594567707242,-0.7304445704565504,-1.2485096406738498,0,-1.8795566111516067,-1.2751735764843857,-0.9921472123789018,-1.52680955106181,-0.855905101852578,-1.0624245947549582,-1.6698478273260204,-0.4070491467119265,-1.3191780045183252,-0.4968686013738436,-1.5039879246773562,-0.9236305050102588,-1.3407384022392024,-1.2629928467965468
2007-07-27,0,4,0.47435882098931514,7,2007,0.27355699959735597,0.0,0.0,-0.6147956290152912,-1.2757594567707244,-0.7304445704565504,-1.2485096406738498,0,-1.1070271290412648,-1.8767980854671025,-1.2748321239190188,-0.789478473002121,-1.3249246636209135,-0.15798326671991045,-1.4172514281107638,0.24824466003501724,-1.2905650814341079,-0.43456958328494744,-1.4367209825759246,-0.8702335890477358,-1.3635136461137571,-1.360045795742637
2007-07-28,0,5,0.47435882098931514,7,2007,0.2828995445954023,0.0,0.0,-1.3802115985339736,-0.31661740144360484,-0.7304445704565504,-1.2485096406738498,1,-0.6318003037117427,-1.1059455758855308,-1.8764573350288447,-0.8750085780351503,-0.48336859034161417,-0.4708530880764618,-0.6476690862745015,0.16136068689047986,-1.116071985562372,0.13022293021535433,-1.3817229906426496,-0.561397935667715,-1.3368012290907476,-1.2072590051109606
2007-07-29,0,6,0.47435882098931514,7,2007,0.2922420895934486,0.0,0.0,-1.1070378017940468,0.8794131786169637,-0.7304445704565504,-1.2485096406738498,1,0.0850176218182193,-0.6317503517433648,-1.1056039258222812,-0.33387136230379066,-0.9034069667712106,-0.4536458217024164,-1.0517001170623472,1.7276306903512801,-1.4443494452834174,0.493394676471946,-1.500488867556588,-0.2520734051012615,-1.4173677786785814,-1.0154265054192624
2007-07-30,0,0,0.47435882098931514,7,2007,0.30158463459149487,0.0,0.0,-0.000979679470614218,1.4116968620477444,-0.7304445704565504,-1.2485096406738498,0,-2.138429370563745,0.0835115374189491,-0.6314081482696128,-0.9930228717218577,-1.223874126352137,-0.4035564076202627,-1.5443297215738312,1.971694620584906,-1.6072186576644398,0.6656356657514272,-1.5642495006053958,-0.11203414206664672,-1.488440006087257,-0.9512469467773412
2007-07-31,0,1,0.47435882098931514,7,2007,0.3109271795895412,0.0,0.0,1.105078442852818,0.879413178616964,-0.7304445704565504,-1.2485096406738498,0,-1.8893751918155153,-2.1351088954442554,0.08385457564054626,-1.27554462457282,-1.4523200569427988,-0.9244491858027766,-2.086397857874571,-0.33312458876352286,-1.6112428354408685,0.6660364865935259,-1.548970998716785,-0.12944393268435628,-1.50597954290249,-0.9427233260495428
2007-08-01,0,2,0.47435882098931514,8,2007,0.3202697245875875,0.0,0.0,1.378252239592745,-0.3166174014436045,-1.2492401063131973,-0.7317282845877303,0,-1.2987629500559028,-1.88659535239422,-2.1347684464681547,-1.8768225925975008,-1.3884945388169865,-1.025087054419593,-1.5886457486471406,-0.09408103038407117,-1.4273386567365207,0.5224246511594598,-1.4983093324004402,-0.13020143123787445,-1.4980063417426919,-0.9380048349175346
2007-08-02,0,3,0.47435882098931514,8,2007,0.3296122695856338,0.0,0.0,0.612836270074063,-1.2757594567707242,-1.2492401063131973,-0.7317282845877303,0,-0.8677778560534942,-1.2972651853353436,-1.8862546133898828,-1.1064141007764865,-1.5234671885764546,-0.8683382410789403,-1.2186201138716681,-0.9230177107411182,-1.3978483187325517,0.5333722878296677,-1.4420195076969076,-0.17295527300912347,-1.5013202709873668,-0.9407988322877553
2007-08-03,0,4,0.47435882098931514,8,2007,0.3389548145836801,0.0,0.0,-0.6147956290152912,-1.2757594567707244,-1.2492401063131973,-0.7317282845877303,0,-0.9447812372769085,-0.8672156545440339,-1.2969237585520341,-0.6324920172142283,-0.7863020535145719,-0.963693769194498,-1.0505269630411262,-1.4675572659833236,-1.4410821310850783,0.46274150867696157,-1.44977544881745,-0.18258385234930746,-1.4964140255820122,-0.9370180305822923
2007-08-04,0,5,0.47435882098931514,8,2007,0.3482973595817264,0.0,0.0,-1.3802115985339736,-0.31661740144360484,-1.2492401063131973,-0.7317282845877303,1,-0.8696581552753431,-0.944051880263452,-0.8668737258705432,0.08235787486915007,-0.8718129092273783,-0.8727632560291924,-0.996606072223306,-1.277184974291337,-1.5892459439788928,-0.20359586091145812,-1.4358085576950699,-0.16351031619113815,-1.4892372280030417,-0.9263927395696975
2007-08-05,0,6,0.47435882098931514,8,2007,0.35763990457977274,0.0,0.0,-1.1070378017940468,0.8794131786169637,-1.2492401063131973,-0.7317282845877303,1,-0.7301296968367528,-0.8690918720962327,-0.943710041261835,-2.134984613297914,-0.33079748129864234,-0.8521165615588038,-1.1521681703408755,-0.6571956483125044,-1.444465646834409,-0.7584823057609894,-1.5331482723056702,-0.2978270702673698,-1.5123491348791922,-0.9178744506325657
2007-08-06,0,0,0.47435882098931514,8,2007,0.366982449577819,0.0,0.0,-0.000979679470614218,1.4116968620477444,-1.2492401063131973,-0.7317282845877303,0,-1.3418970142050701,-0.7298662958093295,-0.8687499456123855,-1.8866142162135227,-0.9898006427347292,-0.3649227530660608,-1.1345199697796349,-0.6316314804637337,-1.2509297887701731,-1.359958226849854,-1.516880540985177,-0.2784935479648013,-1.5343202828243179,-0.9834335437427673
2007-08-07,0,1,0.47435882098931514,8,2007,0.3763249945758653,0.0,0.0,1.105078442852818,0.879413178616964,-1.2492401063131973,-0.7317282845877303,0,-0.8246061859199001,-1.3403056159827387,-0.7295242068419898,-1.2976235084646357,-1.2722588115214786,-0.8191129031426735,-0.9077972414433545,0.15222734613451994,-1.0423734820938595,-0.9458480303880447,-1.4083824106802647,-0.07240022197416418,-1.5020369687433155,-0.867112761010713
2007-08-08,0,2,0.47435882098931514,8,2007,0.38566753957391164,0.0,0.0,1.378252239592745,-0.3166174014436045,-1.2492401063131973,-0.7317282845877303,0,-0.15135650272305431,-0.8241376995456051,-1.3399642394298514,-0.8678216899493025,-1.8734014565257449,-0.6654052327998703,-0.6812124524497559,-0.5057659216934891,-1.0234152301202621,-0.9466544404964352,-1.3007700049616473,-0.24844101908525013,-1.5065112969579997,-0.8762242996574272
2007-08-09,0,3,0.47435882098931514,8,2007,0.39501008457195796,0.0,0.0,0.612836270074063,-1.2757594567707242,-1.2492401063131973,-0.7317282845877303,0,-0.7634759488547456,-0.15234947672000684,-0.8237957205978993,-0.9446136573333717,-1.1031663520723216,-1.1241655356168705,-0.6932921890609548,-0.475254586521562,-1.0071768401181593,-0.9626203974929529,-1.276512292901606,-0.25202935025034556,-1.493143304423104,-0.8723388403770933
2007-08-10,0,4,0.47435882098931514,8,2007,0.40435262957000423,0.0,0.0,-0.6147956290152912,-1.2757594567707244,-1.2492401063131973,-0.7317282845877303,0,-0.855443093158181,-0.7631401612713827,-0.1520067137604868,-0.8696968267838472,-0.6293509289420092,-1.4380209438273353,-0.9983457150013492,-1.3517734697615318,-1.0181613043791091,-0.9516069920707557,-1.3052734546445426,-0.27887291697715666,-1.4681302417732403,-0.8977726423266665
2007-08-11,0,5,0.47435882098931514,8,2007,0.41369517456805055,0.0,0.0,-1.3802115985339736,-0.31661740144360484,-1.2492401063131973,-0.7317282845877303,1,-0.9300909722654944,-0.8549076674016252,-0.7627981111363756,-0.7305514456417048,0.08533807973688014,-0.8520186779328996,-1.0209999084065602,-1.4332611166344904,-1.034734006864797,-0.9564181897700901,-1.3926612113151404,-0.597889264281553,-1.4663243401886021,-0.8957432407486612
2007-08-12,0,6,0.47435882098931514,8,2007,0.42303771956609687,0.0,0.0,-1.1070378017940468,0.8794131786169637,-1.2492401063131973,-0.7317282845877303,1,-0.8213071154670138,-0.9293935042238313,-0.854565724364073,-1.3406391474490447,-2.131505375538992,-1.3164596063496412,-0.9070164779794502,-1.04634317140046,-0.8934260854792154,-1.2571742314417391,-1.2409000333538587,-0.9969662885728954,-1.4297020504949178,-0.8822695178919265
2007-08-13,0,0,0.47435882098931514,8,2007,0.4323802645641432,0.0,0.0,-0.000979679470614218,1.4116968620477444,-1.2492401063131973,-0.7317282845877303,0,-0.5644684979403344,-0.8208457905676504,-0.9290516481151266,-0.8247685482282129,-1.8831908764487109,-0.4831189189911882,-0.8233140813124166,-1.217988345920383,-0.8737613032196672,-1.2762411545880312,-1.127803518985383,-1.4384782714228699,-1.4407625021161097,-0.9097581236820877
2007-08-14,0,1,0.47435882098931514,8,2007,0.44172280956218946,0.0,0.0,1.105078442852818,0.879413178616964,-1.2492401063131973,-0.7317282845877303,0,-0.7164171874207008,-0.5645647068515163,-0.8205038077781155,-0.15336728127103308,-1.2943327263616835,-0.8990568231248767,-0.9240633701439749,-0.8227690650074582,-1.042281515090936,-1.6410227882288175,-1.1065655772770473,-1.5260634030240603,-1.4489884051108428,-0.9103298219524392
2007-08-15,0,2,0.47435882098931514,8,2007,0.4510653545602358,0.0,0.0,1.378252239592745,-0.3166174014436045,-1.2492401063131973,-0.7317282845877303,0,-1.0784978617570653,-0.7161835528968526,-0.5642224249686204,-0.7638061450673973,-0.8646276386154027,-1.216395538298462,-0.9575732558962521,-0.9207579887733641,-1.0216579146860787,-1.5985373935485303,-1.0855685974863094,-1.5132135260575055,-1.4213134625105954,-0.9002523666669853
2007-08-16,0,3,0.47435882098931514,8,2007,0.4604078995582821,0.0,0.0,0.612836270074063,-1.2757594567707242,-1.2492401063131973,-0.7317282845877303,0,-0.6500118563568065,-1.0774782386617492,-0.71584144796104,-0.8555207923147049,-0.9414023232758022,-1.4426113483523708,-1.0878228150239901,-0.895321467440017,-1.0568241081270329,-1.5124466818603042,-1.0956092267749213,-1.4910719116278872,-1.40176638637715,-0.9340474297359027
2007-08-17,0,4,0.47435882098931514,8,2007,0.46975044455632836,0.0,0.0,-0.6147956290152912,-1.2757594567707244,-1.2492401063131973,-0.7317282845877303,0,-1.0489156269086441,-0.6499223715625634,-1.0771365553756356,-0.9299637246460416,-0.8665023534335196,-1.3794089036968245,-1.0418193746324824,-0.9823195349648491,-1.062453358663884,-1.5017202608576872,-1.1044223017801826,-1.4808372337836506,-1.3810780603117039,-0.9621088342338485
2007-08-18,0,5,0.47435882098931514,8,2007,0.4790929895543747,0.0,0.0,-1.3802115985339736,-0.31661740144360484,-1.2492401063131973,-0.7317282845877303,1,-0.9610612098122256,-1.0479602196087496,-0.6495801892965041,-0.8214785354185059,-0.727388288212223,-1.5130639319195454,-1.6069019536896985,0.2473105483408877,-1.293517346507584,-0.35158887364671504,-1.2357861028619512,-0.8496137671545245,-1.4080770582368975,-0.8197673303617562
2007-08-19,0,6,0.47435882098931514,8,2007,0.488435534552421,0.0,0.0,-1.1070378017940468,0.8794131786169637,-1.2492401063131973,-0.7317282845877303,1,-2.092543232098972,-0.9602965129608172,-1.047618501873572,-0.565345071839104,-1.3373386842892403,-0.7830951041082626,-1.2963388893437024,1.1171711422177533,-1.2374702936130662,-0.14957707903764203,-1.131095236781708,-0.7930028727641434,-1.3825554822443236,-0.7518128731298304
2007-08-20,0,0,0.47435882098931514,8,2007,0.4977780795504673,0.0,0.0,-0.000979679470614218,1.4116968620477444,-1.2492401063131973,-0.7317282845877303,0,-0.25611651918677714,-2.089322364561379,-0.9599546929175319,-0.7168765841083385,-0.8215841863914939,-0.867771191108195,-1.0760711865579828,1.3958292128706848,-1.1797330363405534,-0.020670583277412172,-1.0900357875099207,-0.7340605411095561,-1.3597571613239616,-0.7099631083825745
2007-08-21,0,1,0.47435882098931514,8,2007,0.5071206245485136,0.0,0.0,1.105078442852818,0.879413178616964,-1.2492401063131973,-0.7317282845877303,0,-0.3987662743336387,-0.25688208481448105,-2.0889818621500145,-1.0779631609869298,-0.15033402433452112,-0.33203723006050345,-0.8788072127933868,0.5472073214455371,-1.2725184213070242,0.16216601274197723,-1.2286505315484058,-0.7224337784023049,-1.419915910069847,-0.7115588322245361
2007-08-22,0,2,0.47435882098931514,8,2007,0.5164631695465599,0.0,0.0,1.378252239592745,-0.3166174014436045,-1.2492401063131973,-0.7317282845877303,0,-1.5889717506815686,-0.3992221822380365,-0.25653944384995425,-0.6506535697917112,-0.7606355033683951,-0.9846071121630355,-1.0210896359401471,0.25825585722164585,-1.2669419896569796,0.17248294767801867,-1.2147522041453938,-0.702789379774067,-1.402011559530474,-0.6936854305628823
2007-08-23,0,3,0.47435882098931514,8,2007,0.5258057145446062,0.0,0.0,0.612836270074063,-1.2757594567707242,-1.2492401063131973,-0.7317282845877303,0,-0.6193322105079625,-1.586844013646002,-0.3988797073918104,-1.048462144570042,-0.852329509408571,-1.2643078855286618,-1.1727760402935463,-0.07773962559436941,-1.2191514608692215,0.18676370728338815,-1.2080553747091696,-0.6994457347601204,-1.3785230549067933,-0.7025456829687031
2007-08-24,0,4,0.47435882098931514,8,2007,0.5351482595426525,0.0,0.0,-0.6147956290152912,-1.2757594567707244,-1.2492401063131973,-0.7317282845877303,0,-0.785988258629027,-0.6193093237199733,-1.5865029248162539,-0.9608489329807932,-0.9267556876877265,-1.8595820935041933,-0.4938827897917962,-0.143721741595205,-1.0182750203354183,0.6250811453199346,-1.1044826246678954,-0.4061500472745718,-1.281643488938318,-0.6716066624365279
2007-08-25,0,5,0.47435882098931514,8,2007,0.5444908045406989,0.0,0.0,-1.3802115985339736,-0.31661740144360484,-1.2492401063131973,-0.7317282845877303,1,0.14409320464277725,-0.7856036023281268,-0.6189671057268941,-2.089224455855681,-0.8182949140287918,-1.0968661298826,-0.5333414770991636,-0.07613810310152876,-0.7688083109276516,-0.2675770067516129,-1.0947205354892293,-0.4037707922173786,-1.2631180221660558,-0.674768064213345
2007-08-26,0,6,0.47435882098931514,8,2007,0.5538333495387451,0.0,0.0,-1.1070378017940468,0.8794131786169637,-1.2492401063131973,-0.7317282845877303,1,-0.7200615491852275,0.14245888160431974,-0.7852615784091241,-0.25783967767264204,-0.5622190955915108,-0.6276761579608996,-0.39768282083477347,-0.3049826275355929,-0.8021736910276391,-0.3242549629766608,-1.0826885916394737,-0.3830653429565767,-1.2539205919095495,-0.6571718274005107
2007-08-27,0,0,0.47435882098931514,8,2007,0.5631758945367914,0.0,0.0,-0.000979679470614218,1.4116968620477444,-1.2492401063131973,-0.7317282845877303,0,-0.4396815854010247,-0.7198200036434758,0.14280198862053503,-0.40009778596013074,-0.7137165043295688,0.08003595849878814,-0.6954523459516281,-1.1810807271170227,-0.8416673047951878,-0.3595140604712264,-1.0730108885769556,-0.37591378489670374,-1.2874831271964184,-0.7769331555761735
2007-08-28,0,1,0.47435882098931514,8,2007,0.5725184395348377,0.0,0.0,1.105078442852818,0.879413178616964,-1.2492401063131973,-0.7317282845877303,0,-0.6160468149585265,-0.4400486761738372,-0.7194779029515903,-1.5870355368476126,-1.0747218154229277,-2.115166366626094,-0.7984890172811792,-0.7842590876956546,-0.7315405471902416,-0.9258970704824773,-1.063811813016967,-0.38840311831627733,-1.2321728494078743,-1.0150880286898665
2007-08-29,0,2,0.47435882098931514,8,2007,0.581860984532884,0.0,0.0,1.378252239592745,-0.3166174014436045,-1.2492401063131973,-0.7317282845877303,0,-0.983091479240569,-0.6160310599605986,-0.43970624897425403,-0.6200581553313542,-0.6475083940985638,-1.869275947765926,-1.178099427547378,-0.43430692691270606,-0.8750264709084924,-0.48531193712174836,-1.136968642318952,-0.30095146976257625,-1.2091632344014356,-1.1418246750970404
2007-08-30,0,3,0.47435882098931514,8,2007,0.5912035295309304,0.0,0.0,0.612836270074063,-1.2757594567707242,-1.2492401063131973,-0.7317282845877303,0,-1.4087433609046385,-0.982278960063297,-0.615688838141615,-0.7862566469864093,-1.0452274384754017,-1.2861663117817668,-1.1843080371847952,-0.4568335663692861,-0.8470181687286079,-0.4917716089893626,-1.0967596468739724,-0.3040638278144853,-1.177237860030928,-1.1731608028549856
2007-08-31,0,4,0.47435882098931514,8,2007,0.6005460745289767,0.0,0.0,-0.6147956290152912,-1.2757594567707244,-1.2492401063131973,-0.7317282845877303,0,-0.6318960280357575,-1.4070068556156385,-0.9819371656746714,0.14127126487076877,-0.9576339450282622,-0.8606560640943673,-0.9949307118573812,-0.15767664396554934,-0.9640275379845297,-1.0061151611834689,-1.0522706931005887,-0.2884863710267381,-1.1596143620490356,-1.15700800389385
2007-09-01,0,5,0.47435882098931514,9,2007,0.609888619527023,0.0,0.0,-1.3802115985339736,-0.31661740144360484,-1.439132451806691,-0.025791823971918527,1,-0.49965287440036393,-0.6318458682732883,-1.406665556906569,-0.7205109402276538,-2.0857555168322013,-0.9366812637430568,-0.35646306327865673,-0.25156655761547403,-0.792954620383557,-0.40313220065680433,-0.8291870949637519,-0.5995543038814322,-1.1037981895896456,-0.9947220015743611
2007-09-02,0,6,0.47435882098931514,9,2007,0.6192311645250693,0.0,0.0,-1.1070378017940468,0.8794131786169637,-1.439132451806691,-0.025791823971918527,1,0.22112393567305103,-0.49988978217499214,-0.631503664911009,-0.4409007634797773,-0.25478290828268446,-0.8625124776890586,-0.048436475777637385,-0.42968936535987623,-0.684967338393841,-0.11046474488916623,-0.7896024249249677,-0.4680492289476556,-1.0547714149402543,-0.8721004595305202
2007-09-03,0,0,0.47435882098931514,9,2007,0.6285737095231155,0.0,0.0,-0.000979679470614218,1.4116968620477444,-1.439132451806691,-0.025791823971918527,0,0.1544280129112201,0.21932239776085694,-0.49954742481309367,-0.6167817798804626,-0.39700900010205736,-0.7247564630708041,-0.20974515369549868,0.26509609133721196,-0.7386586689365318,-0.04790988128276977,-0.8390342295251013,-0.45269868558938264,-1.0634513301695159,-0.8674836715794547
2007-09-04,0,1,0.47435882098931514,9,2007,0.6379162545211619,0.0,0.0,1.105078442852818,0.879413178616964,-1.439132451806691,-0.025791823971918527,0,-0.9114384039847783,0.15277125553212237,0.21966559448079534,-0.9828187180022488,-1.583679619961901,-1.3287524396439379,-0.28778266279430953,0.10520376434694573,-0.5559861023929121,-0.01991889107525053,-0.6837130122888035,-0.6631588867115331,-0.9981608029039355,-0.8452465382519369
2007-09-05,0,2,0.47435882098931514,9,2007,0.6472587995192082,0.0,0.0,1.378252239592745,-0.3166174014436045,-1.439132451806691,-0.025791823971918527,0,0.021911361207186404,-0.9107814261060435,0.15311437458341468,-1.4073019665868693,-0.6169198654117023,-0.8180328079603126,-0.572966227304503,-0.21213925948215615,-0.4041846216944023,-0.6162094746790598,-0.6793018599204456,-0.6658126836313432,-0.986143390383216,-0.8460370307974472
2007-09-06,0,3,0.47435882098931514,9,2007,0.6566013445172545,0.0,0.0,0.612836270074063,-1.2757594567707242,-1.439132451806691,-0.025791823971918527,0,-0.5735828210775064,0.020542265062589726,-0.9104395482760753,-0.6325874787257985,-0.7830809525998134,-0.15333548213829215,-0.6650025708597294,0.1147835172711788,-0.4977001500962208,-0.2735248062806226,-0.7140514692105323,-0.5666473300754618,-1.0337791592715204,-0.8612462661776635
2007-09-07,0,4,0.47435882098931514,9,2007,0.6659438895153008,0.0,0.0,-0.6147956290152912,-1.2757594567707244,-1.439132451806691,-0.025791823971918527,0,-1.146386919843302,-0.5736592450227118,0.020885229795769275,-0.5007074004825887,0.144238210749642,-0.7576791143482593,-0.8313654534306636,-0.4554376030026055,-0.4800915760303417,-0.2809777519441374,-0.7667805953725164,-0.7075277078496999,-1.0165111459952503,-0.8476194044738984
2007-09-08,0,5,0.47435882098931514,9,2007,0.6752864345133471,0.0,0.0,-1.3802115985339736,-0.31661740144360484,-1.439132451806691,-0.025791823971918527,1,-0.40277643976496674,-1.1452199262099663,-0.5733169737536152,0.21809050697242754,-0.7173500425043168,-0.8484779909132083,-0.6752261528209214,-0.10832312462181223,-0.5520911755395072,-0.48487157264173386,-0.7142251859418224,-0.6730298055239445,-0.98393552266736,-0.8121806876635642
2007-09-09,0,6,0.47435882098931514,9,2007,0.6846289795113935,0.0,0.0,-1.1070378017940468,0.8794131786169637,-1.439132451806691,-0.025791823971918527,1,-0.17499357330459733,-0.40322364258118354,-1.1448783219819272,0.151577698781356,-0.43780279454423643,-0.9221776106223635,-0.15425202221453163,-0.7304962812123602,-0.5467987230809157,-0.4627734417685871,-0.6541337007791447,-0.5305991853471207,-0.9306216548416046,-0.7205093220848693
2007-09-10,0,0,0.47435882098931514,9,2007,0.6939715245094397,0.0,0.0,-0.000979679470614218,1.4116968620477444,-1.439132451806691,-0.025791823971918527,0,0.1835453010429846,-0.17593523700343983,-0.4028811724048699,-0.9113623672473831,-0.6136442273386054,-0.814775645925985,-0.3009766278822816,-0.17405846058594368,-0.5224231175163786,-0.5358796328434986,-0.6696848093789074,-0.5111430788547593,-0.9285164063294422,-0.7223950319994803
2007-09-11,0,1,0.47435882098931514,9,2007,0.703314069507486,0.0,0.0,1.105078442852818,0.879413178616964,-1.439132451806691,-0.025791823971918527,0,-0.7773320447568094,0.18182533715405133,-0.1755925015697294,0.01942487336220489,-0.9795987855517899,-0.5611996747837998,-0.6265268687710605,0.2525805552836081,-0.7092689975168368,-0.5241992298794933,-0.6718986263947411,-0.5045277925213072,-0.9496566169585269,-0.7060459945564529
2007-09-12,0,2,0.47435882098931514,9,2007,0.7126566145055323,0.0,0.0,1.378252239592745,-0.3166174014436045,-1.439132451806691,-0.025791823971918527,0,-1.0060516421022432,-0.7769661789787345,0.18216849011296876,-0.5744343714770886,-1.4039865003594074,-0.7112181450193509,-0.8888379475182087,-0.8329111151611532,-0.6933636772009877,-0.5218410755210098,-0.5829352227116815,-0.7804220662585424,-0.938629389736617,-0.7026398420981796
2007-09-13,0,3,0.47435882098931514,9,2007,0.7219991595035786,0.0,0.0,0.612836270074063,-1.2757594567707242,-1.439132451806691,-0.025791823971918527,0,-0.4860771140186256,-1.0051892820279351,-0.7766241449794095,-1.1456658287330088,-0.6294463689691067,-1.0686992727050013,-0.8694152845390255,-0.8341150488479873,-0.6172709246632032,-0.7697788632625435,-0.592177480229544,-0.7648057136528033,-0.9218378110727155,-0.7276695704792612
2007-09-14,0,4,0.47435882098931514,9,2007,0.731341704501625,0.0,0.0,-0.6147956290152912,-1.2757594567707244,-1.439132451806691,-0.025791823971918527,0,-0.7277502636396432,-0.4863434914481272,-1.0048475143768474,-0.40409694142726266,-0.49759597152491086,-0.6456563674498382,-0.7677030987425636,-1.1708967170006126,-0.6797295690180639,-0.7359390908296115,-0.6159690908511704,-0.7362502417185667,-0.9264524018991477,-0.7261360565663162
2007-09-15,0,5,0.47435882098931514,9,2007,0.7406842494996713,0.0,0.0,-1.3802115985339736,-0.31661740144360484,-1.439132451806691,-0.025791823971918527,1,-0.7464028319203673,-0.7274920277796316,-0.48600111827700254,-0.17693945595108293,0.22104016398921034,-1.0394928239143892,-0.8965705860096806,-1.4615611699454212,-0.796067827712136,-0.8183209565562959,-0.7158766486055089,-0.8727504271269815,-0.91525627034197,-0.7452874486672957
2007-09-16,0,6,0.47435882098931514,9,2007,0.7500267944977176,0.0,0.0,-1.1070378017940468,0.8794131786169637,-1.439132451806691,-0.025791823971918527,1,-0.8150474284211996,-0.746104105897427,-0.7271499360413977,0.18061504499917524,0.15454232510448188,-0.9527544301756019,-0.5578545035882296,-0.04124835679218786,-0.8045430841501693,-0.877333933370084,-0.717565030195011,-0.8810761963172383,-0.862691997337462,-0.6831910522890764
2007-09-17,0,0,0.47435882098931514,9,2007,0.7593693394957639,0.0,0.0,-0.000979679470614218,1.4116968620477444,-1.439132451806691,-0.025791823971918527,0,0.1369172990670437,-0.814599691771162,-0.7457620358804568,-0.7776241988681085,-0.9081585166920312,-2.069863124320793,-0.33975231456085575,-0.17941357015356302,-0.6977215460623355,-0.7785635944580469,-0.6479688994345729,-0.9046337401461407,-0.7715928221761493,-1.003733965728351
2007-09-18,0,1,0.47435882098931514,9,2007,0.7687118844938101,0.0,0.0,1.105078442852818,0.879413178616964,-1.439132451806691,-0.025791823971918527,0,-0.18963597615399913,0.13529855316421432,-0.8142577016921048,-1.0057158434218592,0.022419241868552355,-0.25676472174203036,-0.291401226909992,-0.3738491208192577,-0.6405690249367685,-0.9434144635339252,-0.7167673176907947,-0.9935561184888569,-0.7924418692272855,-1.0131594118359415
2007-09-19,0,2,0.47435882098931514,9,2007,0.7780544294918564,0.0,0.0,1.378252239592745,-0.3166174014436045,-1.439132451806691,-0.025791823971918527,0,-0.6916177500474695,-0.190545854778094,0.1356416518239537,-0.4871689125371867,-0.5713063496007749,-0.39760238292747435,-0.5281346017173048,-0.8596996599726783,-0.6371761882074147,-0.9426192816254627,-0.7065302269755269,-0.9931137270486968,-0.7957281387503901,-1.0157243691868092
2007-09-20,0,3,0.47435882098931514,9,2007,0.7873969744899028,0.0,0.0,0.612836270074063,-1.2757594567707242,-1.439132451806691,-0.025791823971918527,0,-0.4674108708344761,-0.6914379490356969,-0.1902031363957348,-0.7281785452110748,-1.1424092460740576,-1.5726885612835098,-0.6658422598680755,-1.2615337356743033,-0.6032633558805879,-0.9909733867084773,-0.648175579492485,-1.1588792860119916,-0.7455661698476874,-1.2016484077160572
2007-09-21,0,4,0.47435882098931514,9,2007,0.7967395194879491,0.0,0.0,-0.6147956290152912,-1.2757594567707244,-1.439132451806691,-0.025791823971918527,0,-0.5411732999445984,-0.4677177681117765,-0.6910958152204768,-0.7467799026097411,-0.40100725552324434,-0.615366448179381,-0.618125961036914,-1.4414759585133963,-0.5711650076654275,-1.0549372386966456,-0.664280801612739,-1.158690003084691,-0.7431952898082586,-1.2030191258169411
2007-09-22,0,5,0.47435882098931514,9,2007,0.8060820644859954,0.0,0.0,-1.3802115985339736,-0.31661740144360484,-1.439132451806691,-0.025791823971918527,1,-0.5698085477303859,-0.5413200770321358,-0.4673753732034635,-0.8152360344293352,-0.17390089388442304,-0.7799054480228444,-0.7001610326395429,-1.386788027321103,-0.5460418595028317,-1.1380350933390095,-0.7126676687590018,-1.1943104410843246,-0.7379694027684287,-1.211416405032183
2007-09-23,0,6,0.47435882098931514,9,2007,0.8154246094840417,0.0,0.0,-1.1070378017940468,0.8794131786169637,-1.439132451806691,-0.025791823971918527,1,-0.676828341986184,-0.5698931646997617,-0.5409777680215473,0.13411506084221977,0.183573136206092,0.13836109834646615,-0.5913911736788858,-0.9679177124818756,-0.6188244213341569,-1.5266324070725552,-0.7557724924475927,-1.405457295825467,-0.757482763501618,-1.2787141840010865
2007-09-24,0,0,0.47435882098931514,9,2007,0.824767154482088,0.0,0.0,-0.000979679470614218,1.4116968620477444,-1.439132451806691,-0.025791823971918527,0,-0.2635078044915683,-0.6766806451615135,-0.5695508890354534,-0.1915416578826231,-0.7744504472916853,-0.7148162120956046,-0.5138839944800777,-0.9685583560927561,-0.6519623695215159,-1.6647408042728535,-0.7166855686407779,-1.4181694292562874,-0.7408173720881929,-1.2821478468361773
2007-09-25,0,1,0.47435882098931514,9,2007,0.8341096994801342,0.0,0.0,1.105078442852818,0.879413178616964,-1.439132451806691,-0.025791823971918527,0,-0.37194978870424567,-0.26425732544693864,-0.6763384941237519,-0.6921452339305703,-1.0024907577671662,-0.4379979427479101,-0.1200403867965995,-0.49186144491065487,-0.46653017149162157,-1.0130194063969955,-0.5880016860132573,-1.2346093919554921,-0.7040384530836062,-1.1606642329706864
2007-09-26,0,2,0.47435882098931514,9,2007,0.8434522444781806,0.0,0.0,1.378252239592745,-0.3166174014436045,-1.439132451806691,-0.025791823971918527,0,0.3285676519352296,-0.3724639086390708,-0.26391469308970145,-0.4685539177797298,-0.4840605305381171,-0.6121227873348514,0.1575123197079861,-0.301907097806845,-0.30068321669172315,-0.6009706334576138,-0.4982250770624699,-0.9487433243593282,-0.6532411289197487,-1.0254099669740175
2007-09-27,0,3,0.47435882098931514,9,2007,0.8527947894762269,0.0,0.0,0.612836270074063,-1.2757594567707242,-1.439132451806691,-0.025791823971918527,0,0.4450231295588369,0.32653287999801356,-0.372121402564547,-0.5421138311289877,-0.7250159218241997,-0.9745048469104837,0.18300431376499166,-0.41089966801364,-0.2580962803529788,-0.6678223839036257,-0.45764425529321323,-1.000456827875815,-0.6208681253273831,-1.070046607833257
2007-09-28,0,4,0.47435882098931514,9,2007,0.8621373344742732,0.0,0.0,-0.6147956290152912,-1.2757594567707244,-1.439132451806691,-0.025791823971918527,0,-0.30687434199906677,0.44273556126714886,0.32687620183816374,-0.5706704604492115,-0.7436130928199028,-1.3947496305838458,0.12686166207821228,-0.4777245233626781,-0.12085479185327679,-0.7157764046961107,-0.367814575386566,-0.9835727404127321,-0.5445578995215044,-1.1821308815447844
2007-09-29,0,5,0.47435882098931514,9,2007,0.8714798794723195,0.0,0.0,-1.3802115985339736,-0.31661740144360484,-1.439132451806691,-0.025791823971918527,1,0.18524782652022126,-0.3075297248098717,0.44307901872187494,-0.6773964303919721,-0.8120538179706742,-0.6277706662893501,0.4375948069729387,0.7156778114765403,0.22723720720639504,-0.15163340869240308,-0.16983518753738688,-0.4438054678821988,-0.4550268178061233,-0.8003343362251772
2007-09-30,0,6,0.47435882098931514,9,2007,0.8808224244703659,0.0,0.0,-1.1070378017940468,0.8794131786169637,-1.439132451806691,-0.025791823971918527,1,1.2382564154646383,0.18352416686495027,-0.30718714295377636,-0.2652106701022483,0.13708361728924176,-0.49720741052615963,0.5204186773409782,0.46315912490311767,0.25778516574394844,-0.21935035528656552,-0.1922393717415566,-0.46390101569030334,-0.4356758147285401,-0.7991622521578
2007-10-01,0,0,1.3595672654470619,10,2007,0.8901649694684122,0.0,0.0,-0.000979679470614218,1.4116968620477444,-1.2492401063131975,0.6801446366438934,0,-0.09544324131705186,1.2342469317507239,0.1838673218064904,-0.3733549253598543,-0.18849980945894504,0.21441330037471093,0.5474869297118844,0.42914387182573827,0.3716229161964591,-0.4442137650613057,-0.14943055872601804,-0.42466668454482265,-0.43408529890476727,-0.7940326177770712
2007-10-02,0,1,1.3595672654470619,10,2007,0.8995075144664584,0.0,0.0,1.105078442852818,0.879413178616964,-1.2492401063131975,0.6801446366438934,0,0.2543471135601521,-0.09655758932696203,1.2345913129404074,0.3252392350378853,-0.688990720164831,0.148564622522368,0.4820943067641743,0.15749621118343132,0.5066286122873275,-0.14245805748719054,0.020552086924553594,-0.2046211562816936,-0.39019013910807987,-0.5696054367269433
2007-10-03,0,2,1.3595672654470619,10,2007,0.9088500594645047,0.0,0.0,1.378252239592745,-0.3166174014436045,-1.2492401063131975,0.6801446366438934,0,1.0713234505490838,0.2524734562558502,-0.09621476125540614,0.44137498255034663,-0.46544972525283373,-0.903761987763051,0.3241765260857291,0.7034229299391281,0.33511760862514606,0.1908389310395865,0.01754747970309265,-0.19681800952261388,-0.37042473120792097,-0.6176290935173949
2007-10-04,0,3,1.3595672654470619,10,2007,0.918192604462551,0.0,0.0,0.612836270074063,-1.2757594567707242,-1.2492401063131975,0.6801446366438934,0,-0.4985725570292645,1.0676763374667018,0.25281669166479903,-0.30845814418619444,-0.5389930832812828,0.017731342963578638,0.18860491892108652,0.7900386377236163,0.3742216054276208,0.09433840542964374,0.06088205777822904,-0.2763272099949537,-0.3758655130076411,-0.6243486441656622
2007-10-05,0,4,1.3595672654470619,10,2007,0.9275351494605973,0.0,0.0,-0.6147956290152912,-1.2757594567707244,-1.2492401063131975,0.6801446366438934,0,-0.0917373424870871,-0.49881180990863716,1.068020524259834,0.18231289616936192,-0.5675432856749636,-0.5701982177718767,-0.3502772203288656,-1.0002266858744653,0.2852354519196227,0.23935202599336264,0.08648005869866013,-0.34529153322504985,-0.3629751007540563,-0.6375855071518539
2007-10-06,0,5,1.3595672654470619,10,2007,0.9368776944586437,0.0,0.0,-1.3802115985339736,-0.31661740144360484,-1.2492401063131975,0.6801446366438934,1,-0.3043239725090704,-0.09285973509681666,-0.49846945128868897,1.2324304355895217,-0.6742452359772626,-1.1357259293656083,-0.031686889769176683,-0.674967674298085,0.11737019424482782,-0.34259863827205367,0.18208491342922237,-0.5002242213697758,-0.2930266109092849,-0.7130557212977137
2007-10-07,0,6,1.3595672654470619,10,2007,0.94622023945669,0.0,0.0,-1.1070378017940468,0.8794131786169637,-1.2492401063131975,0.6801446366438934,1,0.31471839348486585,-0.3049848915481643,-0.09251690270967246,-0.09760753049114008,-0.2621522418040784,-0.40156160683033704,0.3618125391660642,0.18623649120974525,0.3006281183340599,-0.07259581070057751,0.2955024905989815,-0.403299978621894,-0.2300460795622807,-0.5600722102719641
2007-10-08,0,0,1.3595672654470619,10,2007,0.9555627844547363,0.0,0.0,-0.000979679470614218,1.4116968620477444,-1.2492401063131975,0.6801446366438934,0,0.9127800388888397,0.3127136848999269,-0.3046423067221161,0.2512224701689427,-0.3702721582233431,-0.1766722886722571,0.16170005101432702,0.9738787105543758,0.10622975891811377,0.3683177698034184,0.25276751543507275,-0.21697219532867146,-0.2606935420628544,-0.5064600119505298
2007-10-09,0,1,1.3595672654470619,10,2007,0.9649053294527826,0.0,0.0,1.105078442852818,0.879413178616964,-1.2492401063131975,0.6801446366438934,0,-0.8151670838262296,0.9094770847701329,0.31305699061235726,1.0659557874188343,0.3281647772686847,0.17731203086049316,0.11591088532989491,0.9467551037411166,-0.05253946504893679,-0.1392371985377172,0.24016168006885305,-0.22223274135479404,-0.2600097413722058,-0.505121878338132
2007-10-10,0,2,1.3595672654470619,10,2007,0.9742478744508288,0.0,0.0,1.378252239592745,-0.3166174014436045,-1.2492401063131975,0.6801446366438934,0,0.19782873767729917,-0.8147190874335779,0.909821086936505,-0.4996300491376495,0.4442743873855199,-0.7713591948923781,-0.5129465426366373,0.023057635576393662,-0.08779824689147704,-0.030499217577138225,0.13047654037233547,-0.0755358463608458,-0.2559511273160305,-0.5171361319479835
2007-10-11,0,3,1.3595672654470619,10,2007,0.9835904194488752,0.0,0.0,0.612836270074063,-1.2757594567707242,-1.2492401063131975,0.6801446366438934,0,-0.6925544809325388,0.19607776794146053,-0.8143770974938617,-0.09391180625724396,-0.30538998265459577,-0.9971733445503564,-0.08626935374508776,-0.02219293313577779,-0.02131231776684471,0.01826133295466654,0.18648881386572377,-0.11325178702947444,-0.1946681500052659,-0.5870994438163962
2007-10-12,0,4,1.3595672654470619,10,2007,0.9929329644469215,0.0,0.0,-0.6147956290152912,-1.2757594567707244,-1.2492401063131975,0.6801446366438934,0,0.27404581195339067,-0.6923726465071587,0.19642093753370635,-0.30591477677061435,0.1852706052595859,-0.4838041043724995,0.06549472518962413,0.35536060526974517,0.14037934413759803,0.09863593282915711,0.22505689491153147,-0.06875767283608898,-0.14337982486679332,-0.5412586756254842
2007-10-13,0,5,1.3595672654470619,10,2007,1.0022755094449678,0.0,0.0,-1.3802115985339736,-0.31661740144360484,-1.2492401063131975,0.6801446366438934,1,0.5852490080724451,0.2721293935935913,-0.6920305137827792,0.3114279999165567,1.2351518062725828,-0.7224072560491523,0.574233770022187,-1.0514452864551318,0.19334985222496837,0.18833944689520646,0.16410869288998697,-0.3145945008558476,-0.07952138377717617,-0.5363411199763433
2007-10-14,0,6,1.3595672654470619,10,2007,1.011618054443014,0.0,0.0,-1.1070378017940468,0.8794131786169637,-1.2492401063131975,0.6801446366438934,1,0.6061442605159497,0.5826570437006907,0.2724726519420418,0.9078476588699216,-0.09458682278858377,-0.7408228789084725,0.7944050491897299,-1.188551492733019,0.17941125869454075,0.13651216307414488,0.25392749489884947,-0.21155729967743384,-0.003761406396849896,-0.507511650441828
2007-10-15,0,0,1.3595672654470619,10,2007,1.0209605994410604,0.0,0.0,-0.000979679470614218,1.4116968620477444,-1.2492401063131975,0.6801446366438934,0,0.8360945991702231,0.6035069376625569,0.5830006644510679,-0.8153553613188095,0.25416467053909875,-0.808595476304399,0.3603822554963598,0.5338674567218682,0.2325681863824268,-0.10411924742224866,0.17900317202347024,-0.09827004657273651,0.010233594382630473,-0.5579794561509768
2007-10-16,0,1,1.3595672654470619,10,2007,1.0303031444391066,0.0,0.0,1.105078442852818,0.879413178616964,-1.2492401063131975,0.6801446366438934,0,-0.5227155990377683,0.8329581103822807,0.6038505827458454,0.19485926626229536,1.0687146247203496,0.13127634900964869,0.3856358689417505,0.5751523952004571,0.3185026510300119,0.0005643624352023938,0.14036652725829327,-0.24784718329881014,0.03578348476474043,-0.5053003376400345
2007-10-17,0,2,1.3595672654470619,10,2007,1.039645689437153,0.0,0.0,1.378252239592745,-0.3166174014436045,-1.2492401063131975,0.6801446366438934,0,0.6706111740184301,-0.5229024432788342,0.8333020232470278,-0.6930793930081462,-0.496518862647592,-0.1911286876287204,0.06132976057091061,0.1548598969871341,0.44587632867584104,-0.505892675496441,0.18923070337402134,-0.34565753418317213,0.045255220899067014,-0.5113947868778305
2007-10-18,0,3,1.3595672654470619,10,2007,1.0489882344351993,0.0,0.0,0.612836270074063,-1.2757594567707242,-1.2492401063131975,0.6801446366438934,0,0.00821252669456761,0.6678339092657806,-0.5225601127739088,0.2708670855155508,-0.09089193031070159,-0.6867337373541224,0.23020501408226235,-0.3828697922829595,0.3794127699032716,-0.39909731578767044,0.1892425701716046,-0.3456728898869117,0.07397959624906032,-0.5787129911772972
2007-10-19,0,4,1.3595672654470619,10,2007,1.0583307794332457,0.0,0.0,-0.6147956290152912,-1.2757594567707244,-1.2492401063131975,0.6801446366438934,0,-0.09161426835620162,0.0068731673686760015,0.6681776294219923,0.5812158689911249,-0.3028471876467522,-0.4653749803234058,0.3113655770366496,-0.0345076176353637,0.43258709675386986,-0.25834934800905224,0.3032225016935099,-0.2813325628731321,0.13837961141367863,-0.5338738893462434
2007-10-20,0,5,1.3595672654470619,10,2007,1.067673324431292,0.0,0.0,-1.3802115985339736,-0.31661740144360484,-1.2492401063131975,0.6801446366438934,1,0.8777962171849206,-0.09273692812976282,0.007216116149307237,0.6020537532324418,0.31435665049017203,-0.5382003979943404,0.36715467545675984,-0.11856142077273407,0.3497913167802719,-0.2947568781355021,0.28740109381545825,-0.2824185862002867,0.1714987728204696,-0.5886927187523718
2007-10-21,0,6,1.3595672654470619,10,2007,1.0770158694293381,0.0,0.0,-1.1070378017940468,0.8794131786169637,-1.2492401063131975,0.6801446366438934,1,0.1506298084830891,0.8745692043853575,-0.09239409559929648,0.8313727600778876,0.910642079829321,-0.5664718893927236,0.6506735933363874,-0.5128155382897165,0.3127211578194039,-0.408876900681975,0.2603424878924713,-0.367015869273902,0.22904081370563498,-0.6238481245945424
2007-10-22,0,0,1.3595672654470619,10,2007,1.0863584144273846,0.0,0.0,-0.000979679470614218,1.4116968620477444,-1.2492401063131975,0.6801446366438934,0,0.6321470893911574,0.1489812960766845,0.8749131658124166,-0.5237068060931674,-0.8121731180045576,-0.6721322006075349,0.36089919322717107,-0.7711481942588637,0.43282695663986354,-0.8549222658038583,0.35225314260867197,-0.6815110281530345,0.2680528051427756,-0.7223623932115927
2007-10-23,0,1,1.3595672654470619,10,2007,1.0957009594254308,0.0,0.0,1.105078442852818,0.879413178616964,-1.2492401063131975,0.6801446366438934,0,0.13806599095530458,0.629453320757113,0.14932441070489688,0.6663436719396579,0.19781415167896652,-0.2640621148178854,0.559405960292786,-0.7386059183539788,0.4304209009958961,-0.8618605574942163,0.3965624462519766,-0.6387838850040088,0.3121388006515981,-0.7242811760360676
2007-10-24,0,2,1.3595672654470619,10,2007,1.1050435044234772,0.0,0.0,1.378252239592745,-0.3166174014436045,-1.2492401063131975,0.6801446366438934,0,0.6573738674966254,0.1364447515233799,0.6297969961211808,0.005763649187636889,-0.6899246690014957,-0.3711265497697623,0.5083121563913982,-0.8156534139755884,0.52012166297253,-0.9608192583667374,0.511713894401975,-0.989806117026801,0.35396439134027946,-0.7657939668030777
2007-10-25,0,3,1.3595672654470619,10,2007,1.1143860494215234,0.0,0.0,0.612836270074063,-1.2757594567707242,-1.2492401063131975,0.6801446366438934,0,0.5017158604604441,0.6546253376983123,0.13678785152079243,-0.09378907002807294,0.2738048646881493,0.3204921484726889,0.6429181881572931,-1.3145275227485633,0.6243264912678177,-1.2491396940866357,0.531734500458215,-0.9913448843668141,0.36129470855731277,-0.7591451893477276
2007-10-26,0,4,1.3595672654470619,10,2007,1.1237285944195698,0.0,0.0,-0.6147956290152912,-1.2757594567707244,-1.2492401063131975,0.6801446366438934,0,0.4816855456589887,0.4993052261181981,0.6549690424394338,0.8729598857283367,0.5840838013757229,0.43546828063539117,0.2953043485246651,-0.3754672944683837,0.42296846676601885,-1.0486665870094691,0.45312751473279117,-0.8793663602707272,0.32897849741101176,-0.7335309701701073
2007-10-27,0,5,1.3595672654470619,10,2007,1.133071139417616,0.0,0.0,-1.3802115985339736,-0.31661740144360484,-1.2492401063131975,0.6801446366438934,1,-0.2300077098099704,0.47931839223034206,0.4996487495926668,0.14778992237557947,0.6049169958635738,-0.3068777629063027,0.24177049139648615,-0.47824038675387465,0.4619432126454687,-1.085674355437595,0.42988177679999884,-0.9063238966599361,0.3611462625959874,-0.7739326934672935
2007-10-28,0,6,1.3595672654470619,10,2007,1.1424136844156623,0.0,0.0,-1.1070378017940468,0.8794131786169637,-1.2492401063131975,0.6801446366438934,1,0.3650557130166196,-0.23082995127606973,0.47966189237913553,0.6279851909843118,0.8341843924018154,0.17899292898804886,-0.6566833553576535,1.6991008280540072,0.017710897208742398,0.8959925164336129,0.1745653193605508,0.12526177503636626,0.2655369161488428,-0.24920300535981652
2007-10-29,0,0,1.3595672654470619,10,2007,1.1517562294137087,0.0,0.0,-0.000979679470614218,1.4116968620477444,-1.2492401063131975,0.6801446366438934,0,-1.8118692578909945,0.36294173442453986,-0.2304872799073474,0.13526059898114573,-0.5205902009121778,1.218625045583232,-1.2540678465060269,2.037779827865042,-0.3263786730278973,1.7155042814672858,0.05574867892361685,0.7251892052701657,0.12223877270813568,0.010912737010880495
2007-10-30,0,1,1.3595672654470619,10,2007,1.161098774411755,0.0,0.0,1.105078442852818,0.879413178616964,-1.2492401063131975,0.6801446366438934,0,-1.7549987532447777,-1.8092576648926748,0.36328509875571774,0.6531427086244749,0.6691924455457393,-0.09813249242713182,-1.906721819909858,-0.7762296149633744,-0.6823437932159439,1.632971960727772,-0.13435642946245469,0.9237143011387523,0.06452308114494748,0.19896908674402894
2007-10-31,0,2,1.3595672654470619,10,2007,1.1704413194098013,0.0,0.0,1.378252239592745,-0.3166174014436045,-1.2492401063131975,0.6801446366438934,0,-1.3010261465738395,-1.7525106122003284,-1.8089168356312315,0.4979120627816529,0.008761092275486052,0.24721444094414302,-1.3904188779176412,0.2746177745939904,-0.8633031636308395,1.265203446383549,-0.18276637093735132,0.9452832767885758,0.028703578044760928,0.22176990297018245
2007-11-01,0,3,1.3595672654470619,11,2007,1.1797838644078475,0.0,0.0,0.612836270074063,-1.2757594567707242,-0.7304445704565513,1.1969259927300127,0,-0.4938615527970666,-1.2995234690072652,-1.7521697167121217,0.4779367414842252,-0.09076922170442402,1.0538126466467328,-1.4233716494315205,0.38691235215835795,-1.2851402710591566,1.0124050790336585,-0.35126072239100753,1.3737699116218829,-0.11063005985990469,0.420142742274607
2007-11-02,0,4,1.3595672654470619,11,2007,1.189126409405894,0.0,0.0,-0.6147956290152912,-1.2757594567707244,-0.7304445704565513,1.1969259927300127,0,-1.8391199217043361,-0.49411103211421703,-1.2991820448594902,-0.23180255039009381,0.8757621584951999,-0.4961408165335726,-0.9997813555387302,0.942341629379246,-1.2832655112766551,1.0179479103667348,-0.45708058240800226,1.1603524565258179,-0.09727908869212902,0.4051924929038594
2007-11-03,0,5,1.3595672654470619,11,2007,1.1984689544039402,0.0,0.0,-1.3802115985339736,-0.31661740144360484,-0.7304445704565513,1.1969259927300127,1,-0.21969341389668146,-1.8364491741809605,-0.49376866800821656,0.36162711764709765,0.15075540117188937,-0.0944736699968741,-1.5292139802068008,1.1475086842552977,-1.685042626892334,0.2926039518587771,-0.6495363056153818,1.429820475934529,-0.1812327266698557,0.6789492860214518
2007-11-04,0,6,1.3595672654470619,11,2007,1.2078114994019866,0.0,0.0,-1.1070378017940468,0.8794131786169637,-0.7304445704565513,1.1969259927300127,1,-1.845386446201874,-0.22053804517611575,-1.8361083766534239,-1.809321075893681,0.6308425975118994,-0.3043597910124147,-0.8666564976854731,1.215587246729242,-1.3825681254770934,0.6035679065889622,-0.7247345537349776,1.2519061609467481,-0.17373726945835927,0.6761236191074917
2007-11-05,0,0,1.3595672654470619,11,2007,1.2171540444000328,0.0,0.0,-0.000979679470614218,1.4116968620477444,-0.7304445704565513,1.1969259927300127,0,-0.1477565843946875,-1.8427020955867377,-0.22019536179620344,-1.7526067099980196,0.1382288976144955,0.30681881852344445,-0.828495511572815,1.2962181008594382,-1.0857993066349154,0.642665637792881,-0.749836786223037,1.206839937141442,-0.19465783898479877,0.6593882651913995
2007-11-06,0,1,1.3595672654470619,11,2007,1.226496589398079,0.0,0.0,1.105078442852818,0.879413178616964,-0.7304445704565513,1.1969259927300127,0,-0.12227682057573012,-0.14875737293371546,-1.8423613053566854,-1.29988049134549,0.6559944532262075,0.8972832276400077,0.2360667665376091,0.10738618114662443,-0.6907854941258795,1.3649876739315105,-0.7291226317747017,1.2945541163024072,-0.19660023884037886,0.6521826125161408
2007-11-07,0,2,1.3595672654470619,11,2007,1.2358391343961255,0.0,0.0,1.378252239592745,-0.3166174014436045,-0.7304445704565513,1.1969259927300127,0,0.8722066004072554,-0.1233329194491252,-0.1484146057820234,-0.49493197903218833,0.5007987434378787,-0.8087136117149735,0.47650441534343707,-0.1317445352198866,-0.5163129044102004,1.6285528178470585,-0.7325636734406171,1.2832882600056372,-0.1352647244253296,0.6385119620869406
2007-11-08,0,3,1.3595672654470619,11,2007,1.2451816793941717,0.0,0.0,0.612836270074063,-1.2757594567707242,-0.7304445704565513,1.1969259927300127,0,0.4660277812297993,0.8689917212983793,-0.12299012262577287,-1.8364969226357466,0.4808279177663603,0.19141402358523574,0.47681779210252834,-0.13298056905393899,-0.20410854264546932,0.8609283369888063,-0.7907205409639361,1.1423357260115807,-0.1505510577680497,0.6309964129449912
2007-11-09,0,4,1.3595672654470619,11,2007,1.2545242243922181,0.0,0.0,-0.6147956290152912,-1.2757594567707244,-0.7304445704565513,1.1969259927300127,0,-0.12147683872498574,0.46369461697751135,0.8693356762162254,-0.2215165725177081,-0.22875164089006098,-0.6876585688540258,0.5363111645211542,0.08155778289350356,0.021963749695137178,1.2589022400564127,-0.669801499555144,1.5014148579623356,-0.06836944230771225,0.7019451557284869
2007-11-10,0,5,1.3595672654470619,11,2007,1.2638667693902643,0.0,0.0,-1.3802115985339736,-0.31661740144360484,-0.7304445704565513,1.1969259927300127,1,1.0240800779187471,-0.12253467416328646,0.4640380988925461,-1.8427462423043237,0.3645444704572912,0.26666290482159555,1.0497950548984438,1.2034980333337228,0.6803511738102782,0.4460950378873194,-0.5336774644761053,2.084637308329133,0.0035748028318818076,0.9613822369908721
2007-11-11,0,6,1.3595672654470619,11,2007,1.2732093143883108,0.0,0.0,-1.1070378017940468,0.8794131786169637,-0.7304445704565513,1.1969259927300127,1,1.776839068392825,1.020535518641627,-0.12219187640834035,-0.1497772465678141,-1.8059151316460207,0.5739128559324086,1.308306775245818,0.23133267729352355,0.8050776931288104,0.21422434782197583,-0.30706019772554816,1.884274020550411,0.0013342017177175654,0.9572113350924166
2007-11-12,0,0,1.3595672654470619,11,2007,1.282551859386357,0.0,0.0,-0.000979679470614218,1.4116968620477444,-0.7304445704565513,1.1969259927300127,0,0.538446651077754,1.7716604534880003,1.0208796504189703,-0.12436743778990804,-1.7492135298290417,0.5945426739155724,1.2982090796750296,0.2372297180859286,1.0087578844543459,-0.08475863632175516,-0.04158708008778751,1.6962314902989453,0.020108278650126078,1.006580574608014
2007-11-13,0,1,1.3595672654470619,11,2007,1.2918944043844032,0.0,0.0,1.105078442852818,0.879413178616964,-0.7304445704565513,1.1969259927300127,0,0.9983028849501413,0.5359562831741984,1.7720054618672294,0.8673856153202031,-1.2965892012882192,0.8215719306537055,1.0322392603046258,-0.7221664641597462,1.0497764105540983,-0.04412825129768937,0.18971493464207884,1.5894782508511223,0.03264075119321691,1.0455053076090572
2007-11-14,0,2,1.3595672654470619,11,2007,1.3012369493824496,0.0,0.0,1.378252239592745,-0.3166174014436045,-0.7304445704565513,1.1969259927300127,0,1.0978766942874363,0.9948142816533146,0.5362998494223579,0.4623219656620417,-0.4918218498851079,-0.5199771670893725,1.1399591732006251,-1.17346293062922,1.112921700437518,-0.11990298140780062,0.3157640585728207,1.5787610922070139,0.09660704883025814,1.0659144894470998
2007-11-15,0,3,1.3595672654470619,11,2007,1.3105794943804958,0.0,0.0,0.612836270074063,-1.2757594567707242,-0.7304445704565513,1.1969259927300127,0,0.8134318654581796,1.0941719406083776,0.9951583834126362,-0.12356965230030761,-1.833084862219094,0.6581906578338498,0.6952333578889939,0.29778559633531637,1.1101030360777475,-0.10357734828818063,0.47988384695066727,0.8959632173419614,0.05794448642005235,1.0393668128860585
2007-11-16,0,4,1.3595672654470619,11,2007,1.3199220393785422,0.0,0.0,-0.6147956290152912,-1.2757594567707244,-0.7304445704565513,1.1969259927300127,0,-0.13698417921643483,0.8103445719213468,1.0945161583232574,1.018842122116055,-0.21846797796960704,0.004206526101906517,0.7590845421626965,0.49455480451294476,1.1531435934444059,-0.04199796267050922,0.6226401033457551,0.9519346423587526,0.11791403612371945,1.1498659993929339
2007-11-17,0,5,1.3595672654470619,11,2007,1.3292645843765885,0.0,0.0,-1.3802115985339736,-0.31661740144360484,-0.7304445704565513,1.1969259927300127,1,1.2608747057405294,-0.1380083520119489,0.8106884583949178,1.7695344024567692,-1.839332775422013,-0.09435215928885712,1.1354714573043745,1.3008479007170077,1.152675680247115,-0.04427091089226298,0.971646575872377,0.07581968551097289,0.20724053409967674,1.3514174042073615
2007-11-18,0,6,1.3595672654470619,11,2007,1.3386071293746349,0.0,0.0,-1.1070378017940468,0.8794131786169637,-0.7304445704565513,1.1969259927300127,1,1.774264767821818,1.2568161232513333,-0.13766557231559004,0.5345420085095148,-0.1467447976009356,0.8627438088864596,1.5987534622484705,-0.4998587731546227,1.2448707364786258,-0.123464500795862,1.0867169342388896,-0.09890505107688694,0.21527740171918322,1.3711986356051133
2007-11-19,0,0,1.3595672654470619,11,2007,1.347949674372681,0.0,0.0,-0.000979679470614218,1.4116968620477444,-0.7304445704565513,1.1969259927300127,0,1.045672750437254,1.7690917410938052,1.2571605307804379,0.9931357007843106,-0.12134070752927666,0.14481466706109544,1.206295944076369,0.6232997728945225,1.1104957600361618,0.09712111123570724,1.123481262052023,-0.24105011151507422,0.22046630001892553,1.371993623257186
2007-11-20,0,1,1.3595672654470619,11,2007,1.3572922193707273,0.0,0.0,1.105078442852818,0.879413178616964,-0.7304445704565513,1.1969259927300127,0,0.25901709308205223,1.0420813187501161,1.7694367464752132,1.0924361288622926,0.8701891426268106,0.6202151862813964,0.8619578290281091,-0.3731774230529867,1.0736648395626178,0.0703361829316368,1.125702660632979,-0.24046792135035983,0.23306178435375818,1.3949075697482909
2007-11-21,0,2,1.3595672654470619,11,2007,1.3666347643687737,0.0,0.0,1.378252239592745,-0.3166174014436045,-0.7304445704565513,1.1969259927300127,0,0.8952453939636531,0.2571332983945831,1.0424254756725297,0.808772247212098,0.4652166561900659,0.13241044895113685,0.5746007154580458,-0.5623281576488932,0.9825435602300684,0.18654522724943762,1.1108622413551523,-0.20606449686267828,0.24139407089299184,1.3963472697741184
2007-11-22,0,3,1.3595672654470619,11,2007,1.37597730936682,0.0,0.0,0.612836270074063,-1.2757594567707242,-0.7304445704565513,1.1969259927300127,0,0.3121133243811381,0.8919805032697374,0.2574765392418102,-0.13903441717573514,-0.12054310158848366,0.645121506127235,0.714364071579791,-0.7420091407358367,1.1193724400139669,-0.2615922716280606,1.1819506219117026,-0.4418871864933104,0.239403880275882,1.3935537135374514
2007-11-23,0,4,1.3595672654470619,11,2007,1.3853198543648664,0.0,0.0,-0.6147956290152912,-1.2757594567707244,-0.7304445704565513,1.1969259927300127,0,0.6158021610645313,0.31011427076396886,0.8923244850166885,1.2549866270392225,1.021611562772143,0.4914408381639891,1.0001275170160024,0.416386807805398,1.185509143086969,-0.05238117099133577,1.2398658682508914,-0.3031625005920514,0.29316701399341044,1.5329203034001924
2007-11-24,0,5,1.3595672654470619,11,2007,1.3946623993629126,0.0,0.0,-1.3802115985339736,-0.31661740144360484,-0.7304445704565513,1.1969259927300127,1,1.6247365362488586,0.6131438732715724,0.31045757344274766,1.7669671696632896,1.7721348930561778,0.471664970434382,1.0967774628578832,0.16001431425057117,0.964589488504573,-0.49545264693895874,1.1224264356001636,-0.49817680301565914,0.2968606506584555,1.536283618257551
2007-11-25,0,6,1.3595672654470619,11,2007,1.404004944360959,0.0,0.0,-1.1070378017940468,0.8794131786169637,-0.7304445704565513,1.1969259927300127,1,0.5588393508201491,1.6198880987338533,0.6134875296016662,1.0403755116559925,0.5374204452666504,-0.23098757515541068,0.7373450339132958,1.230319345321931,0.7196776313360294,-0.05093679396788495,1.0414147751977734,-0.19053541593700843,0.2934260988410157,1.5410227950579265
2007-11-26,0,0,1.3595672654470619,11,2007,1.4133474893590052,0.0,0.0,-0.000979679470614218,1.4116968620477444,-0.7304445704565513,1.1969259927300127,0,-0.3017496719380662,0.5563047153539342,1.6202329299868468,0.25587962819801097,0.9959109269019715,0.35651669810198183,0.09927379354265728,-0.3161307261248326,0.6718491972295024,0.059029623419635115,0.9447613570474132,-0.07316517515447496,0.2757523550927218,1.5420583535805592
2007-11-27,0,1,1.3595672654470619,11,2007,1.4226900343570514,0.0,0.0,1.105078442852818,0.879413178616964,-0.7304445704565513,1.1969259927300127,0,-0.004118817474886942,-0.3024161791539719,0.556648305349773,0.8903611555528863,1.0951890065245458,-1.792754579392843,0.7032325005473865,2.239319660611286,0.8909406969295276,0.928247942853758,1.0414451014582637,0.30970898675445396,0.46305727921834633,1.4787821063617583
2007-11-28,0,2,1.3595672654470619,11,2007,1.4320325793550979,0.0,0.0,1.378252239592745,-0.3166174014436045,-0.7304445704565513,1.1969259927300127,0,2.1006129194913883,-0.005431408469091714,-0.3020735913301027,0.30883008306578497,0.8115889659849337,-1.7366065063971123,0.8701940130812013,1.8592496489090982,0.8568333668194961,0.9896732421273245,0.9750150982197269,0.3881205450549651,0.5530341898186789,1.1561176634180035
2007-11-29,0,3,1.3595672654470619,11,2007,1.441375124353144,0.0,0.0,0.612836270074063,-1.2757594567707242,-0.7304445704565513,1.1969259927300127,0,0.12446629949256224,2.0947314707576936,-0.005088474048540779,0.6116851378825974,-0.13600438597933628,-1.2884007586902884,0.9705000211125003,1.6430044128178374,0.7906966637464925,1.0430950306173532,1.0125151674830304,0.2797515981148446,0.6273804117260949,0.9281241448331683
2007-11-30,0,4,1.3595672654470619,11,2007,1.4507176693511905,0.0,0.0,-0.6147956290152912,-1.2757594567707244,-0.7304445704565513,1.1969259927300127,0,0.2519403305561905,0.12287458166403381,2.095076856177612,1.6178494699010777,1.2577029212483093,-0.49148965665450794,0.6562634847571439,0.2904219625757216,0.7313872678429819,0.8457847416965079,1.0161368481788282,0.28800735888756196,0.7131843050431659,0.9087747356140837
2007-12-01,0,5,1.3595672654470619,12,2007,1.4600602143492367,0.0,0.0,-1.3802115985339736,-0.31661740144360484,-0.021756689106410945,1.3860810972597049,1,1.298436246741321,0.25007189778904065,0.12321766582435195,0.5548787198150562,1.769568238041553,-1.8196590753260509,1.5447912231082719,1.5390047002068734,1.064712426622109,1.7372594100878995,1.0757645805401135,0.6068775662711701,0.9157762376378509,0.7028157390584143
2007-12-02,0,6,1.3595672654470619,12,2007,1.4694027593472831,0.0,0.0,-1.1070378017940468,0.8794131786169637,-0.021756689106410945,1.3860810972597049,1,2.392681934324493,1.2942961273349518,0.25041513039524577,-0.3033475439771375,1.0431401060288847,-0.2208043027641846,2.3661825106807775,0.21814394751301322,1.5464797072236491,1.7323801446343752,1.2014092444532214,0.9987728096758819,1.0387381027119116,0.8666749821788656
2007-12-03,0,0,1.3595672654470619,12,2007,1.4787453043453294,0.0,0.0,-0.000979679470614218,1.4116968620477444,-0.021756689106410945,1.3860810972597049,0,2.3487713920648505,2.3861664752057936,1.2946405786051716,-0.006533839107260845,0.25882078043282103,-1.8258459955425346,1.9847279987168318,1.8642168856762513,1.606240859959074,1.5277645698441533,1.2077391920641591,0.985580528232134,1.1426265439260408,0.2820201393387186
2007-12-04,0,1,1.3595672654470619,12,2007,1.4880878493433756,0.0,0.0,1.105078442852818,0.879413178616964,-0.021756689106410945,1.3860810972597049,0,0.3246668857313608,2.3423512519919587,2.386512200745527,2.092419328006184,0.8931595120073,-0.14978129392882888,1.3792410778051767,1.48143657374894,1.3783814250482112,1.2977992144472064,1.2030880666780046,0.9859523702352938,1.1902495467890044,0.19162486183959188
2007-12-05,0,2,1.3595672654470619,12,2007,1.497430394341422,0.0,0.0,1.378252239592745,-0.3166174014436045,-0.021756689106410945,1.3860810972597049,0,0.847007172108652,0.32264058140336427,2.342696926397047,0.12169824565785088,0.31175931832397835,-0.12462520207206411,0.8481960359663908,-0.5669113062871702,1.5362726126968418,0.9598656905487735,1.2687516725726156,0.9252518511925689,1.2436481941163777,0.09867359127146505
2007-12-06,0,3,1.3595672654470619,12,2007,1.5067729393394682,0.0,0.0,0.612836270074063,-1.2757594567707242,-0.021756689106410945,1.3860810972597049,0,0.9931303527271366,0.8438469947943041,0.3229838987009994,0.2488222950207305,0.6145462128838959,0.8572251975640721,1.3342474069707553,-0.48410708719716744,1.7750201950750573,0.5766588800597992,1.3603165419925654,0.9624269304673932,1.276836259326605,0.14626707575859188
2007-12-07,0,4,1.3595672654470619,12,2007,1.5161154843375146,0.0,0.0,-0.6147956290152912,-1.2757594567707244,-0.021756689106410945,1.3860810972597049,0,1.5654489924211117,0.9896529777324564,0.844190920366946,1.2924450423139937,1.6204840985602795,0.45620610813679613,1.1342889287647249,0.20481984925935884,1.60018595133438,0.9414083694350553,1.236110397653177,0.9547248019162073,1.2706380266900446,0.15894473890447178
2007-12-08,0,5,1.3595672654470619,12,2007,1.5254580293355609,0.0,0.0,-1.3802115985339736,-0.31661740144360484,-0.021756689106410945,1.3860810972597049,1,0.3365572142651481,1.5607292536607817,0.9899970734682677,2.3836864633529777,0.5577525796122074,-0.12383538246996491,1.1746556051433057,0.22007667987623308,1.3645291282578513,0.3622995191498415,1.2879205062689802,0.9349753324614895,1.3289316264003541,0.05479776473830442
2007-12-09,0,6,1.3595672654470619,12,2007,1.5348005743336073,0.0,0.0,-1.1070378017940468,0.8794131786169637,-0.021756689106410945,1.3860810972597049,1,1.0961775875360467,0.3345050989425281,1.5610740158723244,2.339896478089397,-0.30028053263213006,1.0071694112558345,1.0317946402874496,-0.21477655283660466,1.1558622126185696,-0.580329403443965,1.432792019333307,0.6369728932680094,1.3373897728560808,0.061438337213622116
2007-12-10,0,0,1.3595672654470619,12,2007,1.5441431193316535,0.0,0.0,-0.000979679470614218,1.4116968620477444,-0.021756689106410945,1.3860810972597049,0,1.2007564115293123,1.092476522202108,0.33484843008667264,0.3213491784411331,-0.0035336283589483355,1.7503660297536234,1.0249231182750262,-0.1852934327355197,1.154835040619738,-0.5758720616057741,1.4639486260217573,0.5251138260488564,1.2675984033231884,0.01940898002495886
2007-12-11,0,1,1.3595672654470619,12,2007,1.5534856643297,0.0,0.0,1.105078442852818,0.879413178616964,-0.021756689106410945,1.3860810972597049,0,0.31901573188825055,1.196828331150655,1.0928207379383466,0.8422553723976346,2.094947150445947,0.5277050339118776,1.086326214020431,-0.059201239954528015,1.228616190111147,-0.5155784966050028,1.3822147391331097,0.31550189984698296,1.3018031678848536,0.01921894908443768
2007-12-12,0,2,1.3595672654470619,12,2007,1.5628282093277461,0.0,0.0,1.378252239592745,-0.3166174014436045,-0.021756689106410945,1.3860810972597049,0,1.2529261681208992,0.31700169483285684,1.1971726686708846,0.9879773698194718,0.12466959662092707,0.9817196685213537,0.626625275118281,0.2790266217373387,1.0530530457324625,-0.08511080008765531,1.3728402986754997,0.353182726619522,1.2553148682742274,0.09554139346134435
2007-12-13,0,3,1.3595672654470619,12,2007,1.5721707543257923,0.0,0.0,0.612836270074063,-1.2757594567707242,-0.021756689106410945,1.3860810972597049,0,0.027241154819656336,1.2488848399624966,0.3173450055496179,1.5587247008381118,0.25176503557191404,1.080028581901206,0.6862150711550857,0.22130773008548058,0.8541470603760882,-0.4143423995557956,1.393975065171513,0.29326963989750804,1.2253104533834094,0.1059668338814941
2007-12-14,0,4,1.3595672654470619,12,2007,1.5815132993238388,0.0,0.0,-0.6147956290152912,-1.2757594567707244,-0.021756689106410945,1.3860810972597049,0,0.4711353576615003,0.025860488996906128,1.249229238235381,0.3332068619148404,1.2951529061694596,0.7991970838915311,0.4650460753827402,-0.6093013350035393,0.9180864977576996,-0.4956141536990406,1.3351487124845307,0.2980030872415524,1.219321387162034,0.1085806468742263
2007-12-15,0,5,1.3595672654470619,12,2007,1.590855844321885,0.0,0.0,-1.3802115985339736,-0.31661740144360484,-0.021756689106410945,1.3860810972597049,1,0.6883304301399371,0.46879110611019925,0.026203459936729758,1.090741687031794,2.3861487335014564,-0.13914573167998298,1.234301648290716,0.8112750836625784,1.0807288996247628,0.22363947729718955,1.29641676250126,0.08758580860567752,1.3211949240433292,0.12589513253275783
2007-12-16,0,6,1.3595672654470619,12,2007,1.6001983893199314,0.0,0.0,-1.1070378017940468,0.8794131786169637,-0.021756689106410945,1.3860810972597049,1,1.9909812186801512,0.6855147012167491,0.46913459397310203,1.195033388429359,2.3423686035683295,1.240956013478623,1.8466398355588884,0.6440603186793885,1.232236458753124,0.7102371461978362,1.2660954465093728,-0.09341325767723282,1.3582216348731042,0.23546117731340221
2007-12-17,0,0,1.3595672654470619,12,2007,1.6095409343179776,0.0,0.0,-0.000979679470614218,1.4116968620477444,-0.021756689106410945,1.3860810972597049,0,2.0342998940256307,1.9853377535507075,0.685858442007365,0.3157135399184116,0.3242755961641944,1.747824430777616,1.7280294106759386,1.155895895171443,1.2443288768397953,0.6787829459159662,1.2719652260806888,-0.11062757112225925,1.2917384662401836,0.19312717061788984
2007-12-18,0,1,1.3595672654470619,12,2007,1.618883479316024,0.0,0.0,1.105078442852818,0.879413178616964,-0.021756689106410945,1.3860810972597049,0,0.38554413708304314,2.028562394648667,1.9856830113024653,1.247059912238651,0.8450645554916763,1.028487789917746,1.6519069817715921,1.0141686593690353,1.3431592280522682,0.8825989577730731,1.3635304251339067,0.042913687140185376,1.3276908669374994,0.26765338590729376
2007-12-19,0,2,1.3595672654470619,12,2007,1.6282260243140703,0.0,0.0,1.378252239592745,-0.3166174014436045,-0.021756689106410945,1.3860810972597049,0,1.7966574221910991,0.3833856831342128,2.02890770284583,0.024740033953207098,0.9907537568659602,0.25182509725386615,1.2727974386331808,0.4706780445404266,1.5320613162463954,0.41382123237461566,1.3706063328262679,0.043445295198861866,1.3663488466719425,0.2239703454735134
2007-12-20,0,3,1.3595672654470619,12,2007,1.6375685693121165,0.0,0.0,0.612836270074063,-1.2757594567707242,-0.021756689106410945,1.3860810972597049,0,1.0665167219928873,1.7914357864881627,0.38372907132454265,0.4674155191725928,1.5613726360589313,0.8799713270451693,1.3746341716031265,0.10970014645568818,1.5637563767257776,0.3153475898088705,1.28190597648964,-0.00809677394124039,1.354393136607033,0.23274228931404092
2007-12-21,0,4,1.3595672654470619,12,2007,1.646911114310163,0.0,0.0,-0.6147956290152912,-1.2757594567707244,-0.021756689106410945,1.3860810972597049,0,0.6455108887697011,1.062880043142374,1.7917808179462344,0.684014279600442,0.3361306109594732,0.3042468418704334,0.9456709394304995,-0.9266698827717789,1.5661698891537659,0.30912638552383187,1.3171042166550324,-0.08469182981192482,1.3730397169530344,0.19863887193117938
2007-12-22,0,5,1.3595672654470619,12,2007,1.6562536593082091,0.0,0.0,-1.3802115985339736,-0.31661740144360484,-0.021756689106410945,1.3860810972597049,1,0.701608761372038,0.6427881105962712,1.0632242243379812,1.9830886225332582,1.0934949460434376,0.6040778891973897,1.2237004071583186,0.27024286526444075,1.5271423243875035,0.18038550931231306,1.3826781623012347,0.05319388907884535,1.4285953315618947,0.24833443646354003
2007-12-23,0,6,1.3595672654470619,12,2007,1.6655962043062555,0.0,0.0,-1.1070378017940468,0.8794131786169637,-0.021756689106410945,1.3860810972597049,1,1.7762647224486985,0.6987642084399028,0.6431318015227325,2.0262883658614075,1.1977631756545941,1.600195671133058,1.5312448765684274,0.010570972012300747,1.4174126405316525,-0.164144192585311,1.4048400660547435,0.08244188518438202,1.4193015014473713,0.2280929729284266
2007-12-24,0,0,1.3595672654470619,12,2007,1.6749387493043018,0.0,0.0,-0.000979679470614218,1.4116968620477444,-0.021756689106410945,1.3860810972597049,0,1.4306041884078398,1.7710873543084213,0.6991079646933833,0.3820592904642228,0.3186412259926639,0.5478386831706449,1.7155693364596913,-0.7084584116886524,1.5603883959431628,-0.5277053061103537,1.4870990587364543,-0.0457780747162701,1.4486628687284342,0.21177888850917198
2007-12-25,0,1,1.3595672654470619,12,2007,1.6842812943023482,0.0,0.0,1.105078442852818,0.879413178616964,-0.021756689106410945,1.3860810972597049,0,1.1721485135503722,1.4261771647311592,1.771432362018814,1.789298344692857,1.2497779904262731,-0.30181819203640997,1.7716182429621279,-0.48480741131815563,1.582688529955308,-0.4308761036065127,1.5513551305843687,0.0947190185416941,1.5549948581262345,0.10531894031245251
2007-12-26,0,2,1.3595672654470619,12,2007,1.6936238393003944,0.0,0.0,1.378252239592745,-0.3166174014436045,-0.021756689106410945,1.3860810972597049,0,1.9193452370536577,1.1682825339201361,1.4265217699134123,1.0611622558018188,0.02773320623480758,-0.007968171781806957,1.8862766387165135,-0.4615511150077541,1.7020679137324306,-0.34888217696933854,1.7148891606481689,-0.17314057199463953,1.6376928429448767,0.01449373047030464
2007-12-27,0,3,1.3595672654470619,12,2007,1.7029663842984406,0.0,0.0,0.612836270074063,-1.2757594567707242,-0.021756689106410945,1.3860810972597049,0,1.7233018214580649,1.9138572761166637,1.168626838125935,0.6413122998683607,0.47030906335053874,2.0700269495692933,2.069983719608026,-1.1775397914970391,1.8830316339380053,-0.6932469230895355,1.8276982348085122,-0.3276388664287847,1.6156948536131381,-0.05730045313745133
2007-12-28,0,4,1.3595672654470619,12,2007,1.712308929296487,0.0,0.0,-0.6147956290152912,-1.2757594567707244,-0.021756689106410945,1.3860810972597049,0,1.6411122331082177,1.7182394228200037,1.9142024504469846,0.6972561549920164,0.6868590762771689,0.11898351571536382,2.2554038263413143,-0.3888012459129903,2.1904065629269214,-0.8320348463649103,1.99203166674702,-0.2176774046787944,1.7242826856136895,-0.01213574967575831
2007-12-29,0,5,1.3595672654470619,12,2007,1.7216514742945332,0.0,0.0,-1.3802115985339736,-0.31661740144360484,-0.021756689106410945,1.3860810972597049,1,2.392681934324493,1.6362282479611694,1.7185843688541103,1.7689616333873102,1.9856410508326656,0.24483823154294315,2.517619988089314,-0.3253252027550275,2.3024485489026483,-0.5492047191460235,2.03076361673029,-0.07930872261816584,1.8267678665007396,0.025515435169686053
2007-12-30,0,6,1.3595672654470619,12,2007,1.7309940192925797,0.0,0.0,-1.1070378017940468,0.8794131786169637,-0.021756689106410945,1.3860810972597049,1,2.392681934324493,2.3861664752057936,1.6365730982839672,1.4242501150838207,2.0288310716696225,1.2780404065056308,2.5355105869129297,-0.4025531099564745,2.349012436719022,-0.6431474291694991,1.997256065587266,-0.1410979622208269,1.8453594547375822,0.04265868453993724
2007-12-31,0,0,1.3595672654470619,12,2007,1.7403365642906259,0.0,0.0,-0.000979679470614218,1.4116968620477444,-0.021756689106410945,1.3860810972597049,0,1.686782991843941,2.3861664752057936,2.386512200745527,1.1665040338267125,0.3849720448299593,2.3583857827932437,2.0297323832866097,0.2973188078814521,2.3361786900209736,-0.5749753954409685,2.066292479061686,-0.425499886468484,1.7835478125857738,-0.08938827626784375
2008-01-01,0,1,-1.2960580679261784,1,2008,-1.6603498149982292,0.0,0.0,1.105078442852818,0.879413178616964,0.6869311922437294,1.196925992730013,0,1.1015415684071017,1.6817998666517013,2.386512200745527,1.911649318476896,1.791894387239117,2.3150330404989035,1.887682816481676,-0.22115887364399936,2.356302685896456,-0.5557758235399481,2.0887972014120493,-0.37767144669707503,1.768289957299581,-0.15597354230858904
2008-01-02,0,2,-1.2960580679261784,1,2008,-1.651007270000183,0.0,0.0,1.378252239592745,-0.3166174014436045,0.6869311922437294,1.196925992730013,0,2.030060673961852,1.0978288591828342,1.6821447701589496,1.716144142767798,1.063922171930784,0.31664093408806904,1.2751183015541545,1.1967970512220196,2.065434047410546,0.7029456428507319,1.9978273200375978,0.05172140611548328,1.7586373691396051,-0.11119743673577007
2008-01-03,0,3,-1.2960580679261784,1,2008,-1.6416647250021366,0.0,0.0,0.612836270074063,-1.2757594567707242,0.6869311922437294,1.196925992730013,0,0.12304069080981347,2.0243323768946446,1.0981730811655284,1.6341802070600966,0.644166707010101,0.832345880097794,0.8020841190044324,1.838584112638769,1.7478713649283744,1.5503027354901968,1.9253656872940375,0.42875760393694934,1.7130129039103195,0.05917382717578989
2008-01-04,0,4,-1.2960580679261784,1,2008,-1.6323221800040904,0.0,0.0,-0.6147956290152912,-1.2757594567707244,0.6869311922437294,1.196925992730013,0,-0.10601052294383284,0.12145206762900154,2.024677680155157,2.3836864633529777,0.7000979714654609,0.9766128434872391,0.48878369527559107,0.49680322384433306,1.5365882832203763,1.1758503022338513,1.976339516313478,0.32620439770391246,1.724365828445391,0.054883903456305366
2008-01-05,0,5,-1.2960580679261784,1,2008,-1.6229796350060441,0.0,0.0,-1.3802115985339736,-0.31661740144360484,0.6869311922437294,1.196925992730013,1,1.2302736905864384,-0.10710193197030969,0.12179515012917178,2.3836864633529777,1.7715622528935546,1.541661262843798,0.8497977394017537,0.5239529736370865,1.2915620110220178,0.5915854669023319,1.9057953602794337,0.33481891163757915,1.6994323079534148,0.04292994888272226
2008-01-06,0,6,-1.2960580679261784,1,2008,-1.6136370900079977,0.0,0.0,-1.1070378017940468,0.8794131786169637,0.6869311922437294,1.196925992730013,1,1.0446300390505903,1.2262815354154928,-0.10675911620455035,1.6797255761012801,1.4269283150209298,0.32838021860139405,1.060775294418975,-0.37366036049436663,1.063591967148183,0.4563639423931091,1.8095648616096134,0.5117004108965624,1.7040287317437859,0.026866502036951193
2008-01-07,0,0,-1.2960580679261784,1,2008,-1.6042945450099515,0.0,0.0,-0.000979679470614218,1.4116968620477444,0.6869311922437294,1.196925992730013,0,0.4325687112584914,1.0410408708348038,1.2266259073091446,1.096090941019794,1.1692402418400702,1.0783510590710845,0.6616632073753587,-0.33207432583673663,0.9018021242541375,0.5408998491647726,1.7169323100404248,0.7321771824344258,1.6616725326685367,0.12159487395884215
2008-01-08,0,1,-1.2960580679261784,1,2008,-1.594952000011905,0.0,0.0,1.105078442852818,0.879413178616964,0.6869311922437294,1.196925992730013,0,0.21142842914004034,0.4303081784623219,1.0413850265429605,2.02206078463446,1.9142178248348976,1.181601407910255,0.5681202447860292,-0.7162925785152955,0.6792829894993296,-0.40086962590479147,1.6095677885379924,0.679904147258789,1.6427662128069638,0.1335400198851288
2008-01-09,0,2,-1.2960580679261784,1,2008,-1.5856094550138589,0.0,0.0,1.378252239592745,-0.3166174014436045,0.6869311922437294,1.196925992730013,0,0.8058354566019238,0.20964793780080546,0.43065162141364555,0.12027655100329457,1.718756649325858,0.3110615674116707,0.5435161515464549,-0.6946247539685944,0.724127467200297,-0.4948789806362196,1.4790593857820258,0.7284494607944847,1.6451955219623724,0.12530665574203306
2008-01-10,0,3,-1.2960580679261784,1,2008,-1.5762669100158124,0.0,0.0,0.612836270074063,-1.2757594567707242,0.6869311922437294,1.196925992730013,0,0.36975987979710384,0.8027646530104773,0.20999112323014565,-0.10814579950127146,1.6368111603398643,1.2331084469192501,0.6762740639638545,-0.954472970673064,0.8434260691505313,-0.8657285540814491,1.373886266233326,0.7135455677278119,1.611559663863295,0.15849396374611166
2008-01-11,0,4,-1.2960580679261784,1,2008,-1.5669243650177662,0.0,0.0,-0.6147956290152912,-1.2757594567707244,0.6869311922437294,1.196925992730013,0,0.5503301421598249,0.36763568960968135,0.8031085306378883,1.2244696273919677,2.3861487335014564,0.022993431680159927,0.45012585968591373,-1.1237818279191798,0.6613456955378784,-1.1115581842687599,1.1652188081565507,0.41019770467141753,1.621196048991109,0.11792169113815344
2008-01-12,0,5,-1.2960580679261784,1,2008,-1.5575818200197198,0.0,0.0,-1.3802115985339736,-0.31661740144360484,0.6869311922437294,1.196925992730013,1,0.22852889588126954,0.547813978104081,0.3679790594189492,1.0393356630477428,2.3861487335014564,0.46124880251945444,1.1752903939630106,1.5364800598840345,0.875156549354012,0.3438234952332115,1.14865996945784,0.3091432059207982,1.704965888937337,0.18313550642843981
2008-01-13,0,6,-1.2960580679261784,1,2008,-1.5482392750216736,0.0,0.0,-1.1070378017940468,0.8794131786169637,0.6869311922437294,1.196925992730013,1,2.220945232237866,0.22671128361187176,0.5481575581907875,0.4289547580262724,1.6823462789856694,0.6756848244907059,1.8390745991823296,1.7932803136561053,1.2045581192661579,1.059857611293837,1.2024663371337834,0.551241340037301,1.779481015180022,0.2598658688514682
2008-01-14,0,0,-1.2960580679261784,1,2008,-1.5388967300236274,0.0,0.0,-0.000979679470614218,1.4116968620477444,0.6869311922437294,1.196925992730013,0,2.2448250323553216,2.214802571489003,0.22705448895502447,0.20842161958558905,1.0988429961336645,1.9617879111065857,2.05275603315942,0.8709543793458088,1.3068148627360736,0.8658700379100445,1.170885822064994,0.5440543473003369,1.721220148868019,0.22154551235357126
2008-01-15,0,1,-1.2960580679261784,1,2008,-1.529554185025581,0.0,0.0,1.105078442852818,0.879413178616964,0.6869311922437294,1.196925992730013,0,0.7740105375907012,2.2386305344019024,2.215148097038144,0.8011966944005511,2.024604441897894,2.004556305030766,1.9292159507968891,0.6594558031036515,1.5067070077791669,1.0570763410290644,1.1588828859426639,0.4911032326051871,1.7150575956356142,0.2019940123929138
2008-01-16,0,2,-1.2960580679261784,1,2008,-1.5202116400275347,0.0,0.0,1.378252239592745,-0.3166174014436045,0.6869311922437294,1.196925992730013,0,1.9055746092980312,0.7710088181133862,2.238976087759516,0.3663183690731626,0.12324822193155324,0.37674485568921295,1.4273270005060439,0.17877926707862787,1.6146476848687557,0.8234518768550841,1.2399308060043381,0.37573729427672714,1.7427318835678969,0.14069350602347905
2008-01-17,0,3,-1.2960580679261784,1,2008,-1.5108690950294883,0.0,0.0,0.612836270074063,-1.2757594567707242,0.6869311922437294,1.196925992730013,0,0.9636130736700096,1.9001165410253107,0.7713526586800855,0.5463928733038231,-0.10512272006639127,1.769932629041656,1.1242287312676864,1.194027679116081,1.5146665033224456,1.1848719320899235,1.250178115350859,0.3335113331599499,1.6567320808619537,0.24303374518799659
2008-01-18,0,4,-1.2960580679261784,1,2008,-1.501526550031442,0.0,0.0,-0.6147956290152912,-1.2757594567707244,0.6869311922437294,1.196925992730013,0,0.00026740780080502217,0.9601997734676178,1.9004616993194787,0.22547513676082623,1.2271927897265904,1.0490669784392335,0.7894753917101511,0.11148981837127367,1.6641657019546088,0.8405802188833893,1.2328947839371889,0.3173227258703214,1.6559903420562998,0.24332676786862734
2008-01-19,0,5,-1.2960580679261784,1,2008,-1.4921840050333957,0.0,0.0,-1.3802115985339736,-0.31661740144360484,0.6869311922437294,1.196925992730013,1,1.0510230564048717,-0.0010547046155107106,0.960543834830007,2.2124212667375107,1.0421004914479268,0.6334092239934688,0.6853204742530643,-0.030184073560456912,1.3873009038593054,0.5394370061404659,1.1994465667820793,0.32174562271302737,1.658490191685062,0.23838640664893193
2008-01-20,0,6,-1.2960580679261784,1,2008,-1.4828414600353494,0.0,0.0,-1.1070378017940468,0.8794131786169637,0.6869311922437294,1.196925992730013,1,0.6977285075233134,1.047420010512275,-0.0007117650871186255,2.236235504536203,0.4318569581448025,0.6887944797666607,0.7978722817935433,-0.47718168497906793,1.031547059218508,-0.010063300389567278,1.1854674792288495,0.3528728233440454,1.6386694643417614,0.2909888851601782
2008-01-21,0,0,-1.2960580679261784,1,2008,-1.4734989150373032,0.0,0.0,-0.000979679470614218,1.4116968620477444,0.6869311922437294,1.196925992730013,0,0.2875873850765442,0.6948923776730925,1.0477641736652197,0.7694591511409917,0.21137345267253377,1.7497989797828832,0.578247403129035,-0.9955746777755666,0.9799914758990395,0.03462837918413675,1.212362916685065,0.29106360260883984,1.5771089078133487,0.28818672049017413
2008-01-22,0,1,-1.2960580679261784,1,2008,-1.4641563700392568,0.0,0.0,1.105078442852818,0.879413178616964,0.6869311922437294,1.196925992730013,0,0.49036910933806344,0.2856415712740468,0.695236129407945,1.8979164981686536,0.804015118119755,1.4085294057250328,0.8090694744549897,-0.048971155817875714,0.8675512510517127,-0.575211404845512,1.2587535247711894,0.31694509392464737,1.5702324391638505,0.2809770217987513
2008-01-23,0,2,-1.2960580679261784,1,2008,-1.4548138250412106,0.0,0.0,1.378252239592745,-0.3166174014436045,0.6869311922437294,1.196925992730013,0,1.286966421488047,0.4879831060168511,0.2859848453919118,0.958541130856862,0.36923466607498423,1.1533569188914152,0.9041136992107474,-0.28157782266431625,0.788775299063864,-0.6316203543031833,1.2742245324872639,0.2843878270454221,1.5395006881626345,0.30979727745631475
2008-01-24,0,3,-1.2960580679261784,1,2008,-1.4454712800431642,0.0,0.0,0.612836270074063,-1.2757594567707242,0.6869311922437294,1.196925992730013,0,0.5302143592119266,1.2828512002665433,0.4883266162778164,-0.0021596562732257778,0.5492686429171355,1.8910619284463852,0.7608335594591779,0.13167658940639965,0.8113755686328367,-0.7327216286973848,1.2331762907465278,0.3876818647334083,1.4535799366136049,0.31749901144469006
2008-01-25,0,4,-1.2960580679261784,1,2008,-1.436128735045118,0.0,0.0,-0.6147956290152912,-1.2757594567707244,0.6869311922437294,1.196925992730013,0,0.12460646725273024,0.5277418616002206,1.2831956381799374,1.0457111282851899,0.22842313180018636,1.6975088717666609,0.7038083638226423,-0.09709071498811611,0.827801621032789,-0.6734290693048753,1.321194635855376,0.28968493376724463,1.425721850649825,0.26972038246104957
2008-01-26,0,5,-1.2960580679261784,1,2008,-1.4267861900470715,0.0,0.0,-1.3802115985339736,-0.31661740144360484,0.6869311922437294,1.196925992730013,1,1.1413936557326771,0.12301444515428245,0.5280854182617227,0.693386554433456,2.2149220816605037,1.6163633458940807,1.3417309511152524,1.3825525539282941,1.0933507493768946,0.3757691682251868,1.3151920140777802,0.258105649328346,1.4505002148338226,0.35825436558467927
2008-01-27,0,6,-1.2960580679261784,1,2008,-1.4174436450490253,0.0,0.0,-1.1070378017940468,0.8794131786169637,0.6869311922437294,1.196925992730013,1,2.1586902343654493,1.137594437375481,0.12335752947782855,0.2843714800639553,2.2387309598505634,2.3583857827932437,1.835060966075478,-0.039996414511864226,1.292632680927639,0.27802948470972294,1.2321883798477102,-0.07682368021803239,1.402209430187006,0.18411558693501034
2008-01-28,0,0,-1.2960580679261784,1,2008,-1.408101100050979,0.0,0.0,-0.000979679470614218,1.4116968620477444,0.6869311922437294,1.196925992730013,0,1.3839693489801852,2.1526827139880904,1.137938705766674,0.4865964643201133,0.7722847176800607,2.3583857827932437,1.8808220082046039,-0.16792808166495082,1.4321982004470801,0.1400342775693528,1.2788749986068855,-0.057290056461483586,1.3478981552564409,-0.017327470284988652
2008-01-29,0,1,-1.2960580679261784,1,2008,-1.3987585550529327,0.0,0.0,1.105078442852818,0.879413178616964,0.6869311922437294,1.196925992730013,0,1.2582115182972213,1.3796435581320436,2.153028167040125,1.2810067076232752,1.9004880952215115,1.6614539444603513,1.7743783690325998,-0.6217723770275281,1.5412555309437441,0.36457598849735245,1.277080475105663,-0.06566639060861619,1.3574815122789954,0.018228460333579232
2008-01-30,0,2,-1.2960580679261784,1,2008,-1.3894160100548865,0.0,0.0,1.378252239592745,-0.3166174014436045,0.6869311922437294,1.196925992730013,0,1.8869630657275933,1.2541587169364934,1.3799881090071564,0.526332318513921,0.9613241427939633,1.0836469007621208,1.2781181474531629,1.0315320023133008,1.4661713084447396,0.6526833152766288,1.1954622894934546,0.08156010739300852,1.3103539293994186,0.08392006214141227
2008-01-31,0,3,-1.2960580679261784,1,2008,-1.38007346505684,0.0,0.0,0.612836270074063,-1.2757594567707242,0.6869311922437294,1.196925992730013,0,0.11712629507564545,1.881545398563191,1.2545031213642666,0.12183802858551075,0.0008395700258562143,2.000370936199124,1.0408932800365034,1.062078495458932,1.5621463327760046,0.30497066587245875,1.258362909350732,-0.09527330190682406,1.2444111891725562,-0.045792785587040884
2008-02-01,0,4,-1.2960580679261784,2,2008,-1.3707309200587938,0.0,0.0,-0.6147956290152912,-1.2757594567707244,1.2057267281003763,0.6801446366438934,0,0.6526286760058497,0.11555051060118733,1.881890535183869,1.1358336138929965,1.0484745218295197,0.11757601668084187,0.2766209332848789,-0.5047605358682319,1.3430399195079403,0.8785434497682055,1.1508470861791107,0.11074816021281157,1.23545418572662,-0.012480513431089966
2008-02-02,0,5,-1.2960580679261784,2,2008,-1.3613883750607474,0.0,0.0,-1.3802115985339736,-0.31661740144360484,1.2057267281003763,0.6801446366438934,1,-0.06405591921564055,0.6498904468574899,0.11589358621393342,2.150337190815656,0.6962292417953468,-0.10856553682928685,1.1450816779165718,2.0092215999099263,1.374925749378514,1.0230441804337056,1.3086273675812996,0.518357641631162,1.35227199193832,0.09446691039341786
2008-02-03,0,6,-1.2960580679261784,2,2008,-1.3520458300627012,0.0,0.0,-1.1070378017940468,0.8794131786169637,1.2057267281003763,0.6801446366438934,1,2.334115314312025,-0.06523840142383655,0.6502341460727473,1.3777433122474692,0.28730621995097155,1.2107437260494194,1.232563344729597,1.942950349971068,1.2825865286559404,0.9933863845553359,1.3653572526952165,0.42399611069688437,1.3353092176012695,0.08612570329383973
2008-02-04,0,0,-1.2960580679261784,2,2008,-1.342703285064655,0.0,0.0,-0.000979679470614218,1.4116968620477444,1.2057267281003763,0.6801446366438934,0,0.8759501052216577,2.3277269889987506,-0.06489553680115859,1.2523307514135689,0.4894856916536548,1.0274583241970516,1.2951623611838479,1.7314541566417174,1.0712929608454151,1.1871228756695256,1.3273076847771486,0.5326786987849046,1.2898826257647533,0.1527358198739808
2008-02-05,0,1,-1.2960580679261784,2,2008,-1.3333607400666085,0.0,0.0,1.105078442852818,0.879413178616964,1.2057267281003763,0.6801446366438934,0,0.095745583560316,0.8727270998795692,2.328072646336563,1.8793560528463686,1.2837171457789502,0.4231720720436553,0.9836886293327994,0.5196358518437335,1.008044518783043,0.977885271355296,1.3516079195285307,0.5729654563449607,1.3428511562383627,0.1675244233469754
2008-02-06,0,2,-1.2960580679261784,2,2008,-1.3240181950685623,0.0,0.0,1.378252239592745,-0.3166174014436045,1.2057267281003763,0.6801446366438934,0,1.538991473006797,0.09421621138038783,0.8730710591567965,0.11437839332373793,0.5292126029357075,0.2048409568210076,0.7057823695615438,0.7866978017698276,1.0170218653451248,0.9553817890083067,1.316540214136554,0.6600350335021804,1.3407010629705187,0.17422352961385187
2008-02-07,0,3,-1.2960580679261784,2,2008,-1.314675650070516,0.0,0.0,0.612836270074063,-1.2757594567707242,1.2057267281003763,0.6801446366438934,0,0.16651662754476346,1.534329167049052,0.09455926209489654,0.6484105451220232,0.12480934808918051,0.7916971729689922,0.632240611660491,0.9712334839482891,0.8816775069799874,1.1894104376942876,1.2956559689228577,0.7351539469215236,1.2977188376526327,0.2735895532296036
2008-02-08,0,4,-1.2960580679261784,2,2008,-1.3053331050724697,0.0,0.0,-0.6147956290152912,-1.2757594567707244,1.2057267281003763,0.6801446366438934,0,-0.09199032820057527,0.16483362874042462,1.5346738984503199,-0.06630638271307401,1.138576724560507,0.3611611073861588,0.28277731346244434,-0.4980361412877856,1.010901088461582,0.9730094887171236,1.2479758354993387,0.7439035438715365,1.3109860113207406,0.2519739726947999
2008-02-09,0,5,-1.2960580679261784,2,2008,-1.2959905600744233,0.0,0.0,-1.3802115985339736,-0.31661740144360484,1.2057267281003763,0.6801446366438934,1,0.646888635290434,-0.09311217164020645,0.16517676186913413,2.3252806387990677,2.15285197831892,0.5394375678303123,0.5725409998363121,-0.07921859052516249,0.7513621280380469,-0.13901476462879145,1.1272127106254628,0.4366762151587634,1.3280237451399162,0.23859162747184792
2008-02-10,0,6,-1.2960580679261784,2,2008,-1.286648015076377,0.0,0.0,-1.1070378017940468,0.8794131786169637,1.2057267281003763,0.6801446366438934,1,0.9062195039675289,0.6441628663663334,-0.09276933954766882,0.8711188422907907,1.3804319789592885,0.22172419464034138,1.0187707557482093,-1.001586735024562,0.7824774235598299,-0.07484262452074486,1.0947352634393275,0.3840417142311664,1.3672134789298667,0.18978830886626186
2008-02-11,0,0,-1.2960580679261784,2,2008,-1.2773054700783308,0.0,0.0,-0.000979679470614218,1.4116968620477444,1.2057267281003763,0.6801446366438934,0,1.0471359651044316,0.9029307911652921,0.6445065588972062,0.09305638284513662,1.255047643351378,2.1888306690345085,0.84564482773531,-0.27499989098276645,0.8023242756292127,-0.1287863933200199,0.9931785504541647,0.4022245680579554,1.2706997086874798,0.07077986574606179
2008-02-12,0,1,-1.2960580679261784,2,2008,-1.2679629250802844,0.0,0.0,1.105078442852818,0.879413178616964,1.2057267281003763,0.6801446366438934,0,0.20493626873588056,1.043541357136184,0.9032747856917988,1.5323398209062464,1.8819318270945584,2.212407121687062,0.7689893904971133,-0.3546212262014871,0.6517413577193963,-0.6869170100869746,0.8797474583204916,0.10268284632110278,1.1972475995548395,-0.13050222969242523
2008-02-13,0,2,-1.2960580679261784,2,2008,-1.2586203800822382,0.0,0.0,1.378252239592745,-0.3166174014436045,1.2057267281003763,0.6801446366438934,0,0.7105350545870126,0.20316987028876468,1.0438855157625384,0.1636331239576127,0.11735139168548749,0.7602765290545159,0.5786759525431747,-0.8353650799410954,0.7234998545452302,-0.7910230184237994,0.9225753900654688,0.03667259412261712,1.1870647303422788,-0.12278350621181709
2008-02-14,0,3,-1.2960580679261784,2,2008,-1.2492778350841918,0.0,0.0,0.612836270074063,-1.2757594567707242,1.2057267281003763,0.6801446366438934,0,0.5613076708895449,0.7076711248558661,0.203513048157863,-0.09416409739498574,0.651263354739759,1.8774662303383785,0.52015619082481,-0.5907770294658667,0.750316935477831,-0.9341552995658043,0.8650049401227293,0.11966340853571274,1.0984971562060852,-0.19795098014958926
2008-02-15,0,4,-1.2960580679261784,2,2008,-1.2399352900861456,0.0,0.0,-0.6147956290152912,-1.2757594567707244,1.2057267281003763,0.6801446366438934,0,0.055548204923089005,0.5587676773042621,0.7080148915041815,0.6426862637671236,-0.0632927196156505,0.9474705253480739,0.5318140741064644,-0.5560836359428879,0.7672947898953055,-0.9188124381671753,0.942560395728958,-0.0014607961974738286,1.0878061009847957,-0.20240884783666538
2008-02-16,0,5,-1.2960580679261784,2,2008,-1.2305927450880991,0.0,0.0,-1.3802115985339736,-0.31661740144360484,1.2057267281003763,0.6801446366438934,1,0.7402950631800644,0.05410609141906156,0.5591112701745057,0.9013051359872231,2.327756053704229,-0.0036376651600118436,0.830760770895297,0.2639513250500151,0.8433142173902183,-0.6134068797023402,0.8452088143207748,-0.6222127815767828,1.1511997278184427,-0.23843597878000555
2008-02-17,0,6,-1.2960580679261784,2,2008,-1.221250200090053,0.0,0.0,-1.1070378017940468,0.8794131786169637,1.2057267281003763,0.6801446366438934,1,1.3244527505199433,0.7373665317501837,0.05444909532297304,1.0418347090472313,0.8739215294010557,1.033770130418997,1.0508918735552635,-0.489874351445873,0.7652211825389192,-0.7357468890817606,0.8202885393956599,-0.6426532966786784,1.1304451166214236,-0.24215990914170216
2008-02-18,0,0,-1.2960580679261784,2,2008,-1.2119076550920065,0.0,0.0,-0.000979679470614218,1.4116968620477444,1.2057267281003763,0.6801446366438934,0,0.6174944303641828,1.3202561556480525,0.7377103330545842,0.20194728349686686,0.09603417991732081,0.684963517166707,0.7222453631492877,0.4878571695243587,0.7100372523947791,-0.5143356115114461,0.8015432844463679,-0.571464034674667,1.0923187272754995,-0.15642030111283264
2008-02-19,0,1,-1.2960580679261784,2,2008,-1.2025651100939603,0.0,0.0,1.105078442852818,0.879413178616964,1.2057267281003763,0.6801446366438934,0,-0.0986670998010594,0.6148324690685388,1.3206006372149761,0.7061579409465343,1.5349936942818556,0.28003245800080107,0.5749100745663773,-0.028720124538740892,0.7532611223686119,-0.43793284812393474,0.7445925450440932,-0.8231566551137662,1.123951301398143,-0.17944792625641987
2008-02-20,0,2,-1.2960580679261784,2,2008,-1.193222565095914,0.0,0.0,1.378252239592745,-0.3166174014436045,1.2057267281003763,0.6801446366438934,0,0.948338206536887,-0.0997744496028241,0.6151761273693118,0.5573402630778455,0.16659503709875953,0.4802382259444014,0.789467356408628,0.3832556030365545,0.8630287115432376,-0.27507909266778446,0.8408866629342908,-0.7711916712252568,1.1562585108599102,-0.1746832702817543
2008-02-21,0,3,-1.2960580679261784,2,2008,-1.1838800200978676,0.0,0.0,0.612836270074063,-1.2757594567707242,1.2057267281003763,0.6801446366438934,0,1.1652119187846892,0.9449580643344888,-0.09943162528551154,0.05296936666231472,-0.09114416466805127,1.2667162835780186,0.8694494084741218,0.0434079499359025,0.8721098316829398,-0.3095623885266804,0.859929576722966,-0.8548350299624994,1.099697817256011,-0.15056115716499305
2008-02-22,0,4,-1.2960580679261784,2,2008,-1.1745374750998214,0.0,0.0,-0.6147956290152912,-1.2757594567707244,1.2057267281003763,0.6801446366438934,0,0.10550946461048741,1.1613609968048533,0.9453021079090103,0.7358362430277986,0.6455403616859178,0.5195773176645876,0.6053879732135805,0.07146137087007096,0.787399522412065,-0.2326396538819054,0.8239995507065989,-0.8127964897259249,1.0874437422655279,-0.13008758751436647
2008-02-23,0,5,-1.2960580679261784,2,2008,-1.165194930101775,0.0,0.0,-1.3802115985339736,-0.31661740144360484,1.2057267281003763,0.6801446366438934,1,0.27424751677900916,0.10395889743324911,1.161705292932858,1.3183901174246433,0.904101029400304,0.1191219029105983,0.32620811815216566,-1.0879624370677285,0.6289155204338001,-0.5848817703350894,0.7802545792150375,-0.8388241673136112,1.103142516426925,-0.1647327622895163
2008-02-24,0,6,-1.2960580679261784,2,2008,-1.1558523851037288,0.0,0.0,-1.1070378017940468,0.8794131786169637,1.2057267281003763,0.6801446366438934,1,0.4525272328169338,0.2723306605673746,0.10430195951797942,0.6133727610336751,1.0445989750146127,1.122992743077193,0.07788917777683788,-0.06579786226857103,0.42063511476624904,-0.08927576204897834,0.6283420995845682,-0.5733826782940032,1.0232036297516416,-0.006653006361977688
2008-02-25,0,0,-1.2960580679261784,2,2008,-1.1465098401056824,0.0,0.0,-0.000979679470614218,1.4116968620477444,1.2057267281003763,0.6801446366438934,0,-0.5283941026877517,0.4502233749527333,0.2726739191507141,-0.10082253782746059,0.20490057369144118,2.127366502563074,-0.7444409008560308,1.7496890482469596,0.10685488597850683,1.4532592467116432,0.4326177329094979,0.561489805906277,0.8324906678612076,0.3745272560826158
2008-02-26,0,1,-1.2960580679261784,2,2008,-1.1371672951076361,0.0,0.0,1.105078442852818,0.879413178616964,1.2057267281003763,0.6801446366438934,0,-1.824980071556051,-0.5285686202864743,0.4505668411461276,0.943308201080967,0.708997753992901,1.3624869732793006,-1.6348460539257674,0.5924872871306196,-0.39641465274498155,1.958889091663181,0.18857737024039903,1.2433049880316036,0.6790818323512076,0.7968234476607513
2008-02-27,0,2,-1.2960580679261784,2,2008,-1.12782475010959,0.0,0.0,1.378252239592745,-0.3166174014436045,1.2057267281003763,0.6801446366438934,0,-1.8204810283270507,-1.822340018188444,-0.5282262963942723,1.1595864835771028,0.5602135688825224,1.2383266567690527,-2.101086389044376,-1.4200075755170982,-0.9205861784767637,1.5730420255377102,-0.031251429025926446,1.6728906283906055,0.53657076347281,1.1092989509865696
2008-02-28,0,3,-1.2960580679261784,2,2008,-1.1184822051115435,0.0,0.0,0.612836270074063,-1.2757594567707242,1.2057267281003763,0.6801446366438934,0,-1.7186029977615387,-1.8178507412817337,-1.8219992041947877,0.10279345702596113,0.0559561856784213,1.8590911110483883,-2.0979419077180896,-1.426838826378315,-1.2700191558628,1.5679994255686487,-0.21179783195857757,2.0699263093173195,0.35925067149998585,1.2656173942225175
2008-02-29,0,4,-1.2960580679261784,2,2008,-1.1091396601134973,0.0,0.0,-0.6147956290152912,-1.2757594567707244,1.2057267281003763,0.6801446366438934,0,-1.8169529032416931,-1.7161938629990794,-1.8175099220488578,0.2710682365578039,0.7386693767050682,0.11173675210118783,-1.5446926493589364,0.707377511320492,-1.3940553012607622,1.1538431236499216,-0.32253153507489374,1.9618788139552619,0.3341034019170599,1.2958467427243645
2008-03-01,0,5,-1.2960580679261784,3,2008,-1.0997971151154509,0.0,0.0,-1.3802115985339736,-0.31661740144360484,1.3956190735938696,-0.025791823971918176,1,-0.4081575142653036,-1.8143302748928831,-1.7158529251273367,0.4488584831900204,1.3210921421073545,0.6404365932737226,-1.1595633261687068,0.5631657055555426,-1.6099863673334074,0.21181410910483392,-0.5211474447611162,1.6216153276894196,0.26765083901155495,1.3473362146709342
2008-03-02,0,6,-1.2960580679261784,3,2008,-1.0904545701174047,0.0,0.0,-1.1070378017940468,0.8794131786169637,1.3956190735938696,-0.025791823971918176,1,-0.735452652997506,-0.4085930360851037,-1.8139894515514399,-0.5293697193334921,0.6162334562201888,-0.0671438865856011,-0.7222808784939976,-1.0697015267036867,-1.6412992676317344,0.10559423699682105,-0.6482444728451244,1.472966633957914,0.2371739175161649,1.3989687953572936
2008-03-03,0,0,-1.2960580679261784,3,2008,-1.0811120251193582,0.0,0.0,-0.000979679470614218,1.4116968620477444,1.3956190735938696,-0.025791823971918176,0,-0.700667117393337,-0.7351776971343641,-0.4082505721751517,-1.8223958936399889,-0.09780110655855637,2.3005631403526685,-0.9183408962482279,-1.2699147879688473,-1.4747451611472195,-0.022578939331009594,-0.7263434937073253,1.4719408723175353,0.08193053869800823,1.1100032255954815
2008-03-04,0,1,-1.2960580679261784,3,2008,-1.071769480121312,0.0,0.0,1.105078442852818,0.879413178616964,1.3956190735938696,-0.025791823971918176,0,-0.9086555611364445,-0.7004676724187213,-0.7348356143657062,-1.817909202595884,0.9460946413260667,0.8609211482662242,-0.5653809026741454,0.07246935509039926,-1.1137529257319816,0.3278630586966496,-0.8018173152374678,1.2046928135276314,0.04792233819317928,1.0579361430412881
2008-03-05,0,2,-1.2960580679261784,3,2008,-1.0624269351232658,0.0,0.0,1.378252239592745,-0.3166174014436045,1.3956190735938696,-0.025791823971918176,0,0.16557647793384214,-0.9080046241287919,-0.7001255491416583,-1.7163108795606723,1.1623242484474274,0.09062764188084728,0.020514446524390738,0.9268446782739506,-0.6568732831977213,0.7951992826035705,-0.837513631268097,1.014859898595395,0.0813979663075413,1.101087665607183
2008-03-06,0,3,-1.2960580679261784,3,2008,-1.0530843901252194,0.0,0.0,0.612836270074063,-1.2757594567707242,1.3956190735938696,-0.025791823971918176,0,0.7949946769065089,0.16389551996432833,-0.9076627430581513,-1.8143907640263408,0.10576906268193148,1.5155398359177978,0.999922616827362,0.4968093522444104,-0.03733135403900833,1.1715104671029313,-0.6942289727472826,1.6552306075717433,0.08391450996943914,1.1132770044887093
2008-03-07,0,4,-1.2960580679261784,3,2008,-1.0437418451271732,0.0,0.0,-0.6147956290152912,-1.2757594567707244,1.3956190735938696,-0.025791823971918176,0,1.5915578017979137,0.7919474059958993,0.1642386519982161,-0.4094632421137508,0.2740059704595493,0.16049967428749426,1.1298038913023158,0.061027865629942585,0.12721749894264575,1.1765471588796814,-0.6727382023237684,1.7107558999138992,0.09974241738716093,1.126754043949101
2008-03-08,0,5,-1.2960580679261784,3,2008,-1.0343993001291267,0.0,0.0,-1.3802115985339736,-0.31661740144360484,1.3956190735938696,-0.025791823971918176,1,0.4971347678108525,1.5867813871991883,0.7922912709990203,-0.7358597875533077,0.45175620379599574,-0.0947234420077992,1.2713939393018545,0.0176616069791084,0.4710945508346989,1.1451602969709687,-0.6048667128121149,1.953512372719128,0.15950951102229508,1.210042138730658
2008-03-09,0,6,-1.2960580679261784,3,2008,-1.0250567551310805,0.0,0.0,-1.1070378017940468,0.8794131786169637,1.3956190735938696,-0.025791823971918176,1,1.1564428869591725,0.4947340779001175,1.5871261798149265,-0.7011697561142665,-0.5262518396628906,0.6347694688637573,0.6401205640130809,0.1307131939681097,0.5948249680878166,0.774923864111993,-0.5558420052957443,1.9741276224137592,0.12758577332170318,1.188835560965851
2008-03-10,0,0,-1.2960580679261784,3,2008,-1.015714210133034,0.0,0.0,-0.000979679470614218,1.4116968620477444,1.3956190735938696,-0.025791823971918176,0,-0.01994409947112399,1.1526110004023409,0.4950775960398183,-0.9085871647322595,-1.8189870067868732,0.8908060318432705,0.47655530558636294,0.3144426580760907,0.7744514383590381,-0.030051762186111147,-0.3722036423260886,1.7017140540264748,0.08801191310261107,1.1366437993985012
2008-03-11,0,1,-1.2960580679261784,3,2008,-1.0063716651349879,0.0,0.0,1.105078442852818,0.879413178616964,1.3956190735938696,-0.025791823971918176,0,0.07958868515586826,-0.02122233764931035,1.1529552863186445,0.16269555554034348,-1.8145013255129845,1.0299324172241535,0.44400028149748344,0.17435516298564907,0.9394489411792619,-0.08081855349124786,-0.09318193818076047,1.5354175834005666,0.0892662569257632,1.1406336433609805
2008-03-12,0,2,-1.2960580679261784,3,2008,-0.9970291201369416,0.0,0.0,1.378252239592745,-0.3166174014436045,1.3956190735938696,-0.025791823971918176,0,1.0733370800794042,0.0780943856500604,-0.020879421657595487,0.7903856782144846,-1.71292586809513,0.1984312669731612,0.5871451603402161,-0.08943206030836223,0.8577424730713366,-0.018196840289927182,0.10583612409023357,1.0980113370303257,0.09599427961393489,1.14510355361832
2008-03-13,0,3,-1.2960580679261784,3,2008,-0.9876865751388952,0.0,0.0,0.612836270074063,-1.2757594567707242,1.3956190735938696,-0.025791823971918176,0,0.3454732513025668,1.0696855958998874,0.07843741754955955,1.5847618281206552,-1.8109836787997207,0.6976073813952562,0.6251976698824183,-0.20068652354313704,0.6005784983583488,-0.51516277031243,0.298066707776795,0.4045897474433059,0.07043898822110495,1.113758516681045
2008-03-14,0,4,-1.2960580679261784,3,2008,-0.9783440301408489,0.0,0.0,-0.6147956290152912,-1.2757594567707244,1.3956190735938696,-0.025791823971918176,0,0.1767283616823259,0.343401781444588,1.070029785037929,0.49334354758476595,-0.40637234847544657,0.5502756479258448,0.6320129447842323,-0.17172257953248266,0.7084731919464747,-0.31272104051351235,0.4425897984787416,0.44376492603304446,0.095784622197774,1.1756424767984606
2008-03-15,0,5,-1.2960580679261784,3,2008,-0.9690014851428026,0.0,0.0,-1.3802115985339736,-0.31661740144360484,1.3956190735938696,-0.025791823971918176,1,1.0907349759702616,0.17502319570117844,0.3437451229716239,1.150841527248741,-0.7326954354336841,0.05094089452383765,0.49947600315849916,0.11090138161451582,0.4995713876105411,-0.4600546162261492,0.5141900994977079,0.22475093254826298,0.09346693393059542,1.1759138338774706
2008-03-16,0,6,-1.2960580679261784,3,2008,-0.9596589401447564,0.0,0.0,-1.1070378017940468,0.8794131786169637,1.3956190735938696,-0.025791823971918176,1,0.007135628049329526,1.0870457252146557,0.17536634072164284,-0.02231567257471398,-0.698013211298556,0.726989345653022,0.5841453144411958,0.012435246297476471,0.5746058982160744,-0.5869942228432011,0.6196289034589693,-0.05731833256343122,0.07683443958247019,1.1492537310761537
2008-03-17,0,0,-1.2960580679261784,3,2008,-0.9503163951467101,0.0,0.0,-0.000979679470614218,1.4116968620477444,1.3956190735938696,-0.025791823971918176,0,0.39287046659652436,0.005798606406964765,1.0873899346128713,0.07694384342687006,-0.9053839387612207,1.3037264200612178,0.2471300375071313,-1.0289931436128177,0.6020195218703188,-0.6510138477413002,0.7294574336262856,-0.5613191447805418,0.02445854728522263,1.0239577163815288
2008-03-18,0,1,-1.2960580679261784,3,2008,-0.9409738501486637,0.0,0.0,1.105078442852818,0.879413178616964,1.3956190735938696,-0.025791823971918176,0,0.230409195103111,0.3906961089784939,0.006141553933527443,1.0679638885016596,0.16565767968970418,0.6057486614325994,0.47564463808130103,-1.068069908061979,0.5142544167456873,-0.9446839286303873,0.7704268930163989,-0.6068702210572874,0.023165414385076077,1.0214726000062533
2008-03-19,0,2,-1.2960580679261784,3,2008,-0.9316313051506174,0.0,0.0,1.378252239592745,-0.3166174014436045,1.3956190735938696,-0.025791823971918176,0,0.5904830773608948,0.22858750116406318,0.39103950570047113,0.3420984198502784,0.79320653505022,-0.10131539791766721,0.14518482796672919,-0.04747028693840273,0.36953563806936995,-0.4785095181997578,0.6503151234765451,-0.35455657534005364,0.006311314930406538,1.0373600451198755
2008-03-20,0,3,-1.2960580679261784,3,2008,-0.9222887601525711,0.0,0.0,0.612836270074063,-1.2757594567707242,1.3956190735938696,-0.025791823971918176,0,-0.45072065119619176,0.5878797511050782,0.2289307086968594,0.17381682163903395,1.5874039034515501,0.9323896963642975,-0.15857903208047053,0.24935227868645968,0.23834595120101945,-0.1260905246105677,0.44430520999607376,-0.4928213923485184,-0.06518186398050536,0.9856133362525358
2008-03-21,0,4,-1.2960580679261784,3,2008,-0.9129462151545248,0.0,0.0,-0.6147956290152912,-1.2757594567707244,1.3956190735938696,-0.025791823971918176,0,-0.5450330414381612,-0.4510637788575496,0.5882233779506267,1.085314018230715,0.4962312564264702,1.1465084403757375,-0.05889040304892284,0.6786970031158017,0.19367422232986303,-0.344381428815674,0.47784308739959036,-0.4283468336387309,-0.08051320574589882,0.9316994498131801
2008-03-22,0,5,-1.2960580679261784,3,2008,-0.9036036701564785,0.0,0.0,-1.3802115985339736,-0.31661740144360484,1.3956190735938696,-0.025791823971918176,1,0.84496619277148,-0.5451714399710897,-0.4507213645131645,0.0046897071824002975,1.1535812602502242,0.10026749138345102,0.4400134327290203,0.735783625567482,0.34194491579463865,-0.15767941393318924,0.44568011034941507,-0.5518202527522962,-0.04617046991036544,0.9896654016888827
2008-03-23,0,6,-1.2960580679261784,3,2008,-0.8942611251584323,0.0,0.0,-1.1070378017940468,0.8794131786169637,1.3956190735938696,-0.025791823971918176,1,0.8228709675518536,0.8418104459240069,-0.5448291354552423,0.38936550543953513,-0.019311909982685133,0.26686204737084623,1.1583131410782885,-0.8266268064808917,0.504760687890181,0.2829625693935104,0.5718525171217194,-0.36278196539869406,0.002391654150047309,1.1154461489598873
2008-03-24,0,0,-1.2960580679261784,3,2008,-0.8849185801603859,0.0,0.0,-0.000979679470614218,1.4116968620477444,1.3956190735938696,-0.025791823971918176,0,1.2886279222549897,0.8197631840333776,0.8421543691198902,0.2273502735953635,0.0799252667711224,0.44287705852692255,1.0993942927180014,-0.6806511967118447,0.5891261209001061,0.29605350328130875,0.6311479379465109,-0.3826830054484695,0.01397862248301954,1.1364309595513062
2008-03-25,0,1,-1.2960580679261784,3,2008,-0.8755760351623396,0.0,0.0,1.105078442852818,0.879413178616964,1.3956190735938696,-0.025791823971918176,0,0.6945593486530345,1.284509094321759,0.820107081498959,0.5864355680705515,1.070722273861946,-0.5255835361453396,1.0741768381294297,-0.6411122316047579,0.6196647584576327,0.3252870412412141,0.6007910215618735,-0.46273141548513835,0.07558680610597149,1.15242723609806
2008-03-26,0,2,-1.2960580679261784,3,2008,-0.8662334901642933,0.0,0.0,1.378252239592745,-0.3166174014436045,1.3956190735938696,-0.025791823971918176,0,0.758496359647536,0.6917300982714784,1.2848535341700018,-0.4519095213683893,0.34502016776974115,-1.805698845093991,0.6104609269035152,-0.5408294525679622,0.7206494988533765,-0.03920375610681379,0.5775914322863503,-0.4340298893757959,0.16797551349361764,0.8638521272140869
2008-03-27,0,3,-1.2960580679261784,3,2008,-0.856890945166247,0.0,0.0,0.612836270074063,-1.2757594567707242,1.3956190735938696,-0.025791823971918176,0,0.10486332542334657,0.7555283176554428,0.6920738463157862,-0.5459629756493388,0.17677644284732688,-1.8012569536565173,0.20358673859620421,0.027707911397014822,0.7571715841887317,-0.2593686988981604,0.5273731227130515,-0.2950590032446756,0.23865526745658355,0.5550734996012197
2008-03-28,0,4,-1.2960580679261784,3,2008,-0.8475484001682007,0.0,0.0,-0.6147956290152912,-1.2757594567707244,1.3956190735938696,-0.025791823971918176,0,-0.34410084786577283,0.10331416085622439,0.7558721401555926,0.8402199965972275,1.088068498788091,-1.7006730897988191,0.11624836799353995,-0.3079468879301938,0.7009294121123434,-0.3004723323454601,0.47384133954785845,-0.4270847877875735,0.34656942566158916,0.2192430081715091
2008-03-29,0,5,-1.2960580679261784,3,2008,-0.8382058551701543,0.0,0.0,-1.3802115985339736,-0.31661740144360484,1.3956190735938696,-0.025791823971918176,1,0.5355407340985425,-0.3446754210387241,0.10365722218851356,0.8181854341215048,0.007687391970567163,-1.79777364669339,0.6771646432151229,1.1600852725928428,0.8306880178474134,0.12686331203088602,0.6213275036797251,-0.13646495567227343,0.5071239620221669,-0.08489497415935286
2008-03-30,0,6,-1.2960580679261784,3,2008,-0.8288633101721081,0.0,0.0,-1.1070378017940468,0.8794131786169637,1.3956190735938696,-0.025791823971918176,1,1.5367590450215862,0.5330566742299007,-0.34433288253358924,1.282663646717073,0.3922766154758086,-0.40687432500859005,1.1964928762278149,-0.12710430466806633,0.7748870388255731,-0.023738729685021616,0.6780956262525215,-0.07818749057598263,0.5736581947564505,-0.11276210659408976
2008-03-31,0,0,-1.2960580679261784,3,2008,-0.8195207651740618,0.0,0.0,-0.000979679470614218,1.4116968620477444,1.3956190735938696,-0.025791823971918176,0,0.9816297589411553,1.5321015851188986,0.5334002370940657,0.6902260965323244,0.2302978466182959,-0.7300118011924946,0.8564295415856431,1.2154997075506293,0.5881934014988679,0.31759953843924243,0.6238135977734452,0.061643333506846684,0.592945858708308,-0.19718565211983777
2008-04-01,0,1,-0.4108496234684316,4,2008,-0.8101782201760155,0.0,0.0,1.105078442852818,0.879413178616964,1.2057267281003765,-0.7317282845877294,0,-0.3325660668212072,0.9781773489222985,1.5324463139204623,0.7539875675861656,0.5893023257148752,-0.6956681496907421,0.6273578267730815,0.6014272159868419,0.6233633233318286,0.3807375429612763,0.6586700082417813,0.1094478218187263,0.6720646100889899,-0.3180761604280795
2008-04-02,0,2,-0.4108496234684316,4,2008,-0.8008356751779692,0.0,0.0,1.378252239592745,-0.3166174014436045,1.2057267281003765,-0.7317282845877294,0,0.9519894057531235,-0.33316567918215717,0.9785214312654538,0.10214909182282118,-0.44880907481276633,-0.9010144956429106,0.3228734680233479,0.2933441603006688,0.6414460245816812,0.3515018622375236,0.7218316976458943,-0.08243369289311113,0.7253481995213106,-0.5487342699555171
2008-04-03,0,3,-0.4108496234684316,4,2008,-0.7914931301799228,0.0,0.0,0.612836270074063,-1.2757594567707242,1.2057267281003765,-0.7317282845877294,0,0.2043482478883227,0.9486013376903866,-0.33282312724455465,-0.34558244417043604,-0.5428413615170032,0.15957146749015175,0.1562655087562027,0.9143289795522049,0.5662362795516649,0.6945447329337214,0.7013090601252239,0.03496699460616805,0.6811389627678597,-0.3676352888324436
2008-04-04,0,4,-0.4108496234684316,4,2008,-0.7821505851818765,0.0,0.0,-0.6147956290152912,-1.2757594567707244,1.2057267281003765,-0.7317282845877294,0,-0.7578794946253495,0.20258312589062466,0.9489453855167977,0.531644069765228,0.8430296377709189,0.7809941047712443,-0.17661962319903854,-0.04822396330063223,0.48747213413851553,0.7259716587346166,0.6296922774429476,0.0419522879108675,0.6479726652675067,-0.36488007432334985
2008-04-05,0,5,-0.4108496234684316,4,2008,-0.7728080401838302,0.0,0.0,-1.3802115985339736,-0.31661740144360484,1.2057267281003765,-0.7317282845877294,1,0.10220697543175733,-0.7575558555751088,0.20292630307496173,1.5301135220826896,0.8210000343718734,1.567438409430413,0.010261401790985832,0.5248644444463859,0.33200191570189347,0.1670857330819966,0.616053041787175,0.02321991258088938,0.6044007477791077,-0.5220312090522214
2008-04-06,0,6,-0.4108496234684316,4,2008,-0.7634654951857839,0.0,0.0,-1.1070378017940468,0.8794131786169637,1.2057267281003765,-0.7317282845877294,1,0.6814143477294042,0.10066357715066804,-0.7572137989229264,0.9765083510714748,1.2853737119636863,0.486917939587836,0.39030571833900735,-0.6953174628209156,0.19216422356570034,-0.12974064185032108,0.5122726227881913,-0.1460222060097591,0.5907641777110975,-0.5173965115033284
2008-04-07,0,0,-0.4108496234684316,4,2008,-0.7541229501877377,0.0,0.0,-0.000979679470614218,1.4116968620477444,1.2057267281003765,-0.7317282845877294,0,0.2122899480562302,0.6786136319293108,0.10100663538958811,-0.334079332025442,0.6930694951837216,1.1378508024296015,0.32797856291935223,-0.5018672150440531,0.2422700837918405,-0.23937778234875734,0.4398169234434231,-0.13313280461746532,0.5326769620771167,-0.5661525202102707
2008-04-08,0,1,-0.4108496234684316,4,2008,-0.7447804051896914,0.0,0.0,1.105078442852818,0.879413178616964,1.2057267281003765,-0.7317282845877294,0,-0.05690052599505355,0.21050758657017382,0.6789573646660199,0.9469493758796745,0.7568166161444146,-0.023592423654202662,0.7878348509841244,1.4354538793487208,0.4064634967351819,0.6981751875770054,0.5455731642400412,0.32736246496195864,0.6224530532788309,-0.32781572269828363
2008-04-09,0,2,-0.4108496234684316,4,2008,-0.735437860191645,0.0,0.0,1.378252239592745,-0.3166174014436045,1.2057267281003765,-0.7317282845877294,0,1.855326176638566,-0.05809854081157239,0.2108507730027689,0.20136087706861142,0.10512484249898216,0.07467598615630316,0.4681195782123088,2.185569604033405,0.259558637543505,0.9693887951341114,0.4772368918230389,0.5051664431836799,0.5897332393313948,-0.2189696438516381
2008-04-10,0,3,-0.4108496234684316,4,2008,-0.7260953151935987,0.0,0.0,0.612836270074063,-1.2757594567707242,1.2057267281003765,-0.7317282845877294,0,-0.6038727321785314,1.8499771854213303,-0.05775566785630556,-0.7582250559798503,-0.34250592748087083,1.0558006968417877,0.42721185819836893,2.243152641444425,0.367989598182445,0.6613544665247701,0.4948597455009016,0.46143161631908364,0.5306252326711873,-0.23686129194498026
2008-04-11,0,4,-0.4108496234684316,4,2008,-0.7167527701955524,0.0,0.0,-0.6147956290152912,-1.2757594567707244,1.2057267281003765,-0.7317282845877294,0,-0.1613289260505591,-0.6038834041362832,1.850322285200261,0.09950003487656896,0.5345231587295701,0.3371829943376724,-0.0949836382383337,0.06549787161593104,0.44434271676227816,0.6588845135533121,0.4935807684280249,0.46059003735470117,0.5390894348056008,-0.23447401245817828
2008-04-12,0,5,-0.4108496234684316,4,2008,-0.7074102251975061,0.0,0.0,-1.3802115985339736,-0.31661740144360484,1.2057267281003765,-0.7317282845877294,1,0.522276077769868,-0.1623002523559312,-0.6035411681403532,0.6771171853890299,1.5327678965068938,0.17058168775538413,0.9637758129611882,1.7987601259513835,0.7019907610379348,1.5474368494172301,0.5477830256566802,0.7614777807031299,0.6311112007982176,0.06891233070120895
2008-04-13,0,6,-0.4108496234684316,4,2008,-0.6980676801994598,0.0,0.0,-1.1070378017940468,0.8794131786169637,1.2057267281003765,-0.7317282845877294,1,2.0989069752883034,0.5198208122253029,-0.16195750100948414,0.2092807731897777,0.9792873193238958,1.0729775855388175,1.4694909059901924,0.7328326926134554,0.8687331513189693,1.5760073864693933,0.5620551571835674,0.7953161040736448,0.6329742221629031,0.07426286699557248
2008-04-14,0,0,-0.4108496234684316,4,2008,-0.6887251352014135,0.0,0.0,-0.000979679470614218,1.4116968620477444,1.2057267281003765,-0.7317282845877294,0,1.1296503324107834,2.093029229742164,0.5201643596425282,-0.059170634722719155,-0.33100540421483526,0.0031433074067677906,1.27658876173144,1.4357935727865732,0.8844992783331022,1.5401722641449225,0.5969982612009166,0.7199186387853469,0.6340611346537114,0.0722766275085418
2008-04-15,0,1,-0.4108496234684316,4,2008,-0.6793825902033672,0.0,0.0,1.105078442852818,0.879413178616964,1.2057267281003765,-0.7317282845877294,0,0.029839386471662212,1.1258766059358563,2.0933746131754782,1.8478060232702742,0.9497349966456019,0.3839781181136055,0.5201936888985536,0.15843378888903978,0.5778048585608933,1.077153744615592,0.5214057716949404,0.6786760187898777,0.6232956109512721,0.07966373691576198
2008-04-16,0,2,-0.4108496234684316,4,2008,-0.6700400452053209,0.0,0.0,1.378252239592745,-0.3166174014436045,1.2057267281003765,-0.7317282845877294,0,0.1679969358412362,0.02845308052357738,1.1262208606517305,-0.6046411212117224,0.20431429923923222,0.22358060823502526,0.02205722441531133,-1.1413750377995238,0.6617595470510192,0.7979241357668605,0.4880126032952874,0.7220081053653422,0.6054678565639394,0.10904810724787112
2008-04-17,0,3,-0.4108496234684316,4,2008,-0.6606975002072746,0.0,0.0,0.612836270074063,-1.2757594567707242,1.2057267281003765,-0.7317282845877294,0,-0.14198235642068785,0.16631072364970015,0.02879605448909023,-0.1633123251735081,-0.7550556703551977,0.5790804363205341,-0.10765932637857958,-0.8972545376322472,0.6363182427702122,0.8732991032871644,0.5320361148967921,0.5684838265661083,0.5627749944870946,0.15668462698961783
2008-04-18,0,4,-0.4108496234684316,4,2008,-0.6513549552092283,0.0,0.0,-0.6147956290152912,-1.2757594567707244,1.2057267281003765,-0.7317282845877294,0,-0.3012984001248228,-0.1429956793961503,0.16665385850225628,0.5184158317324449,0.10247638174684694,-0.4488967781974553,0.020894784129446183,-0.3601970019810012,0.6315726211397964,0.8731059993461922,0.5700217339612155,0.5519793807022216,0.6081060048005517,0.08231282129875246
2008-04-19,0,5,-0.4108496234684316,4,2008,-0.6420124102111819,0.0,0.0,-1.3802115985339736,-0.31661740144360484,1.2057267281003765,-0.7317282845877294,1,0.49616726839306624,-0.3019658869414445,-0.14265290552026202,2.090718067496308,0.6799635343189083,-0.5420111088096107,0.5329082143294569,0.5539334976965217,0.4618363320745078,-0.07628298353549094,0.6166562706643315,0.6396930562309414,0.6899751799740419,0.03123619568187281
2008-04-20,0,6,-0.4108496234684316,4,2008,-0.6326698652131356,0.0,0.0,-1.1070378017940468,0.8794131786169637,1.2057267281003765,-0.7317282845877294,1,1.1650751697503718,0.4937686786868966,-0.30162329859206083,1.1241225320263575,0.21223241291646827,0.8303308275231914,0.7977758581753589,-0.3498056598216427,0.3246414484749336,-0.4539653222924706,0.6323303324723888,0.6294170482173601,0.6674690046335761,0.017975724576302685
2008-04-21,0,0,-0.4108496234684316,4,2008,-0.6233273202150893,0.0,0.0,-0.000979679470614218,1.4116968620477444,1.2057267281003765,-0.7317282845877294,0,0.3748503625995153,1.1612245446192375,0.49411219569992637,0.027331132124574446,-0.056158577589628826,0.8085162801368738,0.33023246499436404,1.14159928079355,0.19246187352785354,-0.018298217502119907,0.5705765067482372,0.8199743864814532,0.5946895668361606,0.13644131982576788
2008-04-22,0,1,-0.4108496234684316,4,2008,-0.6139847752170431,0.0,0.0,1.105078442852818,0.879413178616964,1.2057267281003765,-0.7317282845877294,0,-0.6973680469404675,0.37271512221916747,1.1615688405879956,0.16510936804735324,1.8503888981366863,1.2683566781362365,-0.08896519740344175,0.03265035674974086,0.17918569097791906,-0.01718084654218924,0.4008417453138512,0.4164925316882371,0.537544091071493,0.06456137320861136
2008-04-23,0,2,-0.4108496234684316,4,2008,-0.6046422302189968,0.0,0.0,1.378252239592745,-0.3166174014436045,1.2057267281003765,-0.7317282845877294,0,0.09495585788714353,-0.6971757634407832,0.3730584979563975,-0.14401887181591774,-0.6015063010344092,0.681834616435292,-0.3796355336316067,-0.43056105237201453,0.13825540348907644,0.06716091945139188,0.4236648933993673,0.3408199681132921,0.48671534284526063,0.10707294971951051
2008-04-24,0,3,-0.4108496234684316,4,2008,-0.5952996852209504,0.0,0.0,0.612836270074063,-1.2757594567707242,1.2057267281003765,-0.7317282845877294,0,-0.3671669912290432,0.09342820000846837,-0.6968336363218911,-0.3028975111368471,-0.16027683001532397,0.7449594292496078,-0.4602456784322013,-0.1332274138090822,0.028861274914149374,0.42823094168833337,0.35213875986529825,0.5799195171019904,0.4071663109438237,0.23500610391961707
2008-04-25,0,4,-0.4108496234684316,4,2008,-0.5859571402229041,0.0,0.0,-0.6147956290152912,-1.2757594567707244,1.2057267281003765,-0.7317282845877294,0,-0.9031479937793573,-0.36769149344721463,0.09377124980332681,0.4923787044499017,0.521297897830859,0.09962956016636977,-0.7012658865978806,-0.7876381178763131,-0.15589794835788975,0.3964123669018378,0.2516121508370259,0.6668754061877864,0.3772366918681387,0.2935526897991397
2008-04-26,0,5,-0.4108496234684316,4,2008,-0.5766145952248578,0.0,0.0,-1.3802115985339736,-0.31661740144360484,1.2057267281003765,-0.7317282845877294,1,-0.5203156534855286,-0.9025090123531707,-0.36734898180303394,1.1594501099891346,2.093246272820066,-0.34363137678370054,-1.0053766038271577,-0.6756923692633018,-0.5755110699520759,-0.26937251936600215,-0.06101995003038474,0.1401244153308123,0.33896676657063424,0.4430217700886099
2008-04-27,0,6,-0.4108496234684316,4,2008,-0.5672720502268115,0.0,0.0,-1.1070378017940468,0.8794131786169637,1.2057267281003765,-0.7317282845877294,1,-1.143494677767521,-0.5205077074213115,-0.9021671248688651,0.3713948758852178,1.1268682783782846,0.524836031083728,-1.0291691316136997,-0.6567172656528187,-0.8188439531042657,-0.6999363509843184,-0.2628784621562675,-0.052138602133633215,0.2671837334177057,0.5588888950247204
2008-04-28,0,0,-0.4108496234684316,4,2008,-0.5579295052287652,0.0,0.0,-0.000979679470614218,1.4116968620477444,1.2057267281003765,-0.7317282845877294,0,-0.9638850773708681,-1.1423339624842286,-0.5201653741216046,-0.6978797433045761,0.030323721256202057,1.513335766686285,-1.436747748020507,-0.6993087518426446,-0.9757794296009276,-0.23778480306578065,-0.4162452837572341,0.30925352632730374,0.11889341940108698,0.6399337550474441
2008-04-29,0,1,-0.4108496234684316,4,2008,-0.548586960230719,0.0,0.0,1.105078442852818,0.879413178616964,1.2057267281003765,-0.7317282845877294,0,-1.560774099805584,-0.963114250593767,-1.14199235488812,0.09226882537463191,0.16807094894647606,0.9652583428826366,-0.7206349809002944,1.8100293152582323,-0.8686068012654576,0.39467764795459476,-0.36643604906729543,0.45807423247984697,0.10467272184027414,0.6008573192961238
2008-04-30,0,2,-0.4108496234684316,4,2008,-0.5392444152326726,0.0,0.0,1.378252239592745,-0.3166174014436045,1.2057267281003765,-0.7317282845877294,0,0.6845835065996789,-1.558707572972333,-0.9627724338389282,-0.368585259120722,-0.14098771882312366,-0.3322431232046438,-0.6580359644460398,1.7496804270179354,-0.948022172483067,0.34700686506570777,-0.4302757940999915,0.5043257897619605,0.08209944303327839,0.653147582920468
2008-05-01,0,3,-0.4108496234684316,5,2008,-0.5299018702346263,0.0,0.0,0.612836270074063,-1.2757594567707242,0.6869311922437294,-1.2485096406738496,0,-0.8040835745949011,0.6817759113309207,-1.5583664513058946,-0.9030947184768943,-0.2998306010757823,0.9359945140354352,-0.7136389117143828,1.935223718718336,-1.093354271645075,0.6724311395162234,-0.5654003811158953,0.8310511140439403,-0.04499108556933632,0.828571260366527
2008-05-02,0,4,-0.4108496234684316,5,2008,-0.52055932523658,0.0,0.0,-0.6147956290152912,-1.2757594567707244,0.6869311922437294,-1.2485096406738496,0,-1.7027161786998626,-0.8036596377895322,0.6821196477581744,-0.5213134496243595,0.4952666304382406,0.19785071581264174,-1.031601149538964,0.7187538920261419,-1.0218828610040303,0.8213640203949261,-0.6254961515110334,0.6920548613881098,-0.060858927732993756,0.8245695049607797
2008-05-03,0,5,-0.4108496234684316,5,2008,-0.5112167802385337,0.0,0.0,-1.3802115985339736,-0.31661740144360484,0.6869311922437294,-1.2485096406738496,1,-0.1271040614870897,-1.7003415303353375,-0.8033176349428627,-1.1427815273475175,1.1621879055515631,-0.7521537524309672,-0.9057991297999007,0.8240165321986463,-0.901818074495684,0.7933507106903971,-0.7843975156515859,0.12433769676981288,-0.04769650093947074,0.7978669642365314
2008-05-04,0,6,-0.4108496234684316,5,2008,-0.5018742352404874,0.0,0.0,-1.1070378017940468,0.8794131786169637,0.6869311922437294,-1.2485096406738496,1,-0.4829387236810686,-0.12814968160131043,-1.7000005739630977,-0.9636650475723206,0.3743100303734742,0.09700695405169231,-0.3065290212292964,-1.0292485894362646,-0.7580481715859843,0.8414117451213392,-0.8372126760960493,-0.050866759730081174,-0.06086743841655349,0.7978672253712094
2008-05-05,0,0,-0.4108496234684316,5,2008,-0.4925316902424411,0.0,0.0,-0.000979679470614218,1.4116968620477444,0.6869311922437294,-1.2485096406738496,0,-0.17291156925713816,-0.4832119137882771,-0.12780689039937018,-1.5589153030088734,-0.6947239389358706,0.6688565977597001,-0.3941379136496429,-1.140558745471817,-0.5381103268996273,0.4208747501801109,-0.8037918185020352,-0.037374961573909196,-0.11028095816695103,0.759421560733257
2008-05-06,0,1,-0.4108496234684316,5,2008,-0.48318914524439477,0.0,0.0,1.105078442852818,0.879413178616964,0.6869311922437294,-1.2485096406738496,0,-0.3507502696593901,-0.1738577524774659,-0.48286953696243834,0.6802776432901572,0.09524679969371574,0.205691531777118,-0.05907923263453269,-0.49258640780662427,-0.5948552104987375,0.15248238621029278,-0.7770414196829502,0.06714175724784474,-0.10261626928620385,0.7692162965366758
2008-05-07,0,2,-0.4108496234684316,5,2008,-0.47384660024634845,0.0,0.0,1.378252239592745,-0.3166174014436045,0.6869311922437294,-1.2485096406738496,0,0.3723922987076856,-0.3513104085642153,-0.1735150146192229,-0.8043022820140996,-0.3655035654405424,-0.0600793890334521,-0.25641686332968194,-0.02365322662227831,-0.5716963035268908,0.11864358771752519,-0.8068837785390404,0.05824361676133096,-0.13228696718127472,0.7990020179758491
2008-05-08,0,3,-0.4108496234684316,5,2008,-0.4645040552483022,0.0,0.0,0.612836270074063,-1.2757594567707242,0.6869311922437294,-1.2485096406738496,0,-0.6766710805967191,0.37026239418275303,-0.35096787780245614,-1.7004676779786374,-0.8998927286303374,1.8278561084933915,0.24563279299146829,0.7941778638070969,-0.09300681052983366,-0.21789556055285822,-0.6300477276507944,0.47738124886473876,-0.1765439946962543,0.5609004326122405
2008-05-09,0,4,-0.4108496234684316,5,2008,-0.45516151025025586,0.0,0.0,-0.6147956290152912,-1.2757594567707244,0.6869311922437294,-1.2485096406738496,0,0.9308719361288732,-0.6765237251480557,0.3706057670575218,-0.12918142544513392,-0.5181973830897921,-0.6001033531335987,0.2170351548988349,0.7758748107661805,-0.015486083852111393,-0.15842992207778883,-0.5510118890460364,0.5799432563785778,-0.1333015388618219,0.5533789589007234
2008-05-10,0,5,-0.4108496234684316,5,2008,-0.44581896525220954,0.0,0.0,-1.3802115985339736,-0.31661740144360484,0.6869311922437294,-1.2485096406738496,1,0.2993888267380328,0.9275297089269151,-0.6761815739271603,-0.4840391386933484,-1.1395255938265623,-0.16318122478503538,0.7077670890358089,-0.6690917109571575,0.1770008532598987,-0.17848033933538454,-0.3852126191768732,0.6198827608708175,-0.09800004178985469,0.5906564464099066
2008-05-11,0,6,-0.4108496234684316,5,2008,-0.4364764202541632,0.0,0.0,-1.1070378017940468,0.8794131786169637,0.6869311922437294,-1.2485096406738496,1,0.5760594729664037,0.2974173948925682,0.927873732161639,-0.17486316807429328,-0.9604494258278454,0.5117398769975474,0.36909386155576634,-0.8488144116815274,0.2204832250797762,-0.23367375081514685,-0.2858809307385963,0.5415251856309616,-0.11982863578535018,0.5609964835718152
2008-05-12,0,0,-0.4108496234684316,5,2008,-0.42713387525611696,0.0,0.0,-0.000979679470614218,1.4116968620477444,0.6869311922437294,-1.2485096406738496,0,0.06631377264962174,0.5734874568274118,0.2977606827534321,-0.35221360988531397,-1.5555657148349726,2.0683426761443022,0.21972564168950368,-0.5853355281164854,0.2693475307664923,-0.3601856568182207,-0.1432894909766123,0.14032553997666602,-0.2242326280228262,0.094257631662069
2008-05-13,0,1,-0.4108496234684316,5,2008,-0.41779133025807064,0.0,0.0,1.105078442852818,0.879413178616964,0.6869311922437294,-1.2485096406738496,0,-0.08191534309733116,0.06484828973154333,0.573831066876404,0.3689435606415185,0.6831232809305292,1.1113985963540023,-0.06970190123764547,-1.2559099299088092,0.17207191902230795,-0.3166201992179615,-0.2249927219715023,-0.011338027411476615,-0.2861062795060535,-0.08494260463330715
2008-05-14,0,2,-0.4108496234684316,5,2008,-0.4084487852600243,0.0,0.0,1.378252239592745,-0.3166174014436045,0.6869311922437294,-1.2485096406738496,0,-0.16278530326603022,-0.08305905686506913,0.06519130617215924,-0.677239600765809,-0.8011225262948636,0.025558657738275255,-0.08755232355368416,-1.3268097606816693,0.2988366259731259,-0.7911827788129475,-0.1454627631007042,-0.11140133934119494,-0.28654163370354685,-0.0853810722451825
2008-05-15,0,3,-0.4108496234684316,5,2008,-0.399106240261978,0.0,0.0,0.612836270074063,-1.2757594567707242,0.6869311922437294,-1.2485096406738496,0,0.020745575689640666,-0.1637534681327279,-0.08271621304002341,0.9258898845579298,-1.697086232168258,0.161961178081132,-0.32957292675800415,-0.4996126972014179,0.0024512101093374385,-0.7824396587894848,-0.04875594436121873,-0.7413399027791985,-0.32808342582889993,-0.07516539075554883
2008-05-16,0,4,-0.4108496234684316,5,2008,-0.38976369526393173,0.0,0.0,-0.6147956290152912,-1.2757594567707244,0.6869311922437294,-1.2485096406738496,0,-0.69974064268585,0.019379010180227026,-0.16341071848225927,0.296140520705491,-0.12615361175323714,-0.1440804165444097,-0.21435205989755252,-0.27441241897789237,-0.02809239863753787,-0.8415397313776267,-0.023835999069371318,-0.7366603653797208,-0.31499808618839126,-0.062419103713393605
2008-05-17,0,5,-0.4108496234684316,5,2008,-0.3804211502658854,0.0,0.0,-1.3802115985339736,-0.31661740144360484,0.6869311922437294,-1.2485096406738496,1,0.13134819464451844,-0.6995432088611893,0.0197219735558276,0.572051563879763,-0.4809314610780618,-0.3013726527736844,-0.16534207752244195,-0.17843425881146677,-0.10628734287045065,-1.162357805789054,0.036792458683953755,-0.8094319583477011,-0.2935910983631,-0.04976615362423446
2008-05-18,0,6,-0.4108496234684316,5,2008,-0.3710786052678391,0.0,0.0,-1.1070378017940468,0.8794131786169637,0.6869311922437294,-1.2485096406738496,1,0.1458572671854582,0.1297415379050708,-0.6992010845052291,0.06370537737499123,-0.17182507329491428,0.48596273041093274,0.2640041706890757,-1.159955258906006,-0.04631056479709728,-0.9790497396165044,0.091674419707524,-0.7853575687277914,-0.29837279318789395,-0.06371494202265819
2008-05-19,0,0,-0.4108496234684316,5,2008,-0.3617360602697928,0.0,0.0,-0.000979679470614218,1.4116968620477444,0.6869311922437294,-1.2485096406738496,0,0.39628577372856955,0.14421911479874716,0.1300846300794842,-0.08411677330153343,-0.34913560079219974,1.1463734284779405,-0.15028526169985698,0.46135998201140377,-0.19977801532553313,-0.4710353231488224,0.03618560384086962,-0.5384865626328548,-0.39849181991989546,-0.2304236747418014
2008-05-20,0,1,-0.4108496234684316,5,2008,-0.3523935152717465,0.0,0.0,1.105078442852818,0.879413178616964,0.6869311922437294,-1.2485096406738496,0,-0.9262414869495019,0.39410400231421105,0.1445622238692462,-0.16476470388535816,0.3718592668203413,0.3661869252815927,-0.201255857644677,0.3978559815322274,-0.16732857686273617,-0.455307960338388,0.0017972726105442368,-0.5762302961373731,-0.4156837280451003,-0.26976106844654574
2008-05-21,0,2,-0.4108496234684316,5,2008,-0.3430509702737002,0.0,0.0,1.378252239592745,-0.3166174014436045,0.6869311922437294,-1.2485096406738496,0,0.01574056103367628,-0.925552375198795,0.39444740301337716,0.01826228852478776,-0.674088441647019,-0.6924109876564309,-0.5225647985503437,-0.21573149947492648,-0.24815700865224405,-0.43374756016097843,0.026165082181498087,-0.6629587794997214,-0.4025939693958201,-0.2874403940609695
2008-05-22,0,3,-0.4108496234684316,5,2008,-0.33370842527565386,0.0,0.0,0.612836270074063,-1.2757594567707242,0.6869311922437294,-1.2485096406738496,0,-0.4239451902770996,0.014384860186749332,-0.925210514607293,-0.7002458250557967,0.9286802449519919,0.08984794817108098,-0.5583178726422755,-0.07750621764272025,-0.3059160148781496,-0.19719701066744139,-0.16169786072784542,-0.6699036493356221,-0.4558518631104694,-0.24500958992137725
2008-05-23,0,4,-0.4108496234684316,5,2008,-0.3243658802776076,0.0,0.0,-0.6147956290152912,-1.2757594567707244,0.6869311922437294,-1.2485096406738496,0,-1.017511211177939,-0.42434644091427426,0.014727817733916976,0.12856124647227368,0.2990726118639463,-0.36640450864436624,-0.6228801811000804,-0.29621464655906254,-0.3568862406520054,-0.2756249246137045,-0.2049384933221127,-0.7298382233385597,-0.44541089105225123,-0.24234755425848803
2008-05-24,0,5,-0.4108496234684316,5,2008,-0.3150233352795613,0.0,0.0,-1.3802115985339736,-0.31661740144360484,0.6869311922437294,-1.2485096406738496,1,-0.14907279384997701,-1.0166239751824182,-0.42400399538936545,0.14303048415554248,0.5749215587737387,-0.8955768914591888,-0.4514175605008283,0.027574619033796564,-0.38089646379953435,-0.33185366978618214,-0.25915525441448156,-0.9080202938487583,-0.4015150765875982,-0.2745609472471268
2008-05-25,0,6,-0.4108496234684316,5,2008,-0.30568079028151496,0.0,0.0,-1.1070378017940468,0.8794131786169637,0.6869311922437294,-1.2485096406738496,1,0.01376111876194127,-0.15007072522024997,-1.0162822208762126,0.39277143579900414,0.06668978015522338,-0.5176077082830683,0.26615897071207156,-0.08589649020841422,-0.30491618442072616,0.056261580778849477,-0.18703413283491058,-0.61052675535537,-0.33762193809577423,-0.15281898425647364
2008-05-26,0,0,-0.4108496234684316,5,2008,-0.29633824528346864,0.0,0.0,-0.000979679470614218,1.4116968620477444,0.6869311922437294,-1.2485096406738496,0,0.8143036405519468,0.01240971479997322,-0.14972795960130833,-0.9261248081447846,-0.08109910181534902,-1.132870427727237,0.13544738174721285,0.32054413563888273,-0.22430586356382115,-0.1691998495235782,-0.22568264439767238,-0.5789445605748015,-0.30598969130711245,-0.2410026007564672
2008-05-27,0,1,-0.4108496234684316,5,2008,-0.2869957002854224,0.0,0.0,1.105078442852818,0.879413178616964,0.6869311922437294,-1.2485096406738496,0,-0.48275069375888724,0.8112144546046398,0.012752670042043418,0.013271015205211269,-0.16172888185626816,-0.9555424258650949,0.22150813940896136,0.30667386944773184,-0.18473333216538979,-0.10341483105613529,-0.18747715994469039,-0.5350553813573713,-0.24866860086052467,-0.28933807473541656
2008-05-28,0,2,-0.4108496234684316,5,2008,-0.27765315528737605,0.0,0.0,1.378252239592745,-0.3166174014436045,0.6869311922437294,-1.2485096406738496,0,0.23345527984250442,-0.48302429203306074,0.8115583420934092,-0.42520757284450894,0.02125691868132042,-1.5448491079580635,-0.40399455017497055,-0.06736110442112142,-0.24989941051838208,0.053097195787303215,-0.2649228476732732,-0.4366069645054802,-0.21140817356683128,-0.4801594801933586
2008-05-29,0,3,-0.4108496234684316,5,2008,-0.26831061028932973,0.0,0.0,0.612836270074063,-1.2757594567707242,0.6869311922437294,-1.2485096406738496,0,-0.7824669709953862,0.23162697359862347,-0.48268191498825763,-1.0171439500934758,-0.6970894881790897,0.6719854984911108,-0.5075387847168984,0.09256034536795535,-0.20074429025486198,-0.1409760296757709,-0.26948694987715016,-0.4227353608108397,-0.2799469996134796,-0.5300049517355554
2008-05-30,0,4,-0.4108496234684316,5,2008,-0.25896806529128347,0.0,0.0,-0.6147956290152912,-1.2757594567707244,0.6869311922437294,-1.2485096406738496,0,-0.7470763209143707,-0.7820899585485579,0.2319701846786422,-0.1510898423519907,0.13153105285522437,-0.7977708973986362,-0.7160923571103617,-0.8067900634525316,-0.2279839222819601,-0.13203920708801556,-0.3109749223950037,-0.4539939887214794,-0.25576372861071733,-0.577991962692188
2008-05-31,0,5,-0.4108496234684316,5,2008,-0.24962552029323715,0.0,0.0,-1.3802115985339736,-0.31661740144360484,0.6869311922437294,-1.2485096406738496,1,-0.2989360605570101,-0.746776132911574,-0.7817479305289502,0.011297007519383796,0.14599703410627624,-1.6849880825724186,-0.3631430772716317,-0.32832100179261386,-0.20893991729212294,-0.10587801131959527,-0.31360935145851504,-0.4595738873852789,-0.1685737395423056,-0.9079962242672025
2008-06-01,0,6,-0.4108496234684316,6,2008,-0.24028297529519083,0.0,0.0,-1.1070378017940468,0.8794131786169637,-0.02175668910641042,-1.4376647452035414,1,0.11853481012910007,-0.29960867543495584,-0.7464340636788942,0.8096416288353877,0.3956817792999843,-0.12939112206424808,0.11482344119150846,-0.4644164586511246,-0.2709642039777873,-0.42696301877504583,-0.30620611793281266,-0.4310357831203519,-0.13984134450972593,-0.8581848170730765
2008-06-02,0,0,-0.4108496234684316,6,2008,-0.23094043029714453,0.0,0.0,-0.000979679470614218,1.4116968620477444,-0.02175668910641042,-1.4376647452035414,0,0.47306693777121533,0.11695596811301318,-0.2992660843345837,-0.4838516250098974,-0.9229176351691926,-0.4807055813180893,-0.10161544042222036,0.4120435154152498,-0.337981428963884,-0.2418355414260118,-0.2989953902345737,-0.4589448800436665,-0.15748366419564508,-0.7974603406318918
2008-06-03,0,1,-0.4108496234684316,6,2008,-0.2215978852990982,0.0,0.0,1.105078442852818,0.879413178616964,-0.02175668910641042,-1.4376647452035414,0,-0.8514568588078706,0.47071849323200105,0.11729904536600132,0.2303879952673241,0.016266768692744297,-0.17461673252832333,-0.13084652811763828,0.38310402197442717,-0.37243301393619704,-0.3322548686513968,-0.2962788824877765,-0.45498865287473206,-0.1471034125912886,-0.795028612702914
2008-06-04,0,2,-0.4108496234684316,6,2008,-0.21225534030105192,0.0,0.0,1.378252239592745,-0.3166174014436045,-0.02175668910641042,-1.4376647452035414,0,0.04391428082865233,-0.8509300861909728,0.4710619833442649,-0.7827450270962655,-0.4221131358028169,-0.3501963303140059,-0.30492062170933565,-0.09486417791271011,-0.2249937518897145,-0.4730139040654568,-0.25263543804220645,-0.45384009054101887,-0.1289380132004118,-0.8023714396621103
2008-06-05,0,3,-0.4108496234684316,6,2008,-0.2029127953030056,0.0,0.0,0.612836270074063,-1.2757594567707242,-0.02175668910641042,-1.4376647452035414,0,0.028694113309259913,0.04249742172793241,-0.8505881385113764,-0.7474515425304737,-1.0139162924404814,0.36376008641871993,-0.27407443840935874,-0.22800103515832681,-0.229653620503896,-0.4542582159759051,-0.22903204801558258,-0.5551804913019132,-0.18375843568328,-0.7717007849226194
2008-06-06,0,4,-0.4108496234684316,6,2008,-0.1935702503049593,0.0,0.0,-0.6147956290152912,-1.2757594567707244,-0.02175668910641042,-1.4376647452035414,0,-0.7727133461227894,0.02731029346905285,0.04284041208392228,-0.3005416574047203,-0.14805709797361277,-0.6719769369250687,-0.5285939531205923,-0.35780175142369297,-0.2854334719710121,-0.3605345375292001,-0.2730713820138647,-0.5038156650712038,-0.18036643728364166,-0.7821173854521138
2008-06-07,0,5,-0.4108496234684316,6,2008,-0.184227705306913,0.0,0.0,-1.3802115985339736,-0.31661740144360484,-0.02175668910641042,-1.4376647452035414,1,-0.6058179871916805,-0.7723575064096185,0.027653266100873746,0.11578304127979377,0.014293205275119843,0.9151453017183714,-0.3320156584186281,0.4808358004257158,-0.2105505826405655,-0.12177209322157559,-0.22324599529388234,-0.3725219860331873,-0.19953298766176092,-0.8825997047095671
2008-06-08,0,6,-0.4108496234684316,6,2008,-0.1748851603088667,0.0,0.0,-1.1070378017940468,0.8794131786169637,-0.02175668910641042,-1.4376647452035414,1,0.5305152070874157,-0.6058244364766489,-0.7720154670317328,0.46934179610262255,0.8124581519460616,0.2916839847805657,-0.049277504002892554,0.06801736736370992,-0.3057967063338197,-0.36393176891419915,-0.30667320827102484,-0.662106307755953,-0.2163047626196867,-0.9106663301489812
2008-06-09,0,0,-0.4108496234684316,6,2008,-0.16554261531082037,0.0,0.0,-0.000979679470614218,1.4116968620477444,-0.02175668910641042,-1.4376647452035414,0,-0.05094510555058311,0.5280420564085658,-0.6054822027460045,-0.8515455022254794,-0.4807439895962536,0.5648400564005486,0.023029495898655376,-0.19105420780908128,-0.22759803370889603,-0.5973469303491865,-0.30074178727892786,-0.6708921590717396,-0.2640488790563886,-0.985074420402282
2008-06-10,0,1,-0.4108496234684316,6,2008,-0.15620007031277408,0.0,0.0,1.105078442852818,0.879413178616964,-0.02175668910641042,-1.4376647452035414,0,-0.42123414067177584,-0.05215604812806633,0.5283856134204109,0.04136738366605292,0.23333488462364357,0.061569706177789695,-0.5229652244091839,-0.4050454535079085,-0.3924942485461748,-0.4032418746419079,-0.4064897872438904,-0.6339999128907864,-0.30855238906062604,-0.9271120998365394
2008-06-11,0,2,-0.4108496234684316,6,2008,-0.1468575253147278,0.0,0.0,1.378252239592745,-0.3166174014436045,-0.02175668910641042,-1.4376647452035414,0,-0.8632890690020765,-0.4216412763344642,-0.051813168237601306,0.02618900332534835,-0.7795701230313433,-0.08477644043770707,-0.8036088435632863,-0.9151625691030965,-0.5371887926744228,-0.3987490248272707,-0.4050337971070612,-0.6384234587488843,-0.3413674571971378,-0.8855454592161145
2008-06-12,0,3,-0.4108496234684316,6,2008,-0.13751498031668147,0.0,0.0,0.612836270074063,-1.2757594567707242,-0.02175668910641042,-1.4376647452035414,0,-0.7673664588810265,-0.8627366115512535,-0.42129882765248755,-0.7730181809345394,-0.7442845815820242,-0.16461910149656253,-0.8480480785931611,-1.1012834054430838,-0.4939226675911393,-0.47214635589926574,-0.3845543415442646,-0.684778241826726,-0.35917131620370585,-0.8736482804063385
2008-06-13,0,4,-0.4108496234684316,6,2008,-0.12817243531863518,0.0,0.0,-0.6147956290152912,-1.2757594567707244,-0.02175668910641042,-1.4376647452035414,0,-0.5346777208145711,-0.7670222259520969,-0.8623946776504866,-0.6065810355005513,-0.29747527754974923,0.016580366534870647,-0.3066428546674257,0.4110607615331704,-0.28950860443824633,-0.13053871665224304,-0.30570837170084125,-0.5050455040154361,-0.33532765420838523,-0.7995474353780555
2008-06-14,0,5,-0.4108496234684316,6,2008,-0.11882989032058885,0.0,0.0,-1.3802115985339736,-0.31661740144360484,-0.02175668910641042,-1.4376647452035414,1,0.5187992335723854,-0.5348385982154451,-0.7666801803476612,0.5266323404074416,0.11875572351287382,-0.6947534440831818,-0.13139694627143003,0.03428068800762057,-0.4441014079551171,-0.5202973261078147,-0.3479920789233157,-0.5408232778432837,-0.31714817945623647,-0.8308846477406254
2008-06-15,0,6,-0.4108496234684316,6,2008,-0.10948734532254255,0.0,0.0,-1.1070378017940468,0.8794131786169637,-0.02175668910641042,-1.4376647452035414,1,-0.3200022492934137,0.5163515154060642,-0.5344962816406336,-0.05323156496676495,0.47223490675460184,0.12577798947192306,0.5581457571718152,0.6699201246883643,-0.21207735916877177,0.5476769750932229,-0.2754355117990877,-0.11003690304311502,-0.2647636128084381,-0.5667283342778506
2008-06-16,0,0,-0.4108496234684316,6,2008,-0.10014480032449624,0.0,0.0,-0.000979679470614218,1.4116968620477444,-0.02175668910641042,-1.4376647452035414,0,1.225572942531825,-0.3206291346288437,0.5166950587744396,-0.42250396646306204,-0.8483551139941723,0.1401027518280319,0.174737327722758,1.1433227186994577,-0.21911594188551112,0.5560918549487647,-0.23768722868633166,-0.2001425228318247,-0.2937662220440474,-0.5722363906791623
2008-06-17,0,1,-0.4108496234684316,6,2008,-0.09080225532644993,0.0,0.0,1.105078442852818,0.879413178616964,-0.02175668910641042,-1.4376647452035414,0,-0.45995804846424726,1.2215909915350045,-0.32028656806044126,-0.8633452269243037,0.04435681381289329,0.3873500402610498,0.014141113205911533,1.5075562086295817,-0.19488325801470122,0.48771648972532683,-0.31230499262414013,-0.14613379667478105,-0.3476841847355719,-0.5881359193475991
2008-06-18,0,2,-0.4108496234684316,6,2008,-0.08145971032840364,0.0,0.0,1.378252239592745,-0.3166174014436045,-0.02175668910641042,-1.4376647452035414,0,-0.7299690167214247,-0.460281123995797,1.2219353579545473,-0.7676859736450379,0.029181849503345587,-0.9183770256994246,-0.2506850149154977,0.37907869597699706,0.04448013044387843,0.43277627489022763,-0.26208602378430906,-0.021268751894113303,-0.2770335634970994,-0.5778335432876675
2008-06-19,0,3,-0.4108496234684316,6,2008,-0.07211716533035734,0.0,0.0,0.612836270074063,-1.2757594567707242,-0.02175668910641042,-1.4376647452035414,0,0.5495301603090743,-0.7297059644912259,-0.45993872040853334,-0.5356360857005568,-0.7698454659839232,0.011638931075558525,-0.059821158807769566,0.2880252150993731,0.1466225365588115,0.27339956378515423,-0.18495118022575746,-0.10033767529786142,-0.2764813510676483,-0.5771959554702611
2008-06-20,0,4,-0.4108496234684316,6,2008,-0.06277462033231103,0.0,0.0,-0.6147956290152912,-1.2757594567707244,-0.02175668910641042,-1.4376647452035414,0,0.027275342078231835,0.547015732818236,-0.7293638753367713,0.5149485332583958,-0.6034457787280609,-0.42246144860908785,0.29575432540951585,-0.808844064945228,0.08462994120523576,0.19438432052572469,-0.10940088377785383,-0.14078294895121252,-0.24767661522480866,-0.5682728371409105
2008-06-21,0,5,-0.4108496234684316,6,2008,-0.05343207533426472,0.0,0.0,-1.3802115985339736,-0.31661740144360484,-0.02175668910641042,-1.4376647452035414,1,0.17773688581041103,0.02589460204330618,0.5473593119733487,-0.3215500086309993,0.5295125573065995,-1.0084873415856297,0.1890495389382708,-1.2277670084679333,0.19316778241513569,0.12141415661602636,-0.1338316533026522,-0.20276431926506622,-0.18569707119805473,-0.6441117407652918
2008-06-22,0,6,-0.4108496234684316,6,2008,-0.044089530336218416,0.0,0.0,-1.1070378017940468,0.8794131786169637,-0.02175668910641042,-1.4376647452035414,1,0.27713634012893695,0.17602953057008763,0.02623757302294151,1.2197817853056148,-0.05022084447479664,-0.15108078344510809,0.17454180205255673,-1.1695186010386462,-0.03137027661323879,-0.6347449358362811,-0.12986056134467908,-0.20139476760294645,-0.17902764129285442,-0.642425634658437
2008-06-23,0,0,-0.4108496234684316,6,2008,-0.03474698533817211,0.0,0.0,-0.000979679470614218,1.4116968620477444,-0.02175668910641042,-1.4376647452035414,0,-0.009759715140432683,0.27521321298847634,0.1763726767649972,-0.4611215572355431,-0.4194101378923285,0.009684633854958671,-0.10957842422379445,-0.37001408147133963,-0.04729299609180256,-0.5780292850342593,-0.1420408401642275,-0.1770802218375866,-0.20590012463358776,-0.6221375136582215
2008-06-24,0,1,-0.4108496234684316,6,2008,-0.025404440340125803,0.0,0.0,1.105078442852818,0.879413178616964,-0.02175668910641042,-1.4376647452035414,0,-0.5475594798471498,-0.011060061125687266,0.27555647493590457,-0.7303912066758372,-0.8601521830587123,0.8000577847399798,-0.09605367255677838,-0.3247132879554658,0.14203723578483604,-0.9702118431705952,-0.028752149601555064,-0.30548652376760704,-0.229963427731553,-0.7193253348834013
2008-06-25,0,2,-0.4108496234684316,6,2008,-0.0160618953420795,0.0,0.0,1.378252239592745,-0.3166174014436045,-0.02175668910641042,-1.4376647452035414,0,0.31166205256788926,-0.5476923941003121,-0.010717133274066882,0.5455950878142165,-0.7645144587556817,-0.48051993995862363,-0.30004721134036116,-0.15748730975149516,-0.05427441013105104,-0.9223903380927244,-0.005914497652325967,-0.38630600675254806,-0.23224985560334793,-0.714720049393495
2008-06-26,0,3,-0.4108496234684316,6,2008,-0.006719350344033193,0.0,0.0,0.612836270074063,-1.2757594567707242,-0.02175668910641042,-1.4376647452035414,0,-0.5305102939937906,0.30966397855143607,-0.5473500925265492,0.02477412735019526,-0.5325167957277841,0.22658799825842327,-0.4311404771271939,0.20063585275580015,-0.21958571927880655,-0.4968861756927187,-0.039423696961683435,-0.2587286088240164,-0.28566094162207745,-0.6699298624598844
2008-06-27,0,4,-0.4108496234684316,6,2008,0.0026231946540131125,0.0,0.0,-0.6147956290152912,-1.2757594567707244,-0.02175668910641042,-1.4376647452035414,0,-0.8822117166255657,-0.5306802178588527,0.3100072807047004,0.17482257685029226,0.51783137970355,-0.7764288916546079,-0.4306717512054709,0.20257438381235054,-0.19502555830976367,-0.4276977418486046,-0.059280475284619154,-0.30710715595422156,-0.23322367420300325,-0.6868171964956465
2008-06-28,0,5,-0.4108496234684316,6,2008,0.011965739652059418,0.0,0.0,-1.3802115985339736,-0.31661740144360484,-0.02175668910641042,-1.4376647452035414,1,0.31285860661816084,-0.8816181827356281,-0.5303378964309948,0.27394912860360066,-0.3184789006574325,-0.7414878125051123,-0.4661409113105317,0.24399698787890894,-0.35828376625719177,-0.4780096385525882,-0.08830798070664976,-0.2419777251340352,-0.2271905815609052,-0.7050157161976481
2008-06-29,0,6,-0.4108496234684316,6,2008,0.021308284650105723,0.0,0.0,-1.1070378017940468,0.8794131786169637,-0.02175668910641042,-1.4376647452035414,1,-0.6210552483403511,0.31085793517556665,-0.8812762708706372,-0.012159249610893968,1.2225060026813066,-0.2990403222392644,-0.671488398399428,0.9246732020486238,-0.6121450070477407,0.02862279446126882,-0.34208439152638576,-0.3351283932810592,-0.2802098488018907,-0.5065641496541095
2008-06-30,0,0,-0.4108496234684316,6,2008,0.03065082964815203,0.0,0.0,-0.000979679470614218,1.4116968620477444,-0.02175668910641042,-1.4376647452035414,0,-1.4064186273212662,-0.6210286212587189,0.31120123872224054,-0.5484824776870223,-0.4580190374283061,0.11312737464848074,-1.3082565807076847,-0.3399199863899058,-0.7512140290311474,0.30873212101972347,-0.42430283931635365,-0.07593533510589251,-0.3487269071386646,-0.37205553237937644
2008-07-01,0,1,0.47435882098931514,7,2008,0.039993374646198336,0.0,0.0,1.105078442852818,0.879413178616964,-0.7304445704565504,-1.2485096406738498,0,-1.3126703268458473,-1.4046871684601974,-0.6206864052721494,0.30838005022548914,-0.7272280853095774,0.4631558455758166,-1.3039443022278554,-0.32141514062624327,-0.9187468384183587,-0.13954623364511817,-0.41273996360440773,-0.09669518985971032,-0.4005795560639623,-0.4220335096356865
2008-07-02,0,2,0.47435882098931514,7,2008,0.04933591964424464,0.0,0.0,1.378252239592745,-0.3166174014436045,-0.7304445704565504,-1.2485096406738498,0,-0.6100469510779052,-1.3111423726123128,-1.4043458670439322,-0.5314801006072741,0.5484710369763363,-0.844542394092472,-1.0375405765756276,-0.4931949363334357,-0.9543430397378292,-0.1619401477665015,-0.535760087451991,-0.2630429241469155,-0.39459016250860524,-0.4378727402856693
2008-07-03,0,3,0.47435882098931514,7,2008,0.05867846464229094,0.0,0.0,0.612836270074063,-1.2757594567707242,-0.7304445704565504,-1.2485096406738498,0,-0.7263485860379093,-0.6100442203167697,-1.310800962024403,-0.8822159221591953,0.027767291958769785,0.039454757318887146,-0.8405658736655816,-1.3023173897635636,-0.9411880299282281,-0.16987038220115297,-0.6164744186482646,-0.2779214089608223,-0.43546239297157385,-0.41763100160773736
2008-07-04,0,4,0.47435882098931514,7,2008,0.06802100964033725,0.0,0.0,-0.6147956290152912,-1.2757594567707244,-0.7304445704565504,-1.2485096406738498,0,-0.8098372902137577,-0.7260933928770914,-0.6097019915108327,0.30957331912020347,0.17778197170431942,0.024427933094232666,-1.0235162969977443,-1.0596067156874285,-1.1938276009367412,-1.0348174969943968,-0.7374636719427572,-0.3111782078826671,-0.48839982671678955,-0.3626996572672098
2008-07-05,0,5,0.47435882098931514,7,2008,0.07736355463838356,0.0,0.0,-1.3802115985339736,-0.31661740144360484,-0.7304445704565504,-1.2485096406738498,1,-1.0770790905260301,-0.8094008634992595,-0.7257512995065777,-0.6217764625397405,0.27688621413465253,-0.7667991680443398,-0.8079787083706398,-0.24094084878031113,-1.112956292639117,-0.6712323640860633,-0.7811674392760426,-0.46245145400410287,-0.4598391183583348,-0.38377772199913784
2008-07-06,0,6,0.47435882098931514,7,2008,0.08670609963642986,0.0,0.0,-1.1070378017940468,0.8794131786169637,-0.7304445704565504,-1.2485096406738498,1,-0.1761285902894215,-1.0760625472359955,-0.8090588673528992,-1.404983615591437,-0.009157772813298251,-0.6020238973797428,-0.3347637315368275,0.5817719783671564,-0.7849472771428128,-0.14142930538799295,-0.7418342794193716,-0.29460718159454163,-0.41177421461821595,-0.3363551702515093
2008-07-07,0,0,0.47435882098931514,7,2008,0.09604864463447617,0.0,0.0,-0.000979679470614218,1.4116968620477444,-0.7304445704565504,-1.2485096406738498,0,0.3981763291279891,-0.17706779014403887,-1.0757208622976964,-1.3114927023608467,-0.5453602965180683,0.5198743438397316,-0.30706202956313994,0.47198327488373504,-0.7292718206519855,-0.3344972865479199,-0.7860720526439099,-0.24421537707358543,-0.4853502196634503,-0.36274026969740264
2008-07-08,0,1,0.47435882098931514,7,2008,0.10539118963252248,0.0,0.0,1.105078442852818,0.879413178616964,-0.7304445704565504,-1.2485096406738498,0,-1.0063627461553135,0.39599045378032793,-0.1767250560320769,-0.610798388708421,0.3113093867676252,-0.054199620884451905,-0.5366533605403485,0.6016848085532416,-0.7569321395775771,-0.3162603033483512,-0.8896161245910239,-0.47214382305036845,-0.5194017919210363,-0.3526551838485688
2008-07-09,0,2,0.47435882098931514,7,2008,0.11473373463056878,0.0,0.0,1.378252239592745,-0.3166174014436045,-0.7304445704565504,-1.2485096406738498,0,-0.762224695190743,-1.0054997107502088,0.39633385668108106,-0.7267807159344222,-0.5283617459763659,-0.41978483773528424,-1.1297563751980297,-1.0659402968442533,-0.8277355466501114,-0.18549371494873534,-0.9460579102302771,-0.42467790928396254,-0.5526572879317787,-0.28744801759431027
2008-07-10,0,3,0.47435882098931514,7,2008,0.12407627962861509,0.0,0.0,0.612836270074063,-1.2757594567707242,-0.7304445704565504,-1.2485096406738498,0,-1.1158850477390942,-0.7618916237730019,-1.0051579434614075,-0.8100402007278052,-0.8790186312737356,-0.8562242985492369,-0.9503776433893757,-0.7568654659628453,-0.7802246472631265,-0.1991489953674675,-0.9138764737171947,-0.429796166202384,-0.5375847036800077,-0.3116891270110126
2008-07-11,0,4,0.47435882098931514,7,2008,0.13341882462666138,0.0,0.0,-0.6147956290152912,-1.2757594567707244,-0.7304445704565504,-1.2485096406738498,0,-0.5484483485702084,-1.1147842662086997,-0.7615495721808865,-1.0765482850117698,0.31250238710643097,-0.7615202028405306,-0.8646664213435384,-0.6324115753599722,-0.6832255579263727,-0.3418245197368703,-0.9964390586370807,-0.7329985462896694,-0.5268636973992672,-0.32686601697524625
2008-07-12,0,5,0.47435882098931514,7,2008,0.1427613696247077,0.0,0.0,-1.3802115985339736,-0.31661740144360484,-0.7304445704565504,-1.2485096406738498,1,-0.543422821559092,-0.5485793333068089,-1.1144426264606617,-0.1780713567312071,-0.6186377858995802,-0.5317873328490396,-0.5904389904493302,-1.3761013002125493,-0.7267967897558287,-0.41588062558161454,-0.9766524921998465,-0.7050990338655813,-0.5211746327733829,-0.33004052481302054
2008-07-13,0,6,0.47435882098931514,7,2008,0.152103914622754,0.0,0.0,-1.1070378017940468,0.8794131786169637,-0.7304445704565504,-1.2485096406738498,1,-0.4158428099938597,-0.5435647154854845,-0.5482370327681503,0.39465680065264336,-1.4016686711297404,0.5083071994960999,-0.5868632812750595,-1.3838569573108417,-0.8971992181936184,-1.2641861385228437,-0.8930469476256867,-0.8682044697612062,-0.571830712323542,-0.4238716226532767
2008-07-14,0,0,0.47435882098931514,7,2008,0.16144645962080031,0.0,0.0,-0.000979679470614218,1.4116968620477444,-0.7304445704565504,-1.2485096406738498,0,-0.5393203505296025,-0.4162616489166174,-0.5432224090945059,-1.0060260933344847,-1.3081987988709345,-0.31983890509467633,-0.6647320490420499,-1.1135830147838854,-0.8491849858852454,-1.3860156105566295,-0.838042692660354,-1.030776238089213,-0.5920430947775932,-0.4106018481200208
2008-07-15,0,1,0.47435882098931514,7,2008,0.1707890046188466,0.0,0.0,1.105078442852818,0.879413178616964,-0.7304445704565504,-1.2485096406738498,0,-0.742204636566861,-0.5394711499170495,-0.4159191939563356,-0.7625583267374917,-0.6076621827826195,1.2061026920627,-0.7805689556853347,-1.2758934841722416,-0.8399739934238503,-1.3958621467374563,-0.8478295043339872,-1.0278282880537055,-0.6847802491902251,-0.7656373314997295
2008-07-16,0,2,0.47435882098931514,7,2008,0.18013154961689293,0.0,0.0,1.378252239592745,-0.3166174014436045,-0.7304445704565504,-1.2485096406738498,0,-0.711548921799043,-0.7419150237990667,-0.5391288387486669,-1.1152476999370338,-0.7236184071416114,-0.4580168318935473,-0.9007998330405221,-1.3894300262769963,-0.7909630376513965,-1.6912713636080736,-0.8593897429798033,-1.01351671843724,-0.7032731462311707,-0.7468805349144091
2008-07-17,0,3,0.47435882098931514,7,2008,0.18947409461493922,0.0,0.0,0.612836270074063,-1.2757594567707242,-0.7304445704565504,-1.2485096406738498,0,-0.8462433018745682,-0.7113258550889798,-0.7415729488932196,-0.5493689060088098,-0.8068591536383005,-0.7245978240908877,-0.7794694585946734,-0.9781014120776311,-0.7698833306239478,-1.6361428525163537,-0.8230044934228068,-1.0132791908212098,-0.6890310082944678,-0.7551568625503724
2008-07-18,0,4,0.47435882098931514,7,2008,0.19881663961298554,0.0,0.0,-0.6147956290152912,-1.2757594567707244,-0.7304445704565504,-1.2485096406738498,0,-0.4324749112925661,-0.8457278466144273,-0.710983744483981,-0.5443571766510338,-1.073307257878345,0.5386477482282069,-0.7086757738118259,-0.9630926955479223,-0.7675940979296356,-1.6330478459049131,-0.7703350308820059,-1.1059765583462022,-0.7407517416245857,-0.9143561064466637
2008-07-19,0,5,0.47435882098931514,7,2008,0.20815918461103183,0.0,0.0,-1.3802115985339736,-0.31661740144360484,-0.7304445704565504,-1.2485096406738498,1,-0.5308282354985743,-0.4328576459919646,-0.8453858928635466,-0.4171274377574708,-0.17503253992008538,0.023027184654605334,-0.529922456304439,-1.3845406330886172,-0.7628832746246498,-1.614405027443251,-0.7909493064506814,-1.158122799083516,-0.7607246792700153,-0.9576687265908977
2008-07-20,0,6,0.47435882098931514,7,2008,0.21750172960907813,0.0,0.0,-1.1070378017940468,0.8794131786169637,-0.7304445704565504,-1.2485096406738498,1,-0.389925449265105,-0.5309974691904046,-0.432515210400075,-0.5402659690120261,0.397566719835288,0.17157740050163012,-0.7827585753482337,-0.5317858600879884,-0.8607790422398784,-1.3432744155276466,-0.9332734136337737,-1.5980221248946105,-0.8208371102572961,-0.9961460297115171
2008-07-21,0,0,0.47435882098931514,7,2008,0.22684427460712445,0.0,0.0,-0.000979679470614218,1.4116968620477444,-0.7304445704565504,-1.2485096406738498,0,-1.0779098409095087,-0.39040054843807553,-0.5306551481327956,-0.7425932334591613,-1.0028009378552556,0.26971417371177725,-0.8531384421030503,-0.5879285711021103,-0.8550149481919876,-1.347455885051644,-0.90474563224331,-1.6654102043597951,-0.8681185401089191,-1.1145642863207779
2008-07-22,0,1,0.47435882098931514,7,2008,0.23618681960517074,0.0,0.0,1.105078442852818,0.879413178616964,-0.7304445704565504,-1.2485096406738498,0,-0.7104925355089557,-1.0768914942636105,-0.39005806329654374,-0.7120216843767193,-0.7593879658712397,-0.013537412565879708,-1.2574292809732186,-0.5540857104824766,-0.9841471840693317,-0.8647201566319537,-0.9683602377551884,-1.3667231286990853,-0.935727246642653,-1.0722686921231508
2008-07-23,0,2,0.47435882098931514,7,2008,0.24552936460321706,0.0,0.0,1.378252239592745,-0.3166174014436045,-0.7304445704565504,-1.2485096406738498,0,-1.4219909236040122,-0.7102717619551141,-1.0765498102927358,-0.8463462591842477,-1.111997963151843,-0.5445054536213819,-1.2566953901014952,-0.5541408757283485,-1.0259151169631504,-0.8019812389893737,-0.9645180324043005,-1.3818864440084146,-0.9610273811956753,-1.0457787826345775
2008-07-24,0,3,0.47435882098931514,7,2008,0.2548719096012634,0.0,0.0,0.612836270074063,-1.2757594567707242,-0.7304445704565504,-1.2485096406738498,0,-1.0760363791393752,-1.4202256610970234,-0.7099296501199338,-0.43371387539393186,-0.5462465253411809,0.30380130260770244,-1.2988994720932234,-0.7089106312986786,-1.0960312571084576,-0.9324971481583932,-0.9905303823403522,-1.392676707663453,-1.0151194855661967,-1.210701897550849
2008-07-25,0,4,0.47435882098931514,7,2008,0.26421445459930964,0.0,0.0,-0.6147956290152912,-1.2757594567707244,-0.7304445704565504,-1.2485096406738498,0,-0.8182302621949145,-1.0750220993206918,-1.4198843778149874,-0.5317971691992954,-0.5412359239182208,-0.527672845263723,-1.215002888972903,-1.0158169606286476,-1.2190837284143732,-0.9793960922238776,-1.0545916409279388,-1.314903929133307,-1.0475448625958546,-1.1743416337393828
2008-07-26,0,5,0.47435882098931514,7,2008,0.27355699959735597,0.0,0.0,-1.3802115985339736,-0.31661740144360484,-0.7304445704565504,-1.2485096406738498,1,-1.2078214235098166,-0.817775616391342,-1.074680413168136,-0.3912812334980854,-0.414034819222931,-0.8749065699066942,-1.3000070044854035,-0.854798203023502,-1.3832355076469314,-1.3125189601025968,-1.1391702629039366,-1.2795042663079101,-1.0672123976350731,-1.1246893941951122
2008-07-27,0,6,0.47435882098931514,7,2008,0.2828995445954023,0.0,0.0,-1.1070378017940468,0.8794131786169637,-0.7304445704565504,-1.2485096406738498,1,-1.293033165518056,-1.206521070597187,-0.817433630018754,-1.0773767545586757,-0.5371456370423282,0.30498265671341906,-1.2638843065237726,-0.7007080464114874,-1.3192743213119276,-1.1859195924505905,-1.1571715355714045,-1.3174731212470834,-1.1169471956898611,-1.3288445373375761
2008-07-28,0,0,0.47435882098931514,7,2008,0.2922420895934486,0.0,0.0,-0.000979679470614218,1.4116968620477444,-0.7304445704565504,-1.2485096406738498,0,-0.7260169696296979,-1.2915478387581034,-1.2061795379107734,-0.7109681984096812,-0.7394273659169108,-0.6170675980916106,-1.2904878506237212,-0.6516858014611467,-1.4220145129458444,-1.2913018137206267,-1.2086144327286563,-1.2511937302372316,-1.148289097235534,-1.2891532662054592
2008-07-29,0,1,0.47435882098931514,7,2008,0.30158463459149487,0.0,0.0,1.105078442852818,0.879413178616964,-0.7304445704565504,-1.2485096406738498,0,-1.275734412677069,-0.7257624963269819,-1.2912064053023529,-1.4205131579211454,-0.7088626972368461,-1.392454428321323,-1.0555396519697056,-0.637756675986127,-1.2895584155913369,-1.2788400934222537,-1.2068512243877247,-1.2480361830102513,-1.1141476717995928,-1.360348498061706
2008-07-30,0,2,0.47435882098931514,7,2008,0.3109271795895412,0.0,0.0,1.378252239592745,-0.3166174014436045,-0.7304445704565504,-1.2485096406738498,0,-0.6932621571851243,-1.274286637277897,-0.7254204025702946,-1.075508436403529,-0.8431570410893993,-1.299897021787571,-0.9534163265790458,-0.3721468234276848,-1.1785523788706316,-1.0291868953442318,-1.1701224969673414,-1.1733348578649598,-1.0735818259447842,-1.4033015284224386
2008-07-31,0,3,0.47435882098931514,7,2008,0.3202697245875875,0.0,0.0,0.612836270074063,-1.2757594567707242,-0.7304445704565504,-1.2485096406738498,0,-0.4653186106094357,-0.6930787865677123,-1.273945183677426,-0.8184101296892679,-0.4306175239322631,-0.6061991403190694,-0.5738594849896121,-1.02724021174353,-1.0855948664730177,-0.7525605680876596,-1.15800583736817,-1.1215516914246186,-1.0590647274622957,-1.369860499774149
2008-08-01,0,4,0.47435882098931514,8,2008,0.3296122695856338,0.0,0.0,-0.6147956290152912,-1.2757594567707244,-1.2492401063131973,-0.7317282845877303,0,-0.3068093862077627,-0.465630049671874,-0.692736654667435,-1.206931663127057,-0.5286787432092458,-0.721023384096754,-0.8597702442869324,0.1727356310883943,-1.1247299332089116,-0.6142792841765055,-1.244041438380794,-1.0579811068233145,-1.0924221880087666,-1.2835038581697507
2008-08-02,0,5,0.47435882098931514,8,2008,0.3389548145836801,0.0,0.0,-1.3802115985339736,-0.31661740144360484,-1.2492401063131973,-0.7317282845877303,1,-1.4231293593146928,-0.307464910021701,-0.4652876523270849,-1.2919094551288288,-0.388194431884525,-0.8034515229983903,-1.391527749526736,0.7050201233710012,-1.2210181424690396,-0.2029509247824292,-1.3821970032794553,-0.9127095658965365,-1.1409154082657413,-1.0922814983436155
2008-08-03,0,6,0.47435882098931514,8,2008,0.3482973595817264,0.0,0.0,-1.1070378017940468,0.8794131786169637,-1.2492401063131973,-0.7317282845877303,1,-1.822778412103559,-1.4213616255422612,-0.3071223280899634,-0.726450009983608,-1.07413554097072,-1.067298524265367,-1.9860436380341773,-0.9189715082181324,-1.4206778844101573,0.06562529614218399,-1.4541809974202842,-0.7094881421233544,-1.176696122288934,-0.9384065469860434
2008-08-04,0,0,0.47435882098931514,8,2008,0.35763990457977274,0.0,0.0,-0.000979679470614218,1.4116968620477444,-1.2492401063131973,-0.7317282845877303,0,-1.8244775188549385,-1.8201431380000512,-1.421020343585955,-1.2746581962510406,-0.7078094483663101,-0.17779288742396065,-1.727203809541602,0.1983531568801975,-1.327366796170236,0.09536346295740479,-1.4591828526016817,-0.7208680616199684,-1.2047615743309938,-1.0036841102770333
2008-08-05,0,1,0.47435882098931514,8,2008,0.366982449577819,0.0,0.0,1.105078442852818,0.879413178616964,-1.2492401063131973,-0.7317282845877303,0,-0.7623682816767738,-1.8218385564063106,-1.8198023214425216,-0.6937851263258736,-1.4171947183961244,0.3892165797480727,-1.5120304879165207,-0.04046452696211581,-1.4328305781676605,0.03884400534401401,-1.4448642427842597,-0.7472033336493228,-1.2847903141846313,-1.2439372119146874
2008-08-06,0,2,0.47435882098931514,8,2008,0.3763249945758653,0.0,0.0,1.378252239592745,-0.3166174014436045,-1.2492401063131973,-0.7317282845877303,0,-1.2734883097884215,-0.7620348985678959,-1.8214977418274227,-0.4664674018838352,-1.0722676432973957,-0.9974804966178425,-1.6316694313934184,0.42758850288677663,-1.7353883470044642,0.12404764256793735,-1.5464766637914118,-0.43264379849082796,-1.3385776706169084,-0.9956784241796186
2008-08-07,0,3,0.47435882098931514,8,2008,0.38566753957391164,0.0,0.0,0.612836270074063,-1.2757594567707242,-1.2492401063131973,-0.7317282845877303,0,-2.129889393370705,-1.2720454101291767,-0.7616928471429896,-0.30839336673190637,-0.8152271988718901,-0.75644375548342,-2.1614944466188137,-0.16056814178726,-2.0640318105411852,-0.41923229486501434,-1.671500957897522,-0.24190735087238016,-1.4033349708240557,-0.7978915629855193
2008-08-08,0,4,0.47435882098931514,8,2008,0.39501008457195796,0.0,0.0,-0.6147956290152912,-1.2757594567707244,-1.2492401063131973,-0.7317282845877303,0,-2.1148948617579437,-2.1265874564526444,-1.2717039539130772,-1.4216484680409671,-1.2036612920404577,-1.1056115255623102,-2.5129839800156137,-1.5115163966463314,-2.199924242531835,-0.3106281975801652,-1.7643477710897455,-0.04451807348798365,-1.453835894066236,-0.6088055317518112
2008-08-09,0,5,0.47435882098931514,8,2008,0.40435262957000423,0.0,0.0,-1.3802115985339736,-0.31661740144360484,-1.2492401063131973,-0.7317282845877303,1,-2.1707636797277936,-2.111625474300038,-2.126246997531581,-1.8202002788737224,-1.2886199590250274,-0.545383030957057,-2.491012787239189,-1.4536656401804504,-2.245551061156293,-0.25281256848387507,-1.8396294164256914,0.08104822633695453,-1.5268601776829933,-0.4999978563446038
2008-08-10,0,6,0.47435882098931514,8,2008,0.41369517456805055,0.0,0.0,-1.1070378017940468,0.8794131786169637,-1.2492401063131973,-0.7317282845877303,1,-2.0738017769459507,-2.167373014732758,-2.1112849979175627,-1.8218947207042107,-0.723287775619149,-0.5404213437130709,-2.4795303413739513,-1.4412449436272465,-2.293010384453803,-0.20293316640234185,-1.970718632996711,0.07837317883877651,-1.6006890482301546,-0.4125353465375129
2008-08-11,0,0,0.47435882098931514,8,2008,0.42303771956609687,0.0,0.0,-0.000979679470614218,1.4116968620477444,-1.2492401063131973,-0.7317282845877303,0,-2.0855827062522803,-2.0706215925229428,-2.1670326034105636,-0.7627015190048557,-1.2713725826983742,-0.414461993664691,-2.4328479180044145,-1.5456584628468606,-2.5273441720905168,-1.079515699431346,-2.045526924962386,0.13946616870821196,-1.6789984663376791,-0.3750733192916908
2008-08-12,0,1,0.47435882098931514,8,2008,0.4323802645641432,0.0,0.0,1.105078442852818,0.879413178616964,-1.2492401063131973,-0.7317282845877303,0,-2.051593733773013,-2.08237694831361,-2.070281068286804,-1.2724182600686818,-0.6906302434875857,-0.5363709867791981,-2.4796803336689015,-1.3794391627575908,-2.694542047595473,-2.04820468294674,-2.190165716940771,0.056191415223266296,-1.758183175515952,-0.30733655687636197
2008-08-13,0,2,0.47435882098931514,8,2008,0.44172280956218946,0.0,0.0,1.378252239592745,-0.3166174014436045,-1.2492401063131973,-0.7317282845877303,0,-2.1933546201968146,-2.048461757579181,-2.082036437796583,-2.126468082729394,-0.4633636789461278,-0.7366780136461473,-2.526183301971267,-1.3467294653992763,-2.7080661682140916,-2.0124015632009793,-2.357837633395246,-0.23473252147362877,-1.8281788014542864,-0.23043031417033413
2008-08-14,0,3,0.47435882098931514,8,2008,0.4510653545602358,0.0,0.0,0.612836270074063,-1.2757594567707242,-1.2492401063131973,-0.7317282845877303,0,-2.2042945429421072,-2.1899149157962383,-2.048121207481361,-2.1115147188088437,-0.305325219779057,-0.7064117214578249,-2.5942543587573765,-1.5485559383687442,-2.7281454233854485,-1.977350463571714,-2.5428245260569478,-0.8527236289499165,-1.9006507089746008,-0.17133968877478598
2008-08-15,0,4,0.47435882098931514,8,2008,0.4604078995582821,0.0,0.0,-0.6147956290152912,-1.2757594567707244,-1.2492401063131973,-0.7317282845877303,0,-2.2253641504043604,-2.200831090645385,-2.1895745307816155,-2.167230148172648,-1.4183297730041817,-0.8393950654890158,-2.60451945644306,-1.5643328570171566,-2.7370146465792335,-1.9579207837088486,-2.6196162213853804,-0.9030164375553364,-1.9663963941436504,-0.11386277790020674
2008-08-16,0,5,0.47435882098931514,8,2008,0.46975044455632836,0.0,0.0,-1.3802115985339736,-0.31661740144360484,-1.2492401063131973,-0.7317282845877303,1,-2.219559153897644,-2.221854961143905,-2.200490718370506,-2.070534455624845,-1.8167918861634784,-0.4308828157340847,-2.6097223141741592,-1.5843537020375535,-2.7631475675779473,-1.9758126325803183,-2.6576826006000243,-0.8843122940299112,-2.0518557684435326,-0.1419437338584117
2008-08-17,0,6,0.47435882098931514,8,2008,0.4790929895543747,0.0,0.0,-1.1070378017940468,0.8794131786169637,-1.2492401063131973,-0.7317282845877303,1,-2.2175762929000613,-2.216062565864581,-2.221514613404977,-2.0822830402281736,-1.8184859466445766,-0.5279867479260965,-2.6066836309844907,-1.5928801700675677,-2.78714474135344,-2.010662349043164,-2.6955881187807598,-0.8734076810616581,-2.132608080066763,-0.17200337254283274
2008-08-18,0,0,0.47435882098931514,8,2008,0.488435534552421,0.0,0.0,-0.000979679470614218,1.4116968620477444,-1.2492401063131973,-0.7317282845877303,0,-2.21760706143278,-2.2140840091731744,-2.2157222113656263,-2.0483873849390486,-0.7595311259118946,-0.3888738637349945,-2.606613991704692,-1.5931807499283162,-2.8176423665988533,-2.1967340017708414,-2.8360732019716934,-1.5991607435295525,-2.2201908699148674,-0.2585408799908306
2008-08-19,0,1,0.47435882098931514,8,2008,0.4977780795504673,0.0,0.0,1.105078442852818,0.879413178616964,-1.2492401063131973,-0.7317282845877303,0,-2.219381380153032,-2.2141147109149353,-2.213743652365141,-2.1897590649047487,-1.2691331506338208,-1.0681187215444832,-2.6066956839367617,-1.5933455392015707,-2.822082881483096,-2.2138967223451735,-2.9271221953300333,-2.3169540296673885,-2.274760881900682,-0.2361668592103772
2008-08-20,0,2,0.47435882098931514,8,2008,0.5071206245485136,0.0,0.0,1.378252239592745,-0.3166174014436045,-1.2492401063131973,-0.7317282845877303,0,-2.217784835177391,-2.215885178023281,-2.213774354142733,-2.2006689519420894,-2.1229907616923565,-0.7053687545473589,-2.610930287835279,-1.5794149179552006,-2.826467470487184,-2.221412591514863,-2.9366222260620676,-2.3130140381457185,-2.3474295171448256,-0.28426113305294115
2008-08-21,0,3,0.47435882098931514,8,2008,0.5164631695465599,0.0,0.0,0.612836270074063,-1.2757594567707242,-1.2492401063131973,-0.7317282845877303,0,-2.2284170725954713,-2.214292098756234,-2.215544823317306,-2.2216807125080593,-2.108040763160992,-1.4078289081827908,-2.6192736092419064,-1.5626508055727153,-2.829251336521526,-2.205454438435956,-2.9487504228255554,-2.313603058340434,-2.3866231789425743,-0.24908816709282344
2008-08-22,0,4,0.47435882098931514,8,2008,0.5258057145446062,0.0,0.0,-0.6147956290152912,-1.2757594567707244,-1.2492401063131973,-0.7317282845877303,0,-2.240680042247768,-2.224901256187748,-2.213951742191052,-2.2158916536988746,-2.163743653265774,-1.0662690585446812,-2.624341206064167,-1.5771186723338186,-2.8312802031737854,-2.204419732812598,-2.9545315310482625,-2.3092818919982516,-2.4419021963357346,-0.2557774375279166
2008-08-23,0,5,0.47435882098931514,8,2008,0.5351482595426525,0.0,0.0,-1.3802115985339736,-0.31661740144360484,-1.2492401063131973,-0.7317282845877303,1,-2.2307212938236964,-2.2371376059327086,-2.2245609120040046,-2.213914236673358,-2.067069722954195,-0.8117378782255978,-2.633601891060448,-1.5649390715995921,-2.837547630143065,-2.189586981570409,-2.9717189391814682,-2.3364773984434786,-2.5105447872550184,-0.31812750158333614
2008-08-24,0,6,0.47435882098931514,8,2008,0.5444908045406989,0.0,0.0,-1.1070378017940468,0.8794131786169637,-1.2492401063131973,-0.7317282845877303,1,-2.252057561902872,-2.227200475515347,-2.2367972760294226,-2.2139449207306487,-2.0788156634327786,-1.1963800244502634,-2.6380092539415414,-1.5602348906585584,-2.843786472773598,-2.1852883390880744,-2.987758234648481,-2.3717253068734694,-2.5605301594738523,-0.3262923818777965
2008-08-25,0,0,0.47435882098931514,8,2008,0.5538333495387451,0.0,0.0,-0.000979679470614218,1.4116968620477444,-1.2492401063131973,-0.7317282845877303,0,-2.251931069046126,-2.2484904277758204,-2.2268601340149123,-2.2157143680345173,-2.0449276366660625,-1.2805093132641316,-2.6492760858827866,-1.5835428624265437,-2.851075479153694,-2.1817208372884926,-3.0078029039331535,-2.4907396259261203,-2.606797672312893,-0.33092286029038426
2008-08-26,0,1,0.47435882098931514,8,2008,0.5631758945367914,0.0,0.0,1.105078442852818,0.879413178616964,-1.2492401063131973,-0.7317282845877303,0,-2.2594830344662356,-2.2483642095041243,-2.2481501111218685,-2.214122206395005,-2.1862674996623213,-0.7206959802446049,-2.647319489963833,-1.5778779576512185,-2.8563971373496995,-2.1948190179452496,-3.0129814425452377,-2.498762931579172,-2.6796157355203114,-0.46072585375960295
2008-08-27,0,2,0.47435882098931514,8,2008,0.5725184395348377,0.0,0.0,1.378252239592745,-0.3166174014436045,-1.2492401063131973,-0.7317282845877303,0,-2.2470628034244764,-2.255899781454675,-2.2480238927028684,-2.2247252528594204,-2.197174931331356,-1.2634303081929947,-2.6450441604181094,-1.57436685543711,-2.859615361053238,-2.2034555438316734,-3.017014505557259,-2.5044340923791446,-2.7260717927336047,-0.4895385376483191
2008-08-28,0,3,0.47435882098931514,8,2008,0.581860984532884,0.0,0.0,0.612836270074063,-1.2757594567707242,-1.2492401063131973,-0.7317282845877303,0,-2.2461226538135497,-2.243506511696259,-2.2555594734478244,-2.236954554360335,-2.2181819630114274,-0.6883572554251174,-2.6330260277851916,-1.5660946805062577,-2.8574566220792867,-2.195539801224327,-3.0173461166230613,-2.5049067283118225,-2.7995838039851475,-0.6743377612527892
2008-08-29,0,4,0.47435882098931514,8,2008,0.5912035295309304,0.0,0.0,-0.6147956290152912,-1.2757594567707244,-1.2492401063131973,-0.7317282845877303,0,-2.228803388617414,-2.2425684029201576,-2.2431661892258172,-2.227023147816658,-2.2123942070820504,-0.46330929828712997,-2.626313872586151,-1.5678241889113893,-2.8573124575882227,-2.1949170027713527,-3.0183458943194617,-2.5069623627078856,-2.884062158337747,-0.9984839322583112
2008-08-30,0,5,0.47435882098931514,8,2008,0.6005460745289767,0.0,0.0,-1.3802115985339736,-0.31661740144360484,-1.2492401063131973,-0.7317282845877303,1,-2.229928149424662,-2.2252867336121076,-2.242228079354894,-2.2483008368791686,-2.2104172350920397,-0.306813632254846,-2.618070992448463,-1.5887761414602826,-2.8524090006960368,-2.188866127826614,-3.019069439338782,-2.5091508211301146,-2.975896852959035,-1.5388292073032008
2008-08-31,0,6,0.47435882098931514,8,2008,0.609888619527023,0.0,0.0,-1.1070378017940468,0.8794131786169637,-1.2492401063131973,-0.7317282845877303,1,-2.2250803961581544,-2.2264090528387834,-2.2249463898782365,-2.2481746913102962,-2.2104479122436063,-1.4089528822319377,-1.7926995521920857,1.9644634530124687,-2.465231646793941,0.6907248906614929,-2.8169930396239367,-0.3425094424338801,-2.91359799463179,-0.9425848128438181
2008-09-01,0,0,0.47435882098931514,9,2008,0.6192311645250693,0.0,0.0,-0.000979679470614218,1.4116968620477444,-1.439132451806691,-0.025791823971918527,0,-0.12181187385905465,-2.2215718228587553,-2.2260687104147174,-2.25570592270576,-2.2122169613174276,-1.8035251535394803,-1.136535491243027,1.656624268989497,-2.155398542347746,1.1795313811912513,-2.656502513507009,0.16761242539593185,-2.852899308480818,-0.6459341416367378
2008-09-02,0,1,0.47435882098931514,9,2008,0.6285737095231155,0.0,0.0,1.105078442852818,0.879413178616964,-1.439132451806691,-0.025791823971918527,0,-0.5548858093606396,-0.12286898201803592,-2.2212314747893904,-2.243319791578685,-2.2106251580082272,-1.8052026763695919,-0.3907724615316886,-0.9613497849766305,-1.8053677794427285,1.5053958221009056,-2.4736447221117275,0.6449476912436665,-2.780937223639147,-0.3118696792037783
2008-09-03,0,2,0.47435882098931514,9,2008,0.6379162545211619,0.0,0.0,1.378252239592745,-0.3166174014436045,-1.439132451806691,-0.025791823971918527,0,-0.32131162129699187,-0.5550028199446017,-0.12252618465324447,-2.242382223161411,-2.2212258181615696,-0.7565855179761043,-0.46602172100472267,-1.1948330527423794,-1.4541619516558046,1.5056808708805594,-2.289047785603946,0.9762938809396415,-2.7594677150230873,-0.16918135307901574
2008-09-04,0,3,0.47435882098931514,9,2008,0.6472587995192082,0.0,0.0,0.612836270074063,-1.2757594567707242,-1.439132451806691,-0.025791823971918527,0,-0.31390666108877024,-0.3219356643061019,-0.5546605269024862,-2.2251105082454257,-2.233452367348073,-1.2612127377716973,-0.4809472935692261,-1.130424467244577,-1.156830767018743,1.1089729920913374,-2.1301774069904167,1.0952773288913338,-2.7268896366903235,-0.024727301777929644
2008-09-05,0,4,0.47435882098931514,9,2008,0.6566013445172545,0.0,0.0,-0.6147956290152912,-1.2757594567707244,-1.439132451806691,-0.025791823971918527,0,-0.5929875090469656,-0.31454677845508394,-0.3215930992624876,-2.2262321810064503,-2.2235231959568575,-2.1067348736087625,-0.8225775120068594,-0.2798848418987735,-0.9684313903473352,0.43528958025179293,-2.030160740624964,1.0368188777494458,-2.682057319700085,0.018549142547338426
2008-09-06,0,5,0.47435882098931514,9,2008,0.6659438895153008,0.0,0.0,-1.3802115985339736,-0.31661740144360484,-1.439132451806691,-0.025791823971918527,1,-1.1934183314704743,-0.5930218101613824,-0.31420420478825534,-2.2213977373130285,-2.2447960962838676,-2.09193081901548,-0.5011065258539692,0.9290759768013328,-0.47188724941172067,-0.34971159525801876,-1.76415790232841,1.4917793069864425,-2.5565501055736144,0.5334875906153715
2008-09-07,0,6,0.47435882098931514,9,2008,0.6752864345133471,0.0,0.0,-1.1070378017940468,0.8794131786169637,-1.439132451806691,-0.025791823971918527,1,0.5067379687457035,-1.192149244147364,-0.592679561489407,-0.12390376759082052,-2.244669979105191,-2.147089929859857,-0.4023821330042482,0.8935445508479893,-0.5117213896495425,-0.3901432786929376,-1.5799027955176839,1.4586375647360705,-2.4689509490263553,0.6909186930068882
2008-09-08,0,0,0.47435882098931514,9,2008,0.6846289795113935,0.0,0.0,-0.000979679470614218,1.4116968620477444,-1.439132451806691,-0.025791823971918527,0,-0.34096587625407254,0.504316432634883,-1.1918076946882812,-0.5557886926623431,-2.2521995155292207,-2.051359743727914,-0.11085871559855008,-0.06301677665284294,-0.4925158210059261,-0.40398032834269054,-1.4053576958295644,1.322841970237545,-2.3911763946471796,0.8082473712210949
2008-09-09,0,1,0.47435882098931514,9,2008,0.6939715245094397,0.0,0.0,1.105078442852818,0.879413178616964,-1.439132451806691,-0.025791823971918527,0,-0.44922324927042795,-0.34154725468351316,0.5046599619576905,-0.322855785735782,-2.239816172012476,-2.0629910187229976,-0.5855575447788375,-1.0486082178985396,-0.562267821531561,-0.358183628328284,-1.2566782592740346,1.0840587341237142,-2.3250858631269575,0.8638344334566512
2008-09-10,0,2,0.47435882098931514,9,2008,0.703314069507486,0.0,0.0,1.378252239592745,-0.3166174014436045,-1.439132451806691,-0.025791823971918527,0,-0.7050635988465993,-0.4495696274250708,-0.34120471252764534,-0.31547115594738023,-2.238878814603416,-2.0294338115259145,-0.6336970361564681,-1.175414268203183,-0.5895229885253689,-0.36944410203586436,-1.084832196769604,0.7884221456081606,-2.249074984248603,0.9492733316580144
2008-09-11,0,3,0.47435882098931514,9,2008,0.7126566145055323,0.0,0.0,0.612836270074063,-1.2757594567707242,-1.439132451806691,-0.025791823971918527,0,-0.4638553959422559,-0.70485461018622,-0.44922721133693316,-0.5937857836095686,-2.2216109868423817,-2.1693938953756824,-0.8215958660050849,-0.9150447935003091,-0.650577271889693,-0.2625198751636938,-0.9594944214273315,0.3852668293135341,-2.1885402924231525,0.9454904368425587
2008-09-12,0,4,0.47435882098931514,9,2008,0.7219991595035786,0.0,0.0,-0.6147956290152912,-1.2757594567707244,-1.439132451806691,-0.025791823971918527,0,-0.9288875807635135,-0.4641700112858037,-0.7045124920289417,-1.192568114974465,-2.2227324071608523,-2.1801948471993304,-0.665504777204436,-0.6484866666745417,-0.4893858359132981,-0.5933454362746818,-0.7740470310927419,-0.1490024986675119,-2.0976905457569446,1.0161593203241506
2008-09-13,0,5,0.47435882098931514,9,2008,0.731341704501625,0.0,0.0,-1.3802115985339736,-0.31661740144360484,-1.439132451806691,-0.025791823971918527,1,-0.30659742520458083,-0.9281927249904263,-0.46382761223707386,0.5029203827997306,-2.2178990515025117,-2.200996805352179,-0.4440840086512776,-0.07661342606469586,-0.5630644546244257,-1.0514060558327036,-0.5497296156404994,-0.9307510133247308,-1.9863005916526333,1.145079629925747
2008-09-14,0,6,0.47435882098931514,9,2008,0.7406842494996713,0.0,0.0,-1.1070378017940468,0.8794131786169637,-1.439132451806691,-0.025791823971918527,1,0.10138306250000119,-0.30725340913400695,-0.9278508674803498,-0.3424560796662957,-0.12087714168334217,-2.19526555029076,-0.07739838087229435,-0.9705727752653684,-0.49978432122996574,-0.8976258214807641,-0.5372922228733107,-0.8987855946608472,-1.8796983880518026,1.2249549050964041
2008-09-15,0,0,0.47435882098931514,9,2008,0.7500267944977176,0.0,0.0,-0.000979679470614218,1.4116968620477444,-1.439132451806691,-0.025791823971918527,0,0.0071800714854823805,0.0998414527323404,-0.3069108269554368,-0.4504162305801514,-0.5526648671639262,-2.1933078777727255,0.12679604044917128,-1.291932287491081,-0.3791136710199501,-0.6662488237724152,-0.4630921042837844,-0.7928035580600086,-1.7632579979225906,1.3201711590768348
2008-09-16,0,1,0.47435882098931514,9,2008,0.7593693394957639,0.0,0.0,1.105078442852818,0.879413178616964,-1.439132451806691,-0.025791823971918527,0,0.2146659625274718,0.0058429533672895275,0.10018451001179847,-0.7055541669673957,-0.31978438388532093,-2.193338255449727,-0.1474581747834187,-0.35833877072801423,-0.359785686838664,-0.7219006438688733,-0.48984052530327177,-0.77278344542172,-1.6857562764183098,1.2701184168177655
2008-09-17,0,2,0.47435882098931514,9,2008,0.7687118844938101,0.0,0.0,1.378252239592745,-0.3166174014436045,-1.439132451806691,-0.025791823971918527,0,-0.5987275497623866,0.21287844329522126,0.006185900945607415,-0.46500820449259395,-0.31240141607434185,-2.195090034823625,-0.1857035315619864,-0.3927340276423454,-0.2919146600822138,-0.7338747730725669,-0.468295035757567,-0.7504723898463467,-1.5838365854454006,1.2640907319062245
2008-09-18,0,3,0.47435882098931514,9,2008,0.7780544294918564,0.0,0.0,0.612836270074063,-1.2757594567707242,-1.439132451806691,-0.025791823971918527,0,-0.09045190156451409,-0.5987493906525445,0.2132216324947295,-0.9287636370719353,-0.5906534065237206,-2.193513770916861,-0.31454825214147697,-0.7561230739278333,-0.1438428141913204,-1.2447960660886388,-0.42213484132452067,-0.7583225494548379,-1.4831324492186488,1.232531579485551
2008-09-19,0,4,0.47435882098931514,9,2008,0.7873969744899028,0.0,0.0,-0.6147956290152912,-1.2757594567707244,-1.439132451806691,-0.025791823971918527,0,-0.11424623353551848,-0.09157708455204079,-0.5984071486649535,-0.30818198767056604,-1.189300976533702,-2.2040109459704684,-0.11568525337535666,-1.5564875213497453,-0.10466859933931863,-1.2953987934039173,-0.31584690206951477,-1.0502347556292069,-1.3808099737795632,1.17943286637114
2008-09-20,0,5,0.47435882098931514,9,2008,0.7967395194879491,0.0,0.0,-1.3802115985339736,-0.31661740144360484,-1.439132451806691,-0.025791823971918527,1,-0.09107410967065521,-0.11531976484892807,-0.09123425066797665,0.09867838400906795,0.5058059362884431,-2.216118137905285,-0.25938992489031193,-0.9955655036046609,-0.20621632692861494,-1.2234862293266366,-0.4087991979069239,-1.2900286905436387,-1.295432923976425,1.0645341166835278
2008-09-21,0,6,0.47435882098931514,9,2008,0.8060820644859954,0.0,0.0,-1.1070378017940468,0.8794131786169637,-1.439132451806691,-0.025791823971918527,1,-0.4572982797467998,-0.09219794199658862,-0.11497695867380735,0.004734028598489598,-0.3393802665932109,-2.206285896448322,-0.24078820188259864,-0.9553860784693405,-0.21965593732833455,-1.2460043899230848,-0.3823603025244028,-1.2677304445925148,-1.1918361373412183,0.9672766119738784
2008-09-22,0,0,0.47435882098931514,9,2008,0.8154246094840417,0.0,0.0,-0.000979679470614218,1.4116968620477444,-1.439132451806691,-0.025791823971918527,0,-0.06676013136924513,-0.45762712898560004,-0.09185510883709742,0.21165026428069855,-0.44731612010306543,-2.227351127801878,-0.34811438500435293,-0.9983490418595763,-0.3250277523228387,-1.446519315389094,-0.3742447315104313,-1.2776445566679757,-1.1014983410245436,0.809898008478552
2008-09-23,0,1,0.47435882098931514,9,2008,0.824767154482088,0.0,0.0,1.105078442852818,0.879413178616964,-1.439132451806691,-0.025791823971918527,0,-0.36505421864885823,-0.06793674339436258,-0.45728472230098605,-0.5995100649644737,-0.7023966354005469,-2.227226241796414,-0.3962003077052146,-0.8412401421226887,-0.3216330513974805,-1.464414831228928,-0.3621910318651057,-1.3211961490380264,-1.0214592901504391,0.6163786889734485
2008-09-24,0,2,0.47435882098931514,9,2008,0.8341096994801342,0.0,0.0,1.378252239592745,-0.3166174014436045,-1.439132451806691,-0.025791823971918527,0,-0.5800510504006667,-0.36558330717947274,-0.06759388192079012,-0.09262989453035529,-0.46190480996039757,-2.2346822738521754,-0.2721352523103545,-0.33455902112346825,-0.2597603859868999,-1.205643127527764,-0.29336591331432077,-1.2324967618300804,-0.9013234630192747,0.4649102011731827
2008-09-25,0,3,0.47435882098931514,9,2008,0.8434522444781806,0.0,0.0,0.612836270074063,-1.2757594567707242,-1.439132451806691,-0.025791823971918527,0,0.24995063210689367,-0.5801134334022761,-0.365240793074929,-0.1163588988365647,-0.925555870204134,-2.2224198182348958,-0.42436671794986847,-0.025198821907761213,-0.37598368592732206,-0.9758404353134094,-0.27647121952150555,-1.3351266715080061,-0.8298291384394215,0.210124193064962
2008-09-26,0,4,0.47435882098931514,9,2008,0.8527947894762269,0.0,0.0,-0.6147956290152912,-1.2757594567707244,-1.439132451806691,-0.025791823971918527,0,-0.7536676243684127,0.24808651848835536,-0.5797711696655532,-0.09325039435560666,-0.30511388829047764,-2.221491611437548,-0.29134096214862704,-0.12635906542520625,-0.40313756493818337,-1.0133045571497097,-0.27009479362003175,-1.3397540187795407,-0.7338109518474134,-0.08018565321003908
2008-09-27,0,5,0.47435882098931514,9,2008,0.8621373344742732,0.0,0.0,-1.3802115985339736,-0.31661740144360484,-1.439132451806691,-0.025791823971918527,1,-0.2404655922092972,-0.7533531282581882,0.2484297487775195,-0.45846909094959143,0.10165491579927152,-2.2043923545817403,-0.017406819759729894,0.9623305223208299,-0.14747986059734786,-0.1410036449779438,-0.1883440954348087,-0.8621646781510358,-0.5816661165130664,-0.20991430611131842
2008-09-28,0,6,0.47435882098931514,9,2008,0.8714798794723195,0.0,0.0,-1.1070378017940468,0.8794131786169637,-1.439132451806691,-0.025791823971918527,1,0.949244168889234,-0.24126513217092466,-0.7530110667012042,-0.06900317041511927,0.007731703411722717,-2.2055028274411073,0.38428058141951205,0.1516263253523545,-0.08595082865038256,-0.07242022942791906,-0.1628341065964546,-0.8133192959668917,-0.4619014861187135,-0.5857883750788674
2008-09-29,0,0,0.47435882098931514,9,2008,0.8808224244703659,0.0,0.0,-0.000979679470614218,1.4116968620477444,-1.439132451806691,-0.025791823971918527,0,0.2717518469027341,0.9458620600641862,-0.24092247298060146,-0.36647828718663517,0.214601370732085,-2.2007166556642535,0.4313460208279423,-0.011434418405419752,-0.04146676217707518,-0.12170290740242169,-0.19513322218557153,-0.8543817731397093,-0.3611387571089906,-1.1389509994092122
2008-09-30,0,1,0.47435882098931514,9,2008,0.8901649694684122,0.0,0.0,1.105078442852818,0.879413178616964,-1.439132451806691,-0.025791823971918527,0,-0.12031789065915292,0.2698404081799078,0.9462061046937178,-0.5808848421879227,-0.5963763995775672,-0.12416616161955853,-0.07249416851417742,-0.6925547387947196,0.0027202757327466783,-0.2386913939313405,-0.16989254372570614,-0.916203614073404,-0.371438157219528,-1.1406475957349378
2008-10-01,0,2,1.3595672654470619,10,2008,0.8995075144664584,0.0,0.0,1.378252239592745,-0.3166174014436045,-1.2492401063131975,0.6801446366438934,0,-0.3369488733710363,-0.1213782418902016,0.27018366385699316,0.24683805931581737,-0.08961030708958896,-0.551738716045783,0.022094722489049312,-0.3022691711323974,0.05057232298867082,-0.13560704329197643,-0.11168689047898926,-0.7846273795644292,-0.3203041700540763,-1.0632683828391996
2008-10-02,0,3,1.3595672654470619,10,2008,0.9088500594645047,0.0,0.0,0.612836270074063,-1.2757594567707242,-1.2492401063131975,0.6801446366438934,0,0.5132164542464238,-0.3375389717310929,-0.12103544278563885,-0.7540247494704749,-0.11333397096973104,-0.32113164401607014,-0.08262936215869915,-0.1138702241288183,0.11709988582408376,-0.39965411991152117,-0.1380489813104855,-0.7557315044628667,-0.3234802916918754,-1.0603947999252028
2008-10-03,0,4,1.3595672654470619,10,2008,0.918192604462551,0.0,0.0,-0.6147956290152912,-1.2757594567707244,-1.2492401063131975,0.6801446366438934,0,-0.38765541529545855,0.5107808549283546,-0.3371964248973503,-0.2422317205298505,-0.09023066726576788,-0.31382074975043667,0.07645219802253113,-0.2769055562997586,0.17337685622590293,-0.4765816049259995,-0.12260005902324528,-0.7468720382617093,-0.3051418962909425,-1.0486925746578877
2008-10-04,0,5,1.3595672654470619,10,2008,0.9275351494605973,0.0,0.0,-1.3802115985339736,-0.31661740144360484,-1.2492401063131975,0.6801446366438934,1,0.06915131511168955,-0.3881354421568794,0.5111243917954792,0.9442116761012492,-0.4553671681037739,-0.5893564060690691,0.22921131512821172,0.320833748455834,0.1650035091694859,-0.5234485263604932,0.008576839996586115,-0.5256149495218567,-0.23351500144794227,-0.8902394757654803
2008-10-05,0,6,1.3595672654470619,10,2008,0.9368776944586437,0.0,0.0,-1.1070378017940468,0.8794131786169637,-1.2492401063131975,0.6801446366438934,1,0.9031768379539965,0.0676796725830483,-0.38779295437185074,0.2685794185774053,-0.0659889003813424,-1.1821598963149484,0.3662185628302407,-0.08721307369285634,0.1087190819836469,-0.5269583097304854,0.011358944763358103,-0.5266390810150888,-0.17819637664283,-1.0615819962789281
2008-10-06,0,0,1.3595672654470619,10,2008,0.94622023945669,0.0,0.0,-0.000979679470614218,1.4116968620477444,-1.2492401063131975,0.6801446366438934,0,-0.037906085128542266,0.8998947300353751,0.06802269232803534,-0.12241388614228595,-0.3633970676994598,0.49639915011053104,0.2397978248745083,0.20537842296161632,0.08449820468753931,-0.4817694347603128,0.02210795594104504,-0.5477316323026968,-0.21459526089306313,-1.1273783474820938
2008-10-07,0,1,1.3595672654470619,10,2008,0.9555627844547363,0.0,0.0,1.105078442852818,0.879413178616964,-1.2492401063131975,0.6801446366438934,0,-0.25357298714848864,-0.039145332229744256,0.9002387210186406,-0.33845010551977295,-0.5777553685750975,-0.340536229026734,-0.010587527207149663,-0.8347651495043763,0.19372828401401412,-0.597382622699667,0.10349111303444926,-0.6527502144291049,-0.18563340473834672,-1.1073913191559632
2008-10-08,0,2,1.3595672654470619,10,2008,0.9649053294527826,0.0,0.0,1.378252239592745,-0.3166174014436045,-1.2492401063131975,0.6801446366438934,0,0.26399817665700837,-0.25434407416204646,-0.038802437155096736,0.5093810815296483,0.24978124643711172,-0.4474183979165916,0.19741027016484486,-0.47593293484018273,0.19006576026258296,-0.6070468158606532,0.12693232349409952,-0.6101743203800039,-0.14052252652851044,-1.0659814992514114
2008-10-09,0,3,1.3595672654470619,10,2008,0.9742478744508288,0.0,0.0,0.612836270074063,-1.2757594567707242,-1.2492401063131975,0.6801446366438934,0,0.4930664840399434,0.2621035692555754,-0.2540014302355292,-0.389017431937839,-0.7508563091626205,-0.7000087822048686,0.5723240466954007,-0.9523988212662667,0.3883975732493749,-0.7151952437229898,0.2674322401820127,-0.7693050791400583,-0.07308943467669618,-1.0335046623856312
2008-10-10,0,4,1.3595672654470619,10,2008,0.9835904194488752,0.0,0.0,-0.6147956290152912,-1.2757594567707244,-1.2492401063131975,0.6801446366438934,0,0.7034993167714548,0.4906746253780876,0.26244681590336716,0.06653512932530904,-0.2391784638511769,-0.4618646709807201,0.4328914771527023,-0.3890598818996936,0.35911664659664877,-0.6446555682107145,0.2817528277990319,-0.8061271824458587,-0.05528459366817975,-1.0618821278856694
2008-10-11,0,5,1.3595672654470619,10,2008,0.9929329644469215,0.0,0.0,-1.3802115985339736,-0.31661740144360484,-1.2492401063131975,0.6801446366438934,1,-0.0919424660385576,0.700650659906017,0.4910181387801961,0.8982708236549646,0.946997913011161,-0.9209895059217633,0.30486903576160385,-0.40769093447895133,0.22517105663403447,-0.9979910208206894,0.206256920840053,-1.0176449618843089,-0.0028561642666480734,-1.1963846989835552
2008-10-12,0,6,1.3595672654470619,10,2008,1.0022755094449678,0.0,0.0,-1.1070378017940468,0.8794131786169637,-1.2492401063131975,0.6801446366438934,1,0.16625338565371037,-0.09306441337523444,0.7009944183610844,-0.04022834335413905,0.2715177126100457,-0.3066043638132709,0.2541515518145102,-0.6127779297502657,0.3363983112806821,-0.9475684413281449,0.23540243497138558,-0.9588428109159481,0.03930265241680589,-1.1601552441548328
2008-10-13,0,0,1.3595672654470619,10,2008,1.011618054443014,0.0,0.0,-0.000979679470614218,1.4116968620477444,-1.2492401063131975,0.6801446366438934,0,0.5740287498068091,0.16457095828312254,-0.09272158122696042,-0.25530312893645235,-0.119387595546042,0.09619350736747254,0.21641107981448165,-0.4789494182504958,0.34826516165072935,-1.0041978380725638,0.22884899600595932,-0.9424599641425477,0.02543514822373489,-1.153357397710702
2008-10-14,0,1,1.3595672654470619,10,2008,1.0209605994410604,0.0,0.0,1.105078442852818,0.879413178616964,-1.2492401063131975,0.6801446366438934,0,-0.18828557944012633,0.5714611418710392,0.16491409110528196,0.26084703613969035,-0.3353751940272383,0.0031871862735514626,0.17601360144675704,-0.45850229606290666,0.31175426149140545,-0.9696401590988526,0.26742432898362406,-1.0397019327128632,0.028113558540264955,-1.1530881231384884
2008-10-15,0,2,1.3595672654470619,10,2008,1.0303031444391066,0.0,0.0,1.378252239592745,-0.3166174014436045,-1.2492401063131975,0.6801446366438934,0,0.06312752015006462,-0.1891983894451517,0.5718047495552165,0.48928643334275146,0.5122651809799416,0.20803736350131494,0.3427166451151648,0.23722782834360526,0.40382068819856254,-0.6075064161258715,0.3143199352335748,-0.84731755589955,0.0656905177955943,-1.0053317970966809
2008-10-16,0,3,1.3595672654470619,10,2008,1.039645689437153,0.0,0.0,0.612836270074063,-1.2757594567707242,-1.2492401063131975,0.6801446366438934,0,0.9995849071468595,0.06166895380673865,-0.18885566949023033,0.6991415198456529,-0.38593113981320226,-0.5950235304790399,0.4242106730824373,0.0252336204048398,0.27954033312392707,-0.6963999475978826,0.3536020019339839,-0.9738929630309361,0.09529934956786291,-1.074744883985417
2008-10-17,0,4,1.3595672654470619,10,2008,1.0489882344351993,0.0,0.0,-0.6147956290152912,-1.2757594567707244,-1.2492401063131975,0.6801446366438934,0,0.01975072646499226,0.9960935208934534,0.06201196653690409,-0.09411636663919037,0.0695188952443866,-0.09320455815759433,0.5968558222213457,-0.1612815867515948,0.38783396465715425,-0.746322781940697,0.3955158606317751,-0.9713499428365865,0.12375089204296294,-1.0499301344849907
2008-10-18,0,5,1.3595672654470619,10,2008,1.0583307794332457,0.0,0.0,-1.3802115985339736,-0.31661740144360484,-1.2492401063131975,0.6801446366438934,1,0.5038525641216363,0.018386320529884374,0.9964376241457137,0.1633706048007822,0.901067399967356,-0.11669662837402206,0.6519605807957455,0.04973036713845802,0.5648716880759054,-0.3848530056510897,0.41837493874330833,-0.8489357644201906,0.18380849458807771,-0.8922194814111305
2008-10-19,0,6,1.3595672654470619,10,2008,1.067673324431292,0.0,0.0,-1.1070378017940468,0.8794131786169637,-1.2492401063131975,0.6801446366438934,1,1.1402552200219982,0.5014372915184242,0.018729282746964466,0.570026416098457,-0.03722054935427144,-0.09381886229256689,0.9119387436696424,-0.6352119763762761,0.5847545812680545,-0.3617819536614865,0.4879249208464778,-0.8560070162420059,0.220886269519214,-0.8570098465120746
2008-10-20,0,0,1.3595672654470619,10,2008,1.0770158694293381,0.0,0.0,-0.000979679470614218,1.4116968620477444,-1.2492401063131975,0.6801446366438934,0,0.6834177210821296,1.1364584729302447,0.5017808174811242,-0.19019496870145058,-0.2522469304196261,-0.45539085048142464,0.7784643502004683,-0.164264874502207,0.6486275289921491,-0.5828550419251668,0.5281026011311654,-0.9832325313840624,0.2505880641426774,-0.9152127187826749
2008-10-21,0,1,1.3595672654470619,10,2008,1.0863584144273846,0.0,0.0,1.105078442852818,0.879413178616964,-1.2492401063131975,0.6801446366438934,0,0.16312183276786751,0.6806126564485545,1.1368027399957084,0.060527872775375025,0.26378707041461824,-0.06981374686451164,0.6609654753604571,-0.5580142226524638,0.7898900882749379,-0.7071990662563915,0.5836701993484431,-0.9240865829074242,0.2940126813386919,-0.8623205889365562
2008-10-22,0,2,1.3595672654470619,10,2008,1.0957009594254308,0.0,0.0,1.378252239592745,-0.3166174014436045,-1.2492401063131975,0.6801446366438934,0,0.8403064694271658,0.16144620323255143,0.6809563915182292,0.9944142031715032,0.4921750552745448,-0.3643185748234238,0.4427240077734885,-0.4187362099374073,0.6311581482279893,-0.7121044821232969,0.5483061536501505,-0.8949178185888894,0.3175353923636039,-0.911528199812364
2008-10-23,0,3,1.3595672654470619,10,2008,1.1050435044234772,0.0,0.0,0.612836270074063,-1.2757594567707242,-1.2492401063131975,0.6801446366438934,0,0.12629531782654493,0.8371608376992072,0.1617893324079591,0.01727017067233121,0.7019829120007619,-0.5765842805376149,0.5518300101808643,-0.5482228959995279,0.7078430936967395,-0.9072746621400863,0.5230582232584287,-0.9277623347180664,0.3664477637859104,-1.009633582671501
2008-10-24,0,4,1.3595672654470619,10,2008,1.1143860494215234,0.0,0.0,-0.6147956290152912,-1.2757594567707244,-1.2492401063131975,0.6801446366438934,0,0.44164542841123083,0.1246996296466296,0.8375047554687558,0.5000429000936357,-0.09109644465449225,0.2428738084300204,0.5983744942077212,-0.36467800937874906,0.7905947543648812,-0.8029818830524246,0.6244019931536229,-0.9221415292062434,0.4003985171767086,-0.9355298086366053
2008-10-25,0,5,1.3595672654470619,10,2008,1.1237285944195698,0.0,0.0,-1.3802115985339736,-0.31661740144360484,-1.2492401063131975,0.6801446366438934,1,0.9591242866185764,0.43936519228247783,0.1250427159368737,1.1346983037731764,0.1663325770242289,-0.7479953859788635,0.554975830724065,-0.2121973996878504,0.5861570780625895,-0.8677414448506628,0.6098671439135702,-0.8825489708788976,0.43722178993600236,-1.0981149936465502
2008-10-26,0,6,1.3595672654470619,10,2008,1.133071139417616,0.0,0.0,-1.1070378017940468,0.8794131786169637,-1.2492401063131975,0.6801446366438934,1,0.015508087675334657,0.9557207304748219,0.4397086458038079,0.6791150584527366,0.5728968667701746,-0.241312610039328,-0.3202037651912676,2.49906670644549,0.13612711304987882,1.1004513375885505,0.38168708584793515,0.32096133343387906,0.36292041278426856,-0.5173554383433863
2008-10-27,0,0,1.3595672654470619,10,2008,1.1424136844156623,0.0,0.0,-0.000979679470614218,1.4116968620477444,-1.2492401063131975,0.6801446366438934,0,-1.7924953384542572,0.014152891471200814,0.9560647866099349,0.16024764963634053,-0.1871534233622979,0.9332841501871958,-1.3978274259146646,1.4604951627357623,-0.21920790888842845,2.000821210887571,0.22707523940051094,1.035626084200265,0.23169598330936939,-0.11030742196498054
2008-10-28,0,1,1.3595672654470619,10,2008,1.1517562294137087,0.0,0.0,1.105078442852818,0.879413178616964,-1.2492401063131975,0.6801446366438934,0,-1.791811593282675,-1.7899258014957682,0.014495848747648896,0.8355730665872688,0.06351299068162652,0.26439808023607136,-1.567846370675019,0.7265786241757018,-0.44801497676857366,1.6754101211099968,0.1806355159577228,1.0876740860094432,0.19865047204877131,-0.07641440463688118
2008-10-29,0,2,1.3595672654470619,10,2008,1.161098774411755,0.0,0.0,1.378252239592745,-0.3166174014436045,-1.2492401063131975,0.6801446366438934,0,-0.41851283488889185,-1.789243540567695,-1.7895849496730345,0.12352224239691037,0.9971891415506907,-0.12269115663614386,-0.8385865110590013,1.2300202039945887,-0.4584028983078802,1.6606187075832786,0.09092252622731264,0.9543325361732751,0.2077207330528529,-0.08337057867218094
2008-10-30,0,3,1.3595672654470619,10,2008,1.1704413194098013,0.0,0.0,0.612836270074063,-1.2757594567707242,-1.2492401063131975,0.6801446366438934,0,0.06914447765997701,-0.4189258778407465,-1.7889026879487273,0.4380065549275707,0.02026502411391927,-0.3365702545289891,-0.45375717245867286,-0.30700928545823103,-0.6858018768054754,1.4660256714495807,0.010973273841900683,1.0737175468966056,0.18510146382123424,-0.011269009834459082
2008-10-31,0,4,1.3595672654470619,10,2008,1.1797838644078475,0.0,0.0,-0.6147956290152912,-1.2757594567707244,-1.2492401063131975,0.6801446366438934,0,-0.8094270431108113,0.06767284997377085,-0.4185834259897585,0.9540646678318477,0.502929101185739,0.5027953387685901,-0.48151779997680766,-0.29390350926826836,-0.9490866284020055,0.6001442483202298,-0.08479409008890047,1.0628729401956583,0.1371034998806549,0.010443579913456548
2008-11-01,0,5,1.3595672654470619,11,2008,1.189126409405894,0.0,0.0,-1.3802115985339736,-0.31661740144360484,-0.7304445704565513,1.1969259927300127,1,-0.489379603197363,-0.8089915069424186,0.06801586971079555,0.01303918010566363,1.1374416699524512,-0.3866326662315893,-1.0052038448445846,-0.4504245300278709,-1.1823286185783768,0.37889098508827085,-0.31696996260747634,0.9961023194036948,0.09497201558478699,0.17441776079432086
2008-11-02,0,6,1.3595672654470619,11,2008,1.1984689544039402,0.0,0.0,-1.1070378017940468,0.8794131786169637,-0.7304445704565513,1.1969259927300127,1,-1.2677106630885728,-0.48963881173071566,-0.8086495103183178,-1.7900003478184945,0.6819609577432938,0.06437120305705588,-1.1310808607311236,-0.37922137427979213,-1.0620500709281075,0.028058348754149347,-0.491893151651933,0.9505741248930323,0.037527683893570245,0.3100540639064175
2008-11-03,0,0,1.3595672654470619,11,2008,1.2078114994019866,0.0,0.0,-0.000979679470614218,1.4116968620477444,-0.7304445704565513,1.1969259927300127,0,-1.1307633426726889,-1.26628030528698,-0.48929644240540127,-1.7893184798786592,0.16321032470896507,0.8878020171173203,-1.4245247151989566,-1.3849665879186297,-0.9614742108561585,-0.40603744665202635,-0.6270352092309465,1.0090123696359792,-0.06500117562184626,0.37511982743027306
2008-11-04,0,1,1.3595672654470619,11,2008,1.2171540444000328,0.0,0.0,1.105078442852818,0.879413178616964,-0.7304445704565513,1.1969259927300127,0,-1.238477138277641,-1.1296302640035363,-1.265938842342703,-0.419790132062531,0.8383837535943984,-0.041326236429646016,-0.934493191510724,0.3848858458942677,-0.888451789138839,-0.17212304895443503,-0.7096742690685935,0.7409325817222945,-0.06398922261316214,0.37517973283729017
2008-11-05,0,2,1.3595672654470619,11,2008,1.226496589398079,0.0,0.0,1.378252239592745,-0.3166174014436045,-0.7304445704565513,1.1969259927300127,0,-0.016768103149130617,-1.2371102393072804,-1.1292886415815502,0.06652831064591397,0.12649318285309774,-0.2542535004430243,0.44574544854531534,3.8153393250699335,-0.4661181064996539,2.5092650475303526,-0.49114945779921776,1.9182909937180566,0.06269674164474366,0.868623903084557
2008-11-06,0,3,1.3595672654470619,11,2008,1.2358391343961255,0.0,0.0,0.612836270074063,-1.2757594567707242,-0.7304445704565513,1.1969259927300127,0,2.392681934324493,-0.018053235638416806,-1.2367687423200184,-0.809631079963907,0.4409067178577087,0.25674290563106117,0.9418168405391478,2.4408785984329358,-0.3139257660387328,2.4757549758982917,-0.5310443127415025,1.8506633049382526,0.05139308087412465,0.8646147293923253
2008-11-07,0,4,1.3595672654470619,11,2008,1.2451816793941717,0.0,0.0,-0.6147956290152912,-1.2757594567707244,-0.7304445704565513,1.1969259927300127,0,0.027883875280941675,2.3861664752057936,-0.017710315948194985,-0.4904623346865862,0.9568486872372575,0.48290133562841353,0.979896134419734,2.3589099390558737,-0.21035352158785553,2.4759989391846444,-0.6157669844548312,1.6217234447221769,0.03163912966337355,0.8473238090013985
2008-11-08,0,5,1.3595672654470619,11,2008,1.2545242243922181,0.0,0.0,-1.3802115985339736,-0.31661740144360484,-0.7304445704565513,1.1969259927300127,1,0.08043994789448619,0.026501814269292902,2.386512200745527,-1.266656475977095,0.01603498576977318,0.690661019253681,0.1504265229884875,-1.214549240568065,0.07009612542533102,2.1416499665872433,-0.590724745221221,1.6650568868783833,0.01113623829934176,0.8139361060738491
2008-11-09,0,6,1.3595672654470619,11,2008,1.2638667693902643,0.0,0.0,-1.1070378017940468,0.8794131786169637,-0.7304445704565513,1.1969259927300127,1,0.2752286911002263,0.07894380050550949,0.026844785957576497,-1.130085146307814,-1.786598751874645,-0.09467618784356381,0.8134058588393644,1.027649137185363,0.5883190017047131,2.192726331518887,-0.2520189826302457,1.9280547937898267,0.09789611051399068,1.039867167056985
2008-11-10,0,0,1.3595672654470619,11,2008,1.2732093143883108,0.0,0.0,-0.000979679470614218,1.4116968620477444,-0.7304445704565513,1.1969259927300127,0,1.7203241112358318,0.27330970499915613,0.07928683339631998,-1.2375032122095053,-1.785917037395329,0.16023977638424317,1.1501881120294872,0.5222648502576952,0.9843171097044596,1.2504933888659782,0.011398541959460303,1.6769837118167354,0.13494638939054757,1.0964023929385998
2008-11-11,0,1,1.3595672654470619,11,2008,1.282551859386357,0.0,0.0,1.105078442852818,0.879413178616964,-0.7304445704565513,1.1969259927300127,0,0.9401708704623601,1.7152681764782527,0.2736529647250915,-0.019148395994185344,-0.4166969142646638,0.5628351297182842,1.6341891419305512,-0.41365172993429616,1.261968598513931,1.1146476413106707,0.19742048307704627,1.9225116754278277,0.17979196340710132,1.2288734076202106
2008-11-12,0,2,1.3595672654470619,11,2008,1.2918944043844032,0.0,0.0,1.378252239592745,-0.3166174014436045,-0.7304445704565513,1.1969259927300127,0,1.5107767285015252,0.9368084575486783,1.71561311904476,2.3836864633529777,0.06951207809959672,-0.1897954451379881,1.3737958218117017,-0.7126024143185589,1.018935773243736,0.27329668497932197,0.29253418424096245,2.020591900185651,0.23934121627649657,1.2816395045218731
2008-11-13,0,3,1.3595672654470619,11,2008,1.3012369493824496,0.0,0.0,0.612836270074063,-1.2757594567707242,-0.7304445704565513,1.1969259927300127,0,1.0555973116027428,1.5061756698521838,0.9371524916121846,0.025380989816650275,-0.8064501249507137,0.05842392895916141,0.7820775574484743,1.608175608772111,0.9101978416626165,0.7712210351147991,0.3155854385466928,1.9634857798197938,0.2090140500783642,1.3200505483458465
2008-11-14,0,4,1.3595672654470619,11,2008,1.3105794943804958,0.0,0.0,-0.6147956290152912,-1.2757594567707244,-0.7304445704565513,1.1969259927300127,0,-0.5703555438676519,1.0519843361210701,1.5065203683968553,0.077792769011963,-0.487353211473209,0.9829854050631918,0.2234821451478651,0.7997836540528543,0.910991367762138,0.7691696989418647,0.370948334505656,1.8940029599936363,0.16522020014943853,1.2648376014443943
2008-11-15,0,5,1.3595672654470619,11,2008,1.3199220393785422,0.0,0.0,-1.3802115985339736,-0.31661740144360484,-0.7304445704565513,1.1969259927300127,1,0.08480566081502383,-0.5704389734422203,1.0523285046008202,0.2720467170514641,-1.263372663283621,0.015598154978409265,0.7472580849513394,2.962380709089128,1.2958665172727188,1.4287757678884212,0.7238830878698047,2.043400444630137,0.2788211521008196,1.619463036060667
2008-11-16,0,6,1.3595672654470619,11,2008,1.3292645843765885,0.0,0.0,-1.1070378017940468,0.8794131786169637,-0.7304445704565513,1.1969259927300127,1,2.392681934324493,0.08330003653124146,-0.5700966984148993,1.713174607889823,-1.126832070221726,0.4935503990670475,1.5018880698847177,1.78931664168726,1.229654624960843,1.3059461793037483,0.9636612924068706,1.7014689064200756,0.31961891408263804,1.7026633504402797
2008-11-17,0,0,1.3595672654470619,11,2008,1.3386071293746349,0.0,0.0,-0.000979679470614218,1.4116968620477444,-0.7304445704565513,1.1969259927300127,0,1.3560486148986977,2.3861664752057936,0.08364307450600607,0.9351632885396578,-1.2342259607205288,1.1218687690280478,1.4361981407809485,2.0449944361305405,1.0437004520495106,1.5938880782700722,1.075083269783023,1.2181489120464026,0.26106262885090775,1.649020540559291
2008-11-18,0,1,1.3595672654470619,11,2008,1.347949674372681,0.0,0.0,1.105078442852818,0.879413178616964,-0.7304445704565513,1.1969259927300127,0,-0.08288626124097287,1.3517834331342506,2.386512200745527,1.5042025403690138,-0.016145346226268068,0.6708345220623994,0.6173833391588698,0.5854450396647932,0.824067092710658,1.4709742880242018,1.1058601389488054,1.1507753972636274,0.24282325197985527,1.632654573416091
2008-11-19,0,2,1.3595672654470619,11,2008,1.3572922193707273,0.0,0.0,1.378252239592745,-0.3166174014436045,-0.7304445704565513,1.1969259927300127,0,0.3024280740256962,-0.0840278673829279,1.3521279514951479,1.0502728248026736,2.3861487335014564,0.15714800392472109,0.2657089938272181,-0.7802832109448855,0.7155006671620127,1.4162332833251243,0.9193473326936809,0.7073867476403364,0.256954587363287,1.6380649500883855
2008-11-20,0,3,1.3595672654470619,11,2008,1.3666347643687737,0.0,0.0,0.612836270074063,-1.2757594567707242,-0.7304445704565513,1.1969259927300127,0,0.45830146079093037,0.3004500447178336,-0.08368502468853448,-0.5712159548010799,0.028374017845362733,0.8257302971058149,0.37867194096189444,-1.2226371462409429,0.8565196381667952,1.014966282452843,0.9364714512397752,0.6703025189842725,0.22656326370447047,1.6074681126890515
2008-11-21,0,4,1.3595672654470619,11,2008,1.37597730936682,0.0,0.0,-0.6147956290152912,-1.2757594567707244,-0.7304445704565513,1.1969259927300127,0,0.20548326487314608,0.45598506849029535,0.30079333611795767,0.08214649580779618,0.08077400129786896,0.120789299848384,0.32837095347667516,-1.1397667909093052,0.8727356578168356,0.9810972605009666,0.9454945026356111,0.6506197773642253,0.2288480549063502,1.6073970841979586
2008-11-22,0,5,1.3595672654470619,11,2008,1.3853198543648664,0.0,0.0,-1.3802115985339736,-0.31661740144360484,-0.7304445704565513,1.1969259927300127,1,0.17402073080286465,0.20371567903122292,0.45632854140788587,2.3836864633529777,0.2749842307373645,0.4321334867598428,0.24207851128790323,-1.5024870861126658,0.48109658380093995,-0.5529817901237536,0.9419064445329671,0.6567136503306451,0.21909955788933275,1.6023203602507063
2008-11-23,0,6,1.3595672654470619,11,2008,1.3946623993629126,0.0,0.0,-1.1070378017940468,0.8794131786169637,-0.7304445704565513,1.1969259927300127,1,0.2380158601369492,0.1723214424260133,0.20405885753730846,1.3498992349243695,1.7157877827684438,0.943038759802928,1.0988694870877864,2.1025637904920877,0.6695184084992415,0.830133150235776,1.006735130568438,0.9719173159449146,0.28772923957465923,1.888484745805757
2008-11-24,0,0,1.3595672654470619,11,2008,1.404004944360959,0.0,0.0,-0.000979679470614218,1.4116968620477444,-0.7304445704565513,1.1969259927300127,0,2.392681934324493,0.23617765398886248,0.17266458429339104,-0.08508502577609443,0.9379515618706591,0.011409410849301898,1.9679852761950842,2.0472694176570116,1.1194856899212777,1.5562197428674849,1.1467861279519376,1.3724897510160505,0.4015333022625394,2.1759612048279005
2008-11-25,0,1,1.3595672654470619,11,2008,1.4133474893590052,0.0,0.0,1.105078442852818,0.879413178616964,-0.7304445704565513,1.1969259927300127,0,2.392681934324493,2.3861664752057936,0.23652087037976202,0.29917142369803906,1.5068627462929467,-1.7736267687726555,2.6318900109371315,-0.8185917953046988,1.4158307148716214,1.670138831355042,1.1874793546649705,1.4800157677777657,0.579877785935405,2.049646694227544
2008-11-26,0,2,1.3595672654470619,11,2008,1.4226900343570514,0.0,0.0,1.378252239592745,-0.3166174014436045,-0.7304445704565513,1.1969259927300127,0,1.932818435659652,2.3861664752057936,2.386512200745527,0.4546168579419137,1.0530351916961302,-1.772951709283676,1.6569921558159164,2.2822161270174925,1.3150758919831784,1.9430077511473343,1.0764407407774141,1.5999784408143873,0.661061687415323,1.7477049567317158
2008-11-27,0,3,1.3595672654470619,11,2008,1.4320325793550979,0.0,0.0,0.612836270074063,-1.2757594567707242,-0.7304445704565513,1.1969259927300127,0,-0.09601758726117997,1.9273012277043111,2.386512200745527,0.20249277784873482,-0.5680886572584166,-0.4170981009691592,1.2487598341504196,1.463416288801943,1.5232077833689879,1.7311754407541446,1.2616547507595313,1.329803612984246,0.7457534635248882,1.7415248441606541
2008-11-28,0,4,1.3595672654470619,11,2008,1.441375124353144,0.0,0.0,-0.6147956290152912,-1.2757594567707244,-0.7304445704565513,1.1969259927300127,0,1.350554722445039,-0.0971306885065425,1.9276464177244228,0.17111662459729077,0.0851267482482872,0.06436445246216932,0.7017660580208591,0.5277445242549936,1.589086605994612,1.5501752444762258,1.3052035904577004,1.2404284440449775,0.768125759266275,1.7273664435860658
2008-11-29,0,5,1.3595672654470619,11,2008,1.4507176693511905,0.0,0.0,-1.3802115985339736,-0.31661740144360484,-0.7304445704565513,1.1969259927300127,1,0.5364637900801709,1.346301466577188,-0.09678786110382316,0.2349360544260165,2.3861487335014564,-0.8030464873050055,1.316944724374663,-0.10383518747528735,1.8138154344141768,1.1815888802831815,1.2166627354177577,0.9426086384635409,0.8774608742918183,1.6525344269064441
2008-11-30,0,6,1.3595672654470619,11,2008,1.4600602143492367,0.0,0.0,-1.1070378017940468,0.8794131786169637,-0.7304445704565513,1.1969259927300127,1,1.4743980666475758,0.5339777264827917,1.3466459785403446,2.3836864633529777,1.3525941681964895,-0.48706464170426544,1.3431732877372327,-0.05603113753151987,1.6365651149760079,0.8128132163695984,1.2225888822775937,0.9526296117106515,0.968750721498275,1.60532224373837
2008-12-01,0,0,1.3595672654470619,12,2008,1.4694027593472831,0.0,0.0,-0.000979679470614218,1.4116968620477444,-0.021756689106410945,1.3860810972597049,0,1.417510468372073,1.4698759771741365,0.5343212904218726,2.3836864633529777,-0.0820671363759728,-1.255508485089842,1.1627633589007969,0.721982643857186,1.2154624230988842,0.6152417198624672,1.2379006771260943,0.9031525574041248,1.033075122512803,1.3596551075705083
2008-12-02,0,1,1.3595672654470619,12,2008,1.4787453043453294,0.0,0.0,1.105078442852818,0.879413178616964,-0.021756689106410945,1.3860810972597049,0,0.07591697358448872,1.413111867958592,1.470220633355178,1.925085526231316,0.3021028327244866,-1.1203008200424684,0.7333943440016548,0.46485157825210727,0.9329105843905704,0.20877096517823296,1.245217546736052,0.8880281662628591,1.1053201875828447,1.1063133806681802
2008-12-03,0,2,1.3595672654470619,12,2008,1.4880878493433756,0.0,0.0,1.378252239592745,-0.3166174014436045,-0.021756689106410945,1.3860810972597049,0,0.3783135318935782,0.07443064446632479,1.4134564578929638,-0.09818029956060073,0.4575132825738046,-1.226646316638592,0.3006772868045045,-1.1302285892858535,1.0072329721221396,-0.0488279434672911,1.2311959364914808,0.9145863182246963,1.1795893223372453,0.7930182451459086
2008-12-04,0,3,1.3595672654470619,12,2008,1.497430394341422,0.0,0.0,0.612836270074063,-1.2757594567707242,-0.021756689106410945,1.3860810972597049,0,0.3128791189733077,0.3761707738198567,0.07477367209004732,1.3444204260277979,0.2054459452748938,-0.02045677232789921,0.3824364797217727,-1.4554589641565487,0.8134870813079922,-0.16192650236673706,1.2388272762373973,0.8964060130780009,1.1940183679782856,0.7579239065391269
2008-12-05,0,4,1.3595672654470619,12,2008,1.5067729393394682,0.0,0.0,-0.6147956290152912,-1.2757594567707244,-0.021756689106410945,1.3860810972597049,0,0.2846301872094561,0.3108784030034083,0.37651415359001195,0.5325645914839979,0.17407685350923963,2.3583857827932437,0.5599992333879882,-0.6942457577612233,0.8671305641532177,-0.15466739790747625,1.302230257192372,0.7957307912310245,1.1192832528406012,0.5402334388097648
2008-12-06,0,5,1.3595672654470619,12,2008,1.5161154843375146,0.0,0.0,-1.3802115985339736,-0.31661740144360484,-0.021756689106410945,1.3860810972597049,1,0.8315921372153648,0.28269079276013565,0.3112217065739692,1.4679237566301626,0.23788192020067306,0.02362798759979866,1.0747085072463487,0.3805009621292794,0.8948350023842625,-0.01912451191102233,1.4361384974559779,0.7546975981703158,1.1958301411162453,0.5456359182822961
2008-12-07,0,6,1.3595672654470619,12,2008,1.5254580293355609,0.0,0.0,-1.1070378017940468,0.8794131786169637,-0.021756689106410945,1.3860810972597049,1,1.6268185402963165,0.8284654221709299,0.2830340634342886,1.4111923440360088,2.3861487335014564,0.07551643522008063,1.5622517658987043,-0.3259542015948003,0.9151398252722425,0.06479971000436041,1.3528836414729029,0.45479424599789475,1.265188611456519,0.5315475186260836
2008-12-08,0,0,1.3595672654470619,12,2008,1.5348005743336073,0.0,0.0,-0.000979679470614218,1.4116968620477444,-0.021756689106410945,1.3860810972597049,0,1.5292207545049166,1.621965583259826,0.8288093297924761,0.07328221258997179,2.3861487335014564,0.26783075773752835,1.4350382115268006,0.2207491680188324,0.9934665060228502,-0.13565409652012492,1.171051297964627,0.045990383328224485,1.2762768864662721,0.5109000952999581
2008-12-09,0,1,1.3595672654470619,12,2008,1.5441431193316535,0.0,0.0,1.105078442852818,0.879413178616964,-0.021756689106410945,1.3860810972597049,0,0.5068439492472937,1.524579658386917,1.6223104169373521,0.3748485370004822,1.9276510086497873,1.6945689876921628,1.0863784434802788,-0.025286711448058358,1.0586201564024749,-0.2328075034777705,1.0557281108829362,-0.24741108958957336,1.2291903840015708,0.44762038640485013
2008-12-10,0,2,1.3595672654470619,12,2008,1.5534856643297,0.0,0.0,1.378252239592745,-0.3166174014436045,-0.021756689106410945,1.3860810972597049,0,0.7367669380947072,0.5044221830787292,1.5249243784100006,0.309593775158398,-0.0951594629512083,0.9243261107684607,0.9172795407434168,-0.7241191629195087,1.2012442001676829,-0.39997239393278367,1.1708116545800957,-0.45572912673982846,1.2367246302900632,0.45217799305720424
2008-12-11,0,3,1.3595672654470619,12,2008,1.5628282093277461,0.0,0.0,0.612836270074063,-1.2757594567707242,-0.021756689106410945,1.3860810972597049,0,1.0975484966050715,0.7338460653613336,0.5047657125249531,0.28142240122417295,1.3471165923551895,1.4876835061051294,0.6252539169930217,0.4283547010430986,1.1061341627828036,0.09501873761274109,1.0175822900511373,-0.23796531984884906,1.1529739393818446,0.5151811130726651
2008-12-12,0,4,1.3595672654470619,12,2008,1.5721707543257923,0.0,0.0,-0.6147956290152912,-1.2757594567707244,-0.021756689106410945,1.3860810972597049,0,-0.2386331551494575,1.0938444553628972,0.7341898625571666,0.8268826596940833,0.5354434732766392,1.0382862784002553,0.49962867388729276,0.36065919200350444,1.0306081258305826,0.1795039254759877,1.0059742545817207,-0.22115580781059047,1.1223575736096634,0.5219356116412586
2008-12-13,0,5,1.3595672654470619,12,2008,1.5815132993238388,0.0,0.0,-1.3802115985339736,-0.31661740144360484,-0.021756689106410945,1.3860810972597049,1,0.4160733589941154,-0.23943667288368936,1.0941886726955847,1.619925757777866,1.4705921274210183,-0.5670119369839073,0.239397399015663,-0.47432623193970874,0.8136585873404643,-0.18319118570398676,0.9055854322587228,-0.3540083592518132,1.1704031646447808,0.36160026378544896
2008-12-14,0,6,1.3595672654470619,12,2008,1.590855844321885,0.0,0.0,-1.1070378017940468,0.8794131786169637,-0.021756689106410945,1.3860810972597049,1,0.43323536280078306,0.41384863357260315,-0.23909401155945903,1.5225959280460304,1.4138734827420598,0.0798266900571996,0.6208050383874315,-1.070792672653874,0.6693014626891456,-0.7287190313806087,0.8397794247931117,-0.5172259354145912,1.201531153432512,0.3100231713194298
2008-12-15,0,0,1.3595672654470619,12,2008,1.6001983893199314,0.0,0.0,-0.000979679470614218,1.4116968620477444,-0.021756689106410945,1.3860810972597049,0,0.7350165504554649,0.43097338286719217,0.4141920573147814,0.5030260723304,0.07626446001721211,2.3583857827932437,0.6073566220848063,-1.0372579568329008,0.6465626212171229,-0.7151942670758613,0.8692670982547644,-0.5904747021999328,1.1052600808802027,0.07838020568157375
2008-12-16,0,1,1.3595672654470619,12,2008,1.6095409343179776,0.0,0.0,1.105078442852818,0.879413178616964,-0.021756689106410945,1.3860810972597049,0,0.38174251392905156,0.7320994773854747,0.43131682659484394,0.7323178044582559,0.37776291421120894,1.3349209190468976,0.588283494721534,-1.0011874680526138,0.5825417806099539,-0.7554577718672149,0.8698680196990554,-0.5914648454360921,1.0587506682276677,0.05544379836245705
2008-12-17,0,2,1.3595672654470619,12,2008,1.618883479316024,0.0,0.0,1.378252239592745,-0.3166174014436045,-0.021756689106410945,1.3860810972597049,0,0.38454586913253025,0.3795923123741319,0.7324432725429486,1.0921088322511663,0.3125228385408099,-0.08573502491205287,0.6530118660773139,-0.7217806273804784,0.5466808634577527,-0.9304177699574591,0.9265026407990393,-0.6127998575715092,1.1058172033193998,-0.016083640980277113
2008-12-18,0,3,1.3595672654470619,12,2008,1.6282260243140703,0.0,0.0,0.612836270074063,-1.2757594567707242,-0.021756689106410945,1.3860810972597049,0,0.9002538273454839,0.38238958217922325,0.3799356961374007,-0.24040431445109273,0.2843578048279346,0.29468462420905983,0.6138330751060618,-0.6254807077245036,0.6412633333731764,-1.4169475959370375,0.9262227821560306,-0.612085800960139,1.1048261996856328,-0.01397827591016227
2008-12-19,0,4,1.3595672654470619,12,2008,1.6375685693121165,0.0,0.0,-0.6147956290152912,-1.2757594567707244,-0.021756689106410945,1.3860810972597049,0,0.2817276889560928,0.896978064567864,0.38273296920705147,0.4125046939777923,0.8296953025555297,0.44857793591133865,0.6707645255582524,-0.6845475953594478,0.6619490736448727,-1.4293574736667478,0.8971316575136222,-0.6128517643369285,1.108252895487478,-0.01820862560374156
2008-12-20,0,5,1.3595672654470619,12,2008,1.646911114310163,0.0,0.0,-1.3802115985339736,-0.31661740144360484,-0.021756689106410945,1.3860810972597049,1,0.529879324077848,0.27979459512046856,0.897322052147229,0.4296195792676108,1.622559919149787,0.19897131456434453,0.7671787692223517,-0.29225615223874535,0.7915722144702373,-1.0771209555771835,0.8508076353472721,-0.8421279617421183,1.1532969975647676,-0.04101861518118864
2008-12-21,0,6,1.3595672654470619,12,2008,1.6562536593082091,0.0,0.0,-1.1070378017940468,0.8794131786169637,-0.021756689106410945,1.3860810972597049,1,1.1463781580334969,0.5274075537454616,0.2801378624146081,0.7305722225322858,1.5252519943724585,0.16790845217902992,1.3742926712887262,0.31088229690366154,0.9908827303597262,-0.18958422069192882,0.8799587532441294,-0.6377780220641418,1.2326493017423765,0.018509412885085254
2008-12-22,0,0,1.3595672654470619,12,2008,1.6655962043062555,0.0,0.0,-0.000979679470614218,1.4116968620477444,-0.021756689106410945,1.3860810972597049,0,1.8315557757485663,1.1425681195411193,0.527751110016809,0.3782681047187445,0.505911602032732,0.23109064504990748,1.463816643903531,-0.00470995511392843,1.0593478142431478,-0.2889090250916625,0.9042151467711067,-0.6423470229580464,1.257562691194392,-0.022240565329831326
2008-12-23,0,1,1.3595672654470619,12,2008,1.6749387493043018,0.0,0.0,1.105078442852818,0.879413178616964,-0.021756689106410945,1.3860810972597049,0,0.7584143102269492,1.8262583842569249,1.1429123937368584,0.3810637632720606,0.7351517299918043,2.3583857827932437,1.1660524756543542,0.6017424189985138,1.0596578921786686,-0.28978388301310487,0.8704185072536187,-0.6214462809286906,1.1615074954039222,-0.26427102556603727
2008-12-24,0,2,1.3595672654470619,12,2008,1.6842812943023482,0.0,0.0,1.378252239592745,-0.3166174014436045,-0.021756689106410945,1.3860810972597049,0,0.38625181333562475,0.755446446344077,1.8266034563547804,0.8953558382121704,1.0948617835744687,2.3583857827932437,0.2460292011995515,0.3248557997588829,0.8020421606337703,0.4479169565444687,0.7147379897571582,-0.3466319772961113,1.022207388774149,-0.3847217104815038
2008-12-25,0,3,1.3595672654470619,12,2008,1.6936238393003944,0.0,0.0,0.612836270074063,-1.2757594567707242,-0.021756689106410945,1.3860810972597049,0,-0.5170610264687956,0.3840918231947625,0.7557902687486786,0.27852787181957556,-0.23735146904661047,1.9043639756766917,-0.3932392990968572,0.30566052363624124,0.5920647152028742,1.1628202924131936,0.6535244329563175,-0.010317959746806372,0.8878587200977671,-0.2928523795903955
2008-12-26,0,4,1.3595672654470619,12,2008,1.7029663842984406,0.0,0.0,-0.6147956290152912,-1.2757594567707244,-0.021756689106410945,1.3860810972597049,0,-0.8734973844137702,-0.5172601454036818,0.3844352122091946,0.5259982032233984,0.4154105963313476,-0.0986995423978736,-0.7778329355194069,-1.0476578978872215,0.38750648755891637,1.4587762027109772,0.5559856198529297,0.23175308873487588,0.8639451722970606,-0.18326377763696391
2008-12-27,0,5,1.3595672654470619,12,2008,1.712308929296487,0.0,0.0,-1.3802115985339736,-0.31661740144360484,-0.021756689106410945,1.3860810972597049,1,-0.5955310410852498,-0.8729227672073562,-0.5169178083139011,1.140804431174381,0.43252162976213465,1.3294968160529523,0.3620001969368672,3.7074333596807207,0.614038692588955,2.3784656604855137,0.7449152972158702,0.9208651554393754,0.9138356381191753,0.09551334242263493
2008-12-28,0,6,1.3595672654470619,12,2008,1.7216514742945332,0.0,0.0,-1.1070378017940468,0.8794131786169637,-0.021756689106410945,1.3860810972597049,1,2.392681934324493,-0.5955598208138128,-0.872580845194363,1.8241008843419584,0.7334065409247634,0.5257473613938426,0.7031817777065701,3.0375036670916975,0.28066824938186874,1.8500178662393365,0.6738005459980249,0.9609635880742391,0.8880317365661979,0.13521546086422634
2008-12-29,0,0,1.3595672654470619,12,2008,1.7309940192925797,0.0,0.0,-0.000979679470614218,1.4116968620477444,-0.021756689106410945,1.3860810972597049,0,-0.0025359474026783488,2.3861664752057936,-0.5952175751038278,0.7539057434333883,0.38118171232496756,1.4517669659940609,0.2555793244524924,4.478747784905493,-0.1731174491825288,2.5206884613121474,0.46939957248990066,1.6761225887554183,0.734234682952268,0.5596399445885805
2008-12-30,0,1,1.3595672654470619,12,2008,1.7403365642906259,0.0,0.0,1.105078442852818,0.879413178616964,-0.021756689106410945,1.3860810972597049,0,-1.738161528394603,-0.0038519744206067146,2.386512200745527,0.3827650237819463,0.38397674169015505,1.3956020165111092,-0.9340726773980934,0.97408077770325,-0.3604225427989203,2.4818834638253375,0.3702043522238312,1.8016395247512345,0.6355312120300848,0.5934392318552321
2008-12-31,0,2,1.3595672654470619,12,2008,1.7496791092886723,0.0,0.0,1.378252239592745,-0.3166174014436045,-0.021756689106410945,1.3860810972597049,0,-0.644237628382796,-1.7357099368465656,-0.003509038156774055,-0.5180677582307422,0.8981530705682812,0.07105091670050044,-0.6705509465559876,1.935543478504129,-0.1446263202373142,2.6333754032740826,0.3480203630414871,1.7690960829413442,0.6639806268342934,0.5848698738596012
2009-01-01,0,3,-1.2960580679261784,1,2009,-1.6603498149982292,0.0,0.0,0.612836270074063,-1.2757594567707242,0.6869311922437294,1.196925992730013,0,0.6701769958344722,-0.6441606780249873,-1.7353690217510966,-0.8735255152660151,0.2814639268632412,0.3696061015932724,-0.10043692953332471,0.3925606836958328,-0.03725670852396855,2.494185710926058,0.29358999959261906,1.8059763506149744,0.6323313586785116,0.6319252205925721
2009-01-02,0,4,-1.2960580679261784,1,2009,-1.651007270000183,0.0,0.0,-0.6147956290152912,-1.2757594567707244,0.6869311922437294,1.196925992730013,0,-0.28278599960428036,0.667400673576451,-0.6438184890347318,-0.596322332345754,0.5288785628408393,0.3050029084980879,0.6577419802359392,0.7258327931087645,0.30568638116950964,2.704443318231175,0.3669989983432534,1.9414109649459275,0.6791684326481076,0.6899187283662761
2009-01-03,0,5,-1.2960580679261784,1,2009,-1.6416647250021366,0.0,0.0,-1.3802115985339736,-0.31661740144360484,0.6869311922437294,1.196925992730013,1,1.2912261539069982,-0.2834936723139113,0.6677443932270543,2.3836864633529777,1.1435464231147063,0.27711282571097,0.6237981882018518,0.7127105939341307,-0.023151657825245787,1.411688692197202,0.31272883666176093,1.849674824156625,0.6934776740513425,0.6875482636572896
2009-01-04,0,6,-1.2960580679261784,1,2009,-1.6323221800040904,0.0,0.0,-1.1070378017940468,0.8794131786169637,0.6869311922437294,1.196925992730013,1,0.5835259702400688,1.2871016858484328,-0.2831510624064919,-0.004955314826546514,1.8266890942633196,0.8171266639187865,0.9809017189239445,-0.43590576184675595,0.09160576265646789,1.5202607294595452,0.1967612165446381,1.4990737564314567,0.6837702574492008,0.678900812564737
2009-01-05,0,0,-1.2960580679261784,1,2009,-1.6229796350060441,0.0,0.0,-0.000979679470614218,1.4116968620477444,0.6869311922437294,1.196925992730013,0,0.6288206691314175,0.5809377461619575,1.287446128722365,-1.7358157119796143,0.7567348104068997,1.6022512272769907,0.49643330231807753,-0.6609635371357543,0.4174429898067859,0.16773871888947542,0.12888840849992134,1.4400772821417303,0.6084968620347192,0.5723643575236614
2009-01-06,0,1,-1.2960580679261784,1,2009,-1.6136370900079977,0.0,0.0,1.105078442852818,0.879413178616964,0.6869311922437294,1.196925992730013,0,0.0544849811812892,0.626134121342045,0.5812813649058249,-0.6448951950398039,0.38567761931604544,1.505893235820311,0.3466860840636811,-0.7222719402134598,0.5711223372811391,-0.3713855442288033,0.11105096356575886,1.4288846054927784,0.5449222195084302,0.4621985990575605
2009-01-07,0,2,-1.2960580679261784,1,2009,-1.6042945450099515,0.0,0.0,1.378252239592745,-0.3166174014436045,0.6869311922437294,1.196925992730013,0,0.201254300986919,0.053045175675918405,0.6264777928324343,0.6659106857978595,-0.5149524221682461,0.4965037843313178,0.4406174195595819,-0.3253361452326131,0.6071895587912415,-0.30024885564161297,0.24465693012425538,1.4464985730551514,0.56224113321907,0.4819612315554923
2009-01-08,0,3,-1.2960580679261784,1,2009,-1.594952000011905,0.0,0.0,0.612836270074063,-1.2757594567707242,0.6869311922437294,1.196925992730013,0,0.8686066820788831,0.1994958951910997,0.053388178341686014,-0.2844359366658542,-0.8703301802348723,0.7235060386898952,0.46021685917210053,-0.3776824111532749,0.6775871925333253,-0.5865573572152761,0.33895709638717736,1.268225340486027,0.5319730508048829,0.4776790869701673
2009-01-09,0,4,-1.2960580679261784,1,2009,-1.5856094550138589,0.0,0.0,-0.6147956290152912,-1.2757594567707244,0.6869311922437294,1.196925992730013,0,0.10451803411169876,0.8653996175120825,0.1998390687724779,1.2852547448884428,-0.5931893843867746,1.0797045533464906,0.5264009593190558,-0.4600916532873248,0.5101799056771237,-1.1270702518475204,0.4320735495911561,1.1467498008914563,0.4971525710210481,0.4279532824180187
2009-01-10,0,5,-1.2960580679261784,1,2009,-1.5762669100158124,0.0,0.0,-1.3802115985339736,-0.31661740144360484,0.6869311922437294,1.196925992730013,1,0.3702077328844851,0.10296961908754867,0.8657435682377566,0.5794975617827511,2.3861487335014564,-0.23950345060886377,0.5415850007489658,-0.39830023944784754,0.5690425159380713,-0.9350745855888871,0.28885972101841817,0.41837975060247246,0.5520158742556994,0.4208957544443349
2009-01-11,0,6,-1.2960580679261784,1,2009,-1.5669243650177662,0.0,0.0,-1.1070378017940468,0.8794131786169637,0.6869311922437294,1.196925992730013,1,0.9073681958557868,0.36808257051756416,0.10331268001773967,0.624667903457021,-0.001955459339335898,0.4068862618720712,0.7710718728064763,-0.8047602180078289,0.5802258277729038,-0.9134136565910279,0.35566748398002684,0.4469341873877504,0.5651463859858726,0.42909408364110097
2009-01-12,0,0,-1.2960580679261784,1,2009,-1.5575818200197198,0.0,0.0,-0.000979679470614218,1.4116968620477444,0.6869311922437294,1.196925992730013,0,0.6903474783961028,0.9040769895244545,0.36842594084836533,0.051909062015881455,-1.732426310775921,0.4238302550454093,0.637535875359021,-0.2566936352420076,0.5756517121749586,-0.8960217516501516,0.5260878826081199,-0.5385346341946571,0.545809458269562,0.4408426094862496
2009-01-13,0,1,-1.2960580679261784,1,2009,-1.5482392750216736,0.0,0.0,1.105078442852818,0.879413178616964,0.6869311922437294,1.196925992730013,0,0.029319740141258863,0.6875273709545627,0.9044209853886344,0.1982754246408628,-0.641751315320741,0.7217778863981159,0.6908715283831551,-0.08835033014317317,0.7287450807050306,-0.7510280364409139,0.6888215631015752,-0.8049987053881956,0.5605787675860117,0.46917888323281504
2009-01-14,0,2,-1.2960580679261784,1,2009,-1.5388967300236274,0.0,0.0,1.378252239592745,-0.3166174014436045,0.6869311922437294,1.196925992730013,0,1.043522371872635,0.02793456221824096,0.6878711140940691,0.8637955806169787,0.6687595568513706,0.3729915249304929,0.5590189266031382,-0.07920661227328589,0.6351643054430338,-0.809772565790577,0.6583123561479519,-0.8075206937435924,0.5592389895932766,0.4693041677676208
2009-01-15,0,3,-1.2960580679261784,1,2009,-1.529554185025581,0.0,0.0,0.612836270074063,-1.2757594567707242,0.6869311922437294,1.196925992730013,0,0.3537568240562651,1.0399356081313331,0.028277535578615967,0.10180474851320559,-0.2813731815483461,0.37575926883530025,0.5421380973365987,-0.024091719081723282,0.6136632901184224,-0.729600933671578,0.6842505385991076,-0.9293850440574032,0.5401699847421148,0.4837863303209506
2009-01-16,0,4,-1.2960580679261784,1,2009,-1.5202116400275347,0.0,0.0,-0.6147956290152912,-1.2757594567707244,0.6869311922437294,1.196925992730013,0,-0.013773299297609204,0.3516673725881733,1.0402797625495908,0.36676499257374967,1.2879642269850835,0.8849161378019347,0.9331586357543957,1.6142524555297553,0.9174812554546997,0.3651765480775092,0.7566122924630077,-0.3985678112061653,0.5948157745450118,0.6995966690887817
2009-01-17,0,5,-1.2960580679261784,1,2009,-1.5108690950294883,0.0,0.0,-1.3802115985339736,-0.31661740144360484,0.6869311922437294,1.196925992730013,1,2.0417116916855793,-0.0150649327734653,0.35201072376158427,0.9024506741261459,0.5823658808878573,0.27424719818025556,1.731866434551573,2.211148096349137,1.187456684188508,1.2583064840473386,0.9310509618102999,0.33297268218982756,0.695874924934785,1.0064984365068095
2009-01-18,0,6,-1.2960580679261784,1,2009,-1.501526550031442,0.0,0.0,-1.1070378017940468,0.8794131786169637,0.6869311922437294,1.196925992730013,1,2.392681934324493,2.0359581031089773,-0.014722009595738533,0.686025790022954,0.6275260565700345,0.5192465385149845,2.6745467482475482,-1.0027270823906578,1.4968785003910674,1.7512977093297228,1.101122320013641,0.8364952704669871,0.7850541430767323,1.2749868008237653
2009-01-19,0,0,-1.2960580679261784,1,2009,-1.4921840050333957,0.0,0.0,-0.000979679470614218,1.4116968620477444,0.6869311922437294,1.196925992730013,0,2.392681934324493,2.3861664752057936,2.0363034199373167,0.026812912490298806,0.05489611966309535,1.1279139267518388,1.9602834396927558,2.0805157455494783,1.5312381183604626,1.6369138019268346,1.1169226313626544,0.7969847026715022,0.7406262472225856,1.254503735648326
2009-01-20,0,1,-1.2960580679261784,1,2009,-1.4828414600353494,0.0,0.0,1.105078442852818,0.879413178616964,0.6869311922437294,1.196925992730013,0,0.21835476772815016,2.3861664752057936,2.386512200745527,1.0382310369852175,0.20122954122033287,1.8043876653590776,1.134088213628957,2.0266221364488124,1.3931098939609816,1.8440832568620036,1.1248611893126734,0.7798009051881741,0.6665193064567996,1.1223272450787405
2009-01-21,0,2,-1.2960580679261784,1,2009,-1.4734989150373032,0.0,0.0,1.378252239592745,-0.3166174014436045,0.6869311922437294,1.196925992730013,0,0.2835874758227978,0.21655924100216795,2.386512200745527,0.35035924994136197,0.8665999158932196,0.7448784221109331,0.30883445705935764,-1.4838137044150534,1.3807925295563557,1.8725250779254996,1.0686854177192482,0.8283642252979952,0.6439026558970457,1.1177170425542025
2009-01-22,0,3,-1.2960580679261784,1,2009,-1.4641563700392568,0.0,0.0,0.612836270074063,-1.2757594567707242,0.6869311922437294,1.196925992730013,0,0.28599084010090237,0.28165034484482876,0.21690243449735866,-0.01616181441771571,0.10478057668692875,0.3774435422603008,-0.0008661515906693282,-0.14698756260112697,1.2792833286844987,2.2600000438362464,1.003432205241063,1.0581227310137975,0.5980159961473154,1.1947307783431935
2009-01-23,0,4,-1.2960580679261784,1,2009,-1.4548138250412106,0.0,0.0,-0.6147956290152912,-1.2757594567707244,0.6869311922437294,1.196925992730013,0,-0.5722426805412202,0.2840484920069988,0.2819936143047248,2.033679814329219,0.3696811890589312,-0.5143944251155247,0.11464666455816704,0.15549347245423675,1.0133191060299154,1.9531560388269054,1.0235124749184845,1.0391142497299752,0.6504629199188889,1.1270312124535304
2009-01-24,0,5,-1.2960580679261784,1,2009,-1.4454712800431642,0.0,0.0,-1.3802115985339736,-0.31661740144360484,0.6869311922437294,1.196925992730013,1,0.5784662559703634,-0.5723220136037035,0.2843917642656574,2.3836864633529777,0.9052463097255546,-0.8663029367196712,0.42356115287662044,0.8781312505581393,0.7737369075652325,1.1539943039007585,1.0396351676018474,1.051526620054584,0.7437246270394037,1.0097022159094542
2009-01-25,0,6,-1.2960580679261784,1,2009,-1.436128735045118,0.0,0.0,-1.1070378017940468,0.8794131786169637,0.6869311922437294,1.196925992730013,1,1.0745814962916787,0.5758890152942194,-0.5719797407739883,2.3836864633529777,0.6888701339911494,-0.591867627368071,1.499158578401266,0.7945869826735202,0.7339014468552412,0.901017880060276,1.1826426045457827,1.336336499605527,0.876289325508013,1.1057934656983455
2009-01-26,0,0,-1.2960580679261784,1,2009,-1.4267861900470715,0.0,0.0,-0.000979679470614218,1.4116968620477444,0.6869311922437294,1.196925992730013,0,2.1735206671370255,1.0709273107889754,0.5762326281459553,0.21532894181610193,0.029805618251920993,2.3583857827932437,1.3410881269940353,1.3353973844527003,0.7260115479628229,0.9126462767377584,1.1966839927863266,1.3015774633753818,0.7701182003045218,0.8561865657312828
2009-01-27,0,1,-1.2960580679261784,1,2009,-1.4174436450490253,0.0,0.0,1.105078442852818,0.879413178616964,0.6869311922437294,1.196925992730013,0,0.1749472055103601,2.167480953517954,1.0712715013761627,0.28038255261592876,1.0409961139914428,-0.006405409064823789,0.8216460605432127,2.195590768646894,0.6287632777600477,1.1027208918150273,1.0718238560467859,1.4749029700664327,0.7582022613185574,0.8831063141979227
2009-01-28,0,2,-1.2960580679261784,1,2009,-1.408101100050979,0.0,0.0,1.378252239592745,-0.3166174014436045,0.6869311922437294,1.196925992730013,0,-0.2514397022131664,0.1732459059835539,2.167826423840304,0.2827793184244427,0.3532791386866349,-1.719983166481031,0.7400007010640719,1.8484546614964912,0.9339632337348016,1.6331941812381754,1.2271892441407537,1.6176893441220217,0.9354909292290061,0.5827116102498398
2009-01-29,0,3,-1.2960580679261784,1,2009,-1.3987585550529327,0.0,0.0,0.612836270074063,-1.2757594567707242,0.6869311922437294,1.196925992730013,0,1.9650980452099693,-0.25221542006647263,0.1735890489298287,-0.5730979103150265,-0.013159436806872427,-0.6399554900654083,0.6725215781562474,1.9565764203568967,1.038464469194908,1.2643235175456737,1.2287764283175324,1.6134026720794463,0.9664616340378692,0.4683263244244004
2009-01-30,0,4,-1.2960580679261784,1,2009,-1.3894160100548865,0.0,0.0,-0.6147956290152912,-1.2757594567707244,0.6869311922437294,1.196925992730013,0,0.002687865708199094,1.9595107661185631,-0.2518727736557052,0.5744517390279733,2.0362208566254063,0.6577619950583448,1.0970586984109116,1.2890004425237718,1.0846039417207796,1.2433131236207156,1.1121660233313098,1.4130466629090714,0.9742235411115912,0.47048939589814287
2009-01-31,0,5,-1.2960580679261784,1,2009,-1.38007346505684,0.0,0.0,-1.3802115985339736,-0.31661740144360484,0.6869311922437294,1.196925992730013,1,0.8323100696455238,0.0013604990698611067,1.9598559937288824,1.0692048881521545,2.3861487335014564,-0.28309541710961217,1.264556065114523,1.9578701247843828,1.3241861401854613,1.853840645359974,1.1121660233313098,1.4130466629090714,1.1023080398121945,0.627665930967275
2009-02-01,0,6,-1.2960580679261784,2,2009,-1.3707309200587938,0.0,0.0,-1.1070378017940468,0.8794131786169637,1.2057267281003763,0.6801446366438934,1,2.392681934324493,0.8291817961454043,0.0017034414169215736,2.16512690643064,2.3861487335014564,1.2709219041943547,1.51282143681308,1.222558250960645,1.0448040560845542,1.4358992414138216,0.9428307362114063,0.9967626524122559,1.0709617192577512,0.6042054928814912
2009-02-02,0,0,-1.2960580679261784,2,2009,-1.3613883750607474,0.0,0.0,-0.000979679470614218,1.4116968620477444,1.2057267281003763,0.6801446366438934,0,0.6364546839721167,2.3861664752057936,0.8295257046029962,0.17204055565576903,0.2182792203479874,0.5722117060201912,1.207655416651473,1.970333457824934,1.0226909630715884,1.4871681357448785,0.9269150532192197,1.0273484038387564,1.0455772962040855,0.6431674798669017
2009-02-03,0,1,-1.2960580679261784,2,2009,-1.3520458300627012,0.0,0.0,1.105078442852818,0.879413178616964,1.2057267281003763,0.6801446366438934,0,0.05328842713101879,0.633751564603965,2.386512200745527,-0.2531757009641807,0.2833181902469822,0.616931021867519,0.4687516885981716,-0.6995764933275295,1.1604426198780295,1.139182846196415,0.9484008791437419,1.0051128422232822,1.039717690573018,0.6465835297537229
2009-02-04,0,2,-1.2960580679261784,2,2009,-1.342703285064655,0.0,0.0,1.378252239592745,-0.3166174014436045,1.2057267281003763,0.6801446366438934,0,0.5064234459667757,0.05185121905178895,0.6340952449843069,1.9572765116708581,0.2857144166417712,0.04989117701848506,0.8145803520775071,0.6021637176298605,1.0794091265279604,0.8752660521044665,1.067314431760941,1.0680930687559613,1.1098427771016603,0.65574307272541
2009-02-05,0,3,-1.2960580679261784,2,2009,-1.3333607400666085,0.0,0.0,0.612836270074063,-1.2757594567707242,1.2057267281003763,0.6801446366438934,0,1.5192790997101373,0.5040025926079694,0.05219422032414705,0.00025415623378398106,-0.5699701892213304,0.19479607162501564,0.8452403842257145,0.5063752108908404,1.1028327493325372,0.8013495998522612,1.1351747137415436,0.8209585884300413,1.1065060981451615,0.6630647360857642
2009-02-06,0,4,-1.2960580679261784,2,2009,-1.3240181950685623,0.0,0.0,-0.6147956290152912,-1.2757594567707244,1.2057267281003763,0.6801446366438934,0,0.13155673692185102,1.51465958449276,0.5043461215645092,0.8275986210309079,0.5773211937409215,0.8536710093546035,0.9657739246046361,0.4360955450416653,1.0995262870180869,0.8019224302674104,1.1578963347810687,0.8081803910937316,1.1038975736340173,0.6624117074048792
2009-02-07,0,5,-1.2960580679261784,2,2009,-1.314675650070516,0.0,0.0,-1.3802115985339736,-0.31661740144360484,1.2057267281003763,0.6801446366438934,1,0.8141190293556159,0.1299496274881331,1.5150042929386014,2.3836864633529777,1.071962994214296,0.09928865512443637,1.30791187365676,1.8005898583313251,1.0995262870180869,0.8019224302674104,1.2849874706704443,1.1726686992709126,1.2134404025301975,0.8321554533943168
2009-02-08,0,6,-1.2960580679261784,2,2009,-1.3053331050724697,0.0,0.0,-1.1070378017940468,0.8794131786169637,1.2057267281003763,0.6801446366438934,1,2.392681934324493,0.8110302441540563,0.13029271990539787,0.6322809590052652,2.1676383653752436,0.3616032713514354,1.6653341380056188,0.9015399123395191,1.173598872484966,0.7858165196316416,1.176076969149508,0.9138426412330174,1.2456962205566198,0.8152687680577652
2009-02-09,0,0,-1.2960580679261784,2,2009,-1.2959905600744233,0.0,0.0,-0.000979679470614218,1.4116968620477444,1.2057267281003763,0.6801446366438934,0,1.0439770624117168,2.3861664752057936,0.8113741314278425,0.05071579312116827,0.17500057662871443,0.8919401317847556,1.4364900900693254,1.6030735157033442,1.2057059202814824,0.6805204023073714,1.181378460969886,0.9012028063336145,1.2132647878482756,0.8476924905776755
2009-02-10,0,1,-1.2960580679261784,2,2009,-1.286648015076377,0.0,0.0,1.105078442852818,0.879413178616964,1.2057267281003763,0.6801446366438934,0,0.2299305734830062,1.0403893116484815,2.386512200745527,0.5026067235474064,-0.2501199812441742,0.6776762499831933,0.748096267340642,-0.40409563162558587,1.2291425924580968,0.6421720552704907,1.2668840116904523,0.6762602378577187,1.210632531623359,0.8493506219575364
2009-02-11,0,2,-1.2960580679261784,2,2009,-1.2773054700783308,0.0,0.0,1.378252239592745,-0.3166174014436045,1.2057267281003763,0.6801446366438934,0,0.6353641104234496,0.22810991851441473,1.0407334665962347,1.512681568200852,1.959834749218219,0.02504561252665004,1.0537885997515026,0.8308490236023383,1.2845918598336339,0.7993173860027306,1.2533123508542514,0.6263462930304993,1.296566867532687,0.8645233758093258
2009-02-12,0,3,-1.2960580679261784,2,2009,-1.2679629250802844,0.0,0.0,0.612836270074063,-1.2757594567707242,1.2057267281003763,0.6801446366438934,0,1.824342264188396,0.6326633584236949,0.22845312548984714,0.12876921619392345,0.003252839282628089,1.0263647278249126,1.2292407475530571,0.37940131563425866,1.383882667459373,0.5286709219510739,1.3184086578977225,0.4682379991720904,1.2790594094477945,0.8668247642829786
2009-02-13,0,4,-1.2960580679261784,2,2009,-1.2586203800822382,0.0,0.0,-0.6147956290152912,-1.2757594567707244,1.2057267281003763,0.6801446366438934,0,0.6778212668527391,1.8190605314657757,0.6330070375340436,0.8094575244916284,0.8304111027588092,0.34536134004663804,1.0592941205063393,0.8469063869355161,1.2725361042683967,0.78213900351573,1.2575886832167311,0.5746871799210866,1.2717716456485597,0.8820589993937241
2009-02-14,0,5,-1.2960580679261784,2,2009,-1.2492778350841918,0.0,0.0,-1.3802115985339736,-0.31661740144360484,1.2057267281003763,0.6801446366438934,1,0.20152779905554982,0.6750283507522861,1.8194055951633625,2.3836864633529777,2.3861487335014564,-0.017500011766177943,0.8558001096336183,0.024567661842702326,1.0748113201057814,-0.08646471080848599,1.15270164413894,0.15339979972419768,1.334899804621932,0.8248202042184873
2009-02-15,0,6,-1.2960580679261784,2,2009,-1.2399352900861456,0.0,0.0,-1.1070378017940468,0.8794131786169637,1.2057267281003763,0.6801446366438934,1,1.304866870080033,0.1997687995623269,0.6753720793047854,1.0386844791651877,0.635137398731582,2.0118739498913008,0.5995891639534326,0.4365335628850558,0.8893753936838771,0.15267795099780299,1.0936267479692376,0.28493875622863085,1.2382935625293259,0.7796709710248605
2009-02-16,0,0,-1.2960580679261784,2,2009,-1.2305927450880991,0.0,0.0,-0.000979679470614218,1.4116968620477444,1.2057267281003763,0.6801446366438934,0,0.023771148073874707,1.3007127913634606,0.2001119734621987,0.22687296603748155,0.05370311932429073,2.3583857827932437,0.3511456764046188,1.0421085054777792,0.7689346609811613,0.5803920699908989,1.0467683902783684,0.4777068965118421,1.1030324299167422,0.7020528999576797
2009-02-17,0,1,-1.2960580679261784,2,2009,-1.221250200090053,0.0,0.0,1.105078442852818,0.879413178616964,1.2057267281003763,0.6801446366438934,0,-0.43269370974747484,0.022398014786933266,1.3010572501222613,0.6311933796412345,0.5054923476279577,2.3583857827932437,-0.675800676879264,0.39981646491470524,0.4141209925256234,1.6303123690638186,0.8709828806095192,1.1893537376458774,0.9254506139660729,0.8086939731226884
2009-02-18,0,2,-1.2960580679261784,2,2009,-1.2119076550920065,0.0,0.0,1.378252239592745,-0.3166174014436045,1.2057267281003763,0.6801446366438934,0,-1.3167010046323193,-0.43307596948895044,0.022740981685869313,1.8169071775767187,1.515339865843229,0.21167930944435132,-1.1844232098398522,-0.1356474213338143,-0.14915825840064434,1.3134447755231402,0.6015943790357714,1.5473931506149468,0.853975929425204,1.083973041290308
2009-02-19,0,3,-1.2960580679261784,2,2009,-1.2025651100939603,0.0,0.0,0.612836270074063,-1.2757594567707242,1.2057267281003763,0.6801446366438934,0,-1.274630164224965,-1.3151643007832987,-0.4327335341518558,0.673533969365195,0.13173897577141577,0.27608335999028094,-1.5739518606096599,-1.3656159005494874,-0.5317509329274336,1.4530694239916686,0.45131127664015336,1.9912142853334824,0.7720802401990844,1.375757611768404
2009-02-20,0,4,-1.2960580679261784,2,2009,-1.193222565095914,0.0,0.0,-0.6147956290152912,-1.2757594567707244,1.2057267281003763,0.6801446366438934,0,-1.4270745689547193,-1.27318478587906,-1.3148228948891882,0.19854817181679485,0.8122740890366426,0.27845619409403677,-0.8515126327631387,1.5879127312638008,-0.4724962201067373,1.5995792861294271,0.42367811993417115,1.9653216190135394,0.7836434768182832,1.3709597170255776
2009-02-21,0,5,-1.2960580679261784,2,2009,-1.1838800200978676,0.0,0.0,-1.3802115985339736,-0.31661740144360484,1.2057267281003763,0.6801446366438934,1,0.5275272406876107,-1.4252982710972402,-1.272843330992671,1.2988580102881253,2.3861487335014564,-0.5688751011734919,-0.5235826034089385,1.2662325598539361,-0.7891939156425251,0.5020184746594288,0.15079249783509469,1.357897527153255,0.7900942476227878,1.3503287529175692
2009-02-22,0,6,-1.2960580679261784,2,2009,-1.1745374750998214,0.0,0.0,-1.1070378017940468,0.8794131786169637,1.2057267281003763,0.6801446366438934,1,-0.437497019577825,0.5250605761528956,-1.4249569937352042,0.021279554158541433,1.0414494541201675,0.5672162658017464,0.48164031222856873,0.73177467740649,-0.5864793778476503,1.379526068440558,0.15995828043519855,1.3858713302605075,0.8169308878923759,1.3744636407649076
2009-02-23,0,0,-1.2960580679261784,2,2009,-1.165194930101775,0.0,0.0,-0.000979679470614218,1.4116968620477444,1.2057267281003763,0.6801446366438934,0,1.1390381536165792,-0.4378688525086491,0.5254041296851981,-0.4339320731346816,0.2298206464827774,1.0570293051117252,1.0527627595913913,2.0053465361807694,-0.1469448363438746,2.718083001647184,0.32922792933096945,1.8473535424166037,0.860538812118913,1.4970692570823223
2009-02-24,0,1,-1.2960580679261784,2,2009,-1.1558523851037288,0.0,0.0,1.105078442852818,0.879413178616964,1.2057267281003763,0.6801446366438934,0,1.985477070048934,1.135244048478272,-0.4375264227650983,-1.3155123138661704,0.6340500641370794,2.142008542878996,1.3654431258866417,0.7838405278701843,0.15794628449269602,2.3390203715650237,0.3027455223573099,1.8278804802245658,0.7737527531856188,1.3159735770627947
2009-02-25,0,2,-1.2960580679261784,2,2009,-1.1465098401056824,0.0,0.0,1.378252239592745,-0.3166174014436045,1.2057267281003763,0.6801446366438934,0,0.36070709372537807,1.9798455530797385,1.1355883141264391,-1.2735569795282076,1.8194970065065572,0.16882315778659857,0.6498767592694668,2.3485957216957134,0.26463857165750887,1.9980016690005133,0.060539898447908476,1.5234688067436402,0.7324572798825307,1.4139009877180189
2009-02-26,0,3,-1.2960580679261784,2,2009,-1.1371672951076361,0.0,0.0,0.612836270074063,-1.2757594567707242,1.2057267281003763,0.6801446366438934,0,-0.6876451906005856,0.35860255492201626,1.9801908044218124,-1.4255828460538138,0.6763811247301018,-0.25214731483742264,-0.405964538263114,0.19559714087970886,0.3950030410942508,1.4625403312365552,-0.07325956283785101,1.5285023261930009,0.7105113366541019,1.4781912942229847
2009-02-27,0,4,-1.2960580679261784,2,2009,-1.12782475010959,0.0,0.0,-0.6147956290152912,-1.2757594567707244,1.2057267281003763,0.6801446366438934,0,-0.7098532337735283,-0.687474013043601,0.35894591418914584,0.5236525775103709,0.20150222701205725,1.936233534151332,-0.24139218871315565,0.905918745029521,0.44104308983318147,1.51182417761972,-0.017403865145909986,1.6155948573752705,0.6538157814491753,1.325745958686992
2009-02-28,0,5,-1.2960580679261784,2,2009,-1.1184822051115435,0.0,0.0,-1.3802115985339736,-0.31661740144360484,1.2057267281003763,0.6801446366438934,1,0.7808240582255064,-0.7096338479873676,-0.6871318746022613,-0.43872219541200924,1.3015644308474081,-0.001247954569031589,0.06723436796766594,0.58951732000686,0.5387785365919663,1.3301307001474125,-0.1335567391586413,1.3477954423815726,0.6584845460498069,1.3199240120307223
2009-03-01,0,6,-1.2960580679261784,3,2009,-1.1091396601134973,0.0,0.0,-1.1070378017940468,0.8794131786169637,1.3956190735938696,-0.025791823971918176,1,0.1002104395307332,0.7778075482616231,-0.7092917354077085,1.1334845788402672,0.02427350525227674,0.8178354763822125,0.9451540016996864,0.5003195017710231,0.6100740914098595,1.5404372846792609,0.011797357007411684,1.7072479439294004,0.6919469171378543,1.3919311919606874
2009-03-02,0,0,-1.2960580679261784,3,2009,-1.0997971151154509,0.0,0.0,-0.000979679470614218,1.4116968620477444,1.3956190735938696,-0.025791823971918176,0,1.531282246197233,0.09867137524069054,0.7781513967627943,1.977599585617604,-0.4308356725656467,2.3583857827932437,0.5758810068328046,1.0729919509146544,0.21976923800980805,0.7069133818745023,0.0379122228892529,1.6833171418004296,0.5696521382629308,1.136551298565805
2009-03-03,0,1,-1.2960580679261784,3,2009,-1.0904545701174047,0.0,0.0,1.105078442852818,0.879413178616964,1.3956190735938696,-0.025791823971918176,0,-0.1618485723809609,1.5266366750850533,0.09901443115460731,0.3572904375497669,-1.3122175057264973,0.6244680610619582,0.7219909119346468,0.9089183012205623,0.24021573979417685,0.7269128593185318,0.21049402684385404,1.4172514770586393,0.5618363847489924,1.1325924109013346
2009-03-04,0,2,-1.2960580679261784,3,2009,-1.0811120251193582,0.0,0.0,1.378252239592745,-0.3166174014436045,1.3956190735938696,-0.025791823971918176,0,0.47319684935381295,-0.16281877066126607,1.5269813975087827,-0.6881835812001365,-1.2702716138142796,0.04870982291276957,0.30293922418103136,-0.5320867256140042,0.44909455237937895,0.37334067695598305,0.37789498475350836,1.0788184324172463,0.5813806785435832,1.1236425894996283
2009-03-05,0,3,-1.2960580679261784,3,2009,-1.071769480121312,0.0,0.0,0.612836270074063,-1.2757594567707242,1.3956190735938696,-0.025791823971918176,0,0.46153557545250784,0.47084812280833194,-0.16247601991995686,-0.710330651885937,-1.4222632655498328,0.4960886227456005,0.27908107476545013,-0.42911093210228185,0.5376314346501376,-0.010499324714931759,0.4940155547061497,0.5956051098327865,0.5464723095852918,1.1518810871228877
2009-03-06,0,4,-1.2960580679261784,3,2009,-1.0624269351232658,0.0,0.0,-0.6147956290152912,-1.2757594567707244,1.3956190735938696,-0.025791823971918176,0,-0.22275317353950227,0.45921216268007475,0.47119161307188023,0.7762539651614382,0.5265334650319977,1.496077870850576,0.23523645204769922,-0.5138617827060384,0.46137214726922626,-0.08650239752470193,0.4779851593373236,0.5904026822721997,0.49103420787635543,1.0488455334880953
2009-03-07,0,5,-1.2960580679261784,3,2009,-1.0530843901252194,0.0,0.0,-1.3802115985339736,-0.31661740144360484,1.3956190735938696,-0.025791823971918176,1,0.3612711834919222,-0.22359116282923328,0.45955563936385213,0.09750898049224604,-0.4356247167828271,0.1259838826160618,0.13769860538839032,-0.7072913417671093,0.48179006471485064,-0.11168060285595283,0.5406619582068489,0.46786016061049496,0.4949113152389149,1.0466474010598374
2009-03-08,0,6,-1.2960580679261784,3,2009,-1.0437418451271732,0.0,0.0,-1.1070378017940468,0.8794131786169637,1.3956190735938696,-0.025791823971918176,1,0.21254293376971486,0.3591654201876654,-0.22324848301246816,1.5246517598846296,1.136228218179266,0.7998755186779516,0.7506273873179349,0.20103280379778424,0.4473707924732905,-0.3362713968065841,0.5602237147565308,0.5332383600876373,0.5201790437276128,1.105810836425444
2009-03-09,0,0,-1.2960580679261784,3,2009,-1.0343993001291267,0.0,0.0,-0.000979679470614218,1.4116968620477444,1.3956190735938696,-0.025791823971918176,0,1.3419190209279757,0.21076002311356012,0.3595087801116881,-0.1638305448077822,1.980153249274191,2.3583857827932437,0.6850606661707324,0.3294955101472834,0.5120316737088902,-0.4937082140908433,0.38747940160169025,-0.023410939522083524,0.41491496099122754,0.7645678109296842
2009-03-10,0,1,-1.2960580679261784,3,2009,-1.0250567551310805,0.0,0.0,1.105078442852818,0.879413178616964,1.3956190735938696,-0.025791823971918176,0,0.19389378421484985,1.3376845110556448,0.21110320984076175,0.46947135101118825,0.36020876636886245,1.0268136423850638,0.778634430749206,0.16811394168147506,0.5080727427926431,-0.4954020394059306,0.3962255610539129,-0.018556697531199356,0.3865468886818142,0.7178497098031519
2009-03-11,0,2,-1.2960580679261784,3,2009,-1.015714210133034,0.0,0.0,1.378252239592745,-0.3166174014436045,1.3956190735938696,-0.025791823971918176,0,0.45141614691311827,0.19215135630040614,1.338029012962366,0.45784209329732795,-0.6850299590400136,0.22310806659274235,0.8112698078532348,0.30597278325138944,0.6832369492262276,0.0152377794637039,0.5999488085667176,-0.019918627855762826,0.44377026993445334,0.8253325888971916
2009-03-12,0,3,-1.2960580679261784,3,2009,-1.0063716651349879,0.0,0.0,0.612836270074063,-1.2757594567707242,1.3956190735938696,-0.025791823971918176,0,1.4252299513592135,0.44911470094462,0.19249452131032527,-0.22456793154846116,-0.7071720453281514,0.6233913411770425,0.9463325125885816,-0.01811397432790312,0.8216373462424577,-0.33997247561601196,0.7203321959179256,-0.3811734442052237,0.43914160374674854,0.820897474278175
2009-03-13,0,4,-1.2960580679261784,3,2009,-0.9970291201369416,0.0,0.0,-0.6147956290152912,-1.2757594567707244,1.3956190735938696,-0.025791823971918176,0,0.5386791244360901,1.4208145938365146,0.4494581658441341,0.35785297860011983,0.7790780024664336,1.7972657877503664,0.6847231835070946,0.8104235684886445,0.7166352634556397,-0.007412526191993084,0.6241785017991317,-0.26645253212748016,0.34144304815261306,0.6374875597701163
2009-03-14,0,5,-1.2960580679261784,3,2009,-0.9876865751388952,0.0,0.0,-1.3802115985339736,-0.31661740144360484,1.3956190735938696,-0.025791823971918176,1,-0.2164148557989511,0.5361882518897415,1.4211591927603684,0.20953306432751598,0.10048577546724002,0.6653091601451127,0.5127168408386478,0.18394045263974687,0.8572459755352967,-0.02279285026153687,0.7095993367702834,-0.2445980398855843,0.35620319211753626,0.6688105439554715
2009-03-15,0,6,-1.2960580679261784,3,2009,-0.9783440301408489,0.0,0.0,-1.1070378017940468,0.8794131786169637,1.3956190735938696,-0.025791823971918176,1,0.9861356396218669,-0.21726660402601158,0.5365318184086205,1.335808433947699,1.5273073635275927,0.19506609542060538,0.5494127236416985,0.21388129264846284,0.7282734391157268,-0.29977888535419,0.6229249064877528,-0.5327075422104177,0.3768285063912397,0.6806258353342565
2009-03-16,0,0,-1.2960580679261784,3,2009,-0.9690014851428026,0.0,0.0,-0.000979679470614218,1.4116968620477444,1.3956190735938696,-0.025791823971918176,0,0.6323556316684935,0.9826734484382849,-0.2169239168281572,0.19093511626854992,-0.1607949330196035,1.2843893409994638,0.47609997183383107,0.5190491627815712,0.6196771864309992,0.0964876354377809,0.5996185160339798,-0.43113026800253446,0.29503952804360306,0.6171494320563151
2009-03-17,0,1,-1.2960580679261784,3,2009,-0.9596589401447564,0.0,0.0,1.105078442852818,0.879413178616964,1.3956190735938696,-0.025791823971918176,0,-0.4035661654381373,0.6296614103401789,0.9830175360286223,0.4477504477877937,0.4723644325056689,0.019567504773587523,0.33071592230219804,0.14101960767895175,0.6494111127129737,0.10177012386208238,0.6132913742829061,-0.4237487260438394,0.3233439338933095,0.6276458754976302
2009-03-18,0,2,-1.2960580679261784,3,2009,-0.9503163951467101,0.0,0.0,1.378252239592745,-0.3166174014436045,1.3956190735938696,-0.025791823971918176,0,0.6150021792137738,-0.40401165395310107,0.6300050859470979,1.4188906330767257,0.46073779206096316,-0.4310988347705606,0.0016823782065721296,-0.013296545101596172,0.3526236519107453,-0.2599229782126437,0.5487739032548906,-0.3134731747109654,0.33412025961718994,0.6059321972507127
2009-03-19,0,3,-1.2960580679261784,3,2009,-0.9409738501486637,0.0,0.0,0.612836270074063,-1.2757594567707242,1.3956190735938696,-0.025791823971918176,0,-0.2075945430855662,0.6123456279857205,-0.4036691846964377,0.534773843609057,-0.2215186502645368,-1.3038764974750996,-0.09507738342268139,0.2847167266541611,0.13646142553346294,0.04954193721765447,0.5075235963219706,-0.133486984320586,0.3660102819175246,0.45922460750026917
2009-03-20,0,4,-1.2960580679261784,3,2009,-0.9316313051506174,0.0,0.0,-0.6147956290152912,-1.2757594567707244,1.3956190735938696,-0.025791823971918176,0,-0.6505725273974894,-0.20846543805389423,0.6126892833842205,-0.2182470157462045,0.36077118081428705,-1.262340087118294,-0.40845682094975216,-0.8273168174821203,0.1421739434918787,0.03999546842862603,0.4548534745146381,-0.0625828309559741,0.4181755347966623,0.25275152054991584
2009-03-21,0,5,-1.2960580679261784,3,2009,-0.9222887601525711,0.0,0.0,-1.3802115985339736,-0.31661740144360484,1.3956190735938696,-0.025791823971918176,1,-0.18498650898724633,-0.6504818255235687,-0.20812274058462119,0.9810018607949736,0.21248464727381447,-1.412847975483346,-0.08748536270772413,0.2734891919174303,0.0741289251082818,-0.2385162160077704,0.4933473880755496,-0.05128187027101638,0.5157827642095192,-0.05313923557224218
2009-03-22,0,6,-1.2960580679261784,3,2009,-0.9129462151545248,0.0,0.0,-1.1070378017940468,0.8794131786169637,1.3956190735938696,-0.025791823971918176,1,0.6117749020039099,-0.18590648046720315,-0.6501396439104213,0.628193160705965,1.3385065384814478,0.5169243338729007,0.24573725191116172,-0.4291938673745838,-0.004444450913675241,-0.43542594346365787,0.3832505364295421,-0.30423838957078203,0.5001062487589703,-0.05367910806297519
2009-03-23,0,0,-1.2960580679261784,3,2009,-0.9036036701564785,0.0,0.0,-0.000979679470614218,1.4116968620477444,1.3956190735938696,-0.025791823971918176,0,0.20007142184008414,0.6091253564052196,-0.1855637566704527,-0.40488449889776545,0.19389088485050893,-0.4358411276806263,0.13360729770022872,0.004885206468215317,-0.016743173358248684,-0.39979329417788445,0.31911939558952096,-0.16848701761215026,0.49849134655345834,-0.047859344582945766
2009-03-24,0,1,-1.2960580679261784,3,2009,-0.8942611251584323,0.0,0.0,1.105078442852818,0.879413178616964,1.3956190735938696,-0.025791823971918176,0,-0.47122958761775247,0.19831558378553563,0.6094690080454951,0.6108873523929838,0.45064841776711273,1.120667163137662,-0.046055348095295094,-0.4985864387925933,-0.10069351205769515,-0.6588297859249828,0.29035922274638204,-0.17965366884042328,0.4512925685325625,-0.11472708743383989
2009-03-25,0,2,-1.2960580679261784,3,2009,-0.8849185801603859,0.0,0.0,1.378252239592745,-0.3166174014436045,1.3956190735938696,-0.025791823971918176,0,0.1531357345369334,-0.47152819539505453,0.198658755989429,-0.20945091932235566,1.4215700392135155,1.9563536822203207,0.05412075589484272,-0.21166547137150843,0.019887035345407127,-0.5195196973948942,0.19688676561490193,-0.5796239061121461,0.3780612461715086,-0.445310687804359
2009-03-26,0,3,-1.2960580679261784,3,2009,-0.8755760351623396,0.0,0.0,0.612836270074063,-1.2757594567707242,1.3956190735938696,-0.025791823971918176,0,0.45579895346294774,0.1514817823780679,-0.47118580493370843,-0.6512127015023614,0.5376522281896161,0.35222331975209387,-0.003094608544216171,0.024247387690451157,0.025936972780754224,-0.5479531565055142,0.08542852857946706,-0.48168278458960195,0.3312410299020415,-0.3554569045214012
2009-03-27,0,4,-1.2960580679261784,3,2009,-0.8662334901642933,0.0,0.0,-0.6147956290152912,-1.2757594567707244,1.3956190735938696,-0.025791823971918176,0,-0.6172878124449394,0.4534879934935561,0.1518248999244779,-0.18690495589174977,-0.2151991570412929,-0.6828116417231607,0.031868327565385046,0.06753163539923235,0.10361802031491639,-0.5609022235132809,0.12966630180400424,-0.4995194229741282,0.37576516194721216,-0.4624184562885167
2009-03-28,0,5,-1.2960580679261784,3,2009,-0.856890945166247,0.0,0.0,-1.3802115985339736,-0.31661740144360484,1.3956190735938696,-0.025791823971918176,1,0.24238841050920443,-0.6172693635450424,0.45383146349693015,0.6076689357169657,0.9837798177425733,-0.704737573925165,0.31457835842581255,1.0328888188095677,0.206445207762405,-0.055909831419195664,0.14811719424657463,-0.39455599313028916,0.4661194886300335,-0.4916154160648005
2009-03-29,0,6,-1.2960580679261784,3,2009,-0.8475484001682007,0.0,0.0,-1.1070378017940468,0.8794131786169637,1.3956190735938696,-0.025791823971918176,1,1.1774954007921266,0.24054071262387694,-0.6169271431712234,0.19709579310495023,0.6310505204280944,0.7670034968621843,0.9879674273896459,-0.07497877956850134,0.37033289256090224,0.30471132850181515,0.19337386389695327,-0.2122377090112756,0.48148225445780174,-0.44282674178758535
2009-03-30,0,0,-1.2960580679261784,3,2009,-0.8382058551701543,0.0,0.0,-0.000979679470614218,1.4116968620477444,1.3956190735938696,-0.025791823971918176,0,1.1017261796034319,1.1736178143776494,0.24088393410669295,-0.4723621502236993,-0.4017946357468475,0.0950357803438684,0.8296224365139774,0.6072885593815217,0.4265700934479463,0.12744379097379413,0.21668190251705693,-0.26605017912449624,0.4689373432233547,-0.41933746123830423
2009-03-31,0,1,-1.2960580679261784,3,2009,-0.8288633101721081,0.0,0.0,1.105078442852818,0.879413178616964,1.3956190735938696,-0.025791823971918176,0,-0.1618314787516714,1.098013069633417,1.173962124809998,0.15028896837507108,0.6137486069430897,1.5079285401795801,0.5366727530893315,0.25542970222033917,0.47683192473984876,0.11062428352606453,0.19881116462300807,-0.3015015376807949,0.41619860120586594,-0.6069850386253725
2009-04-01,0,2,-0.4108496234684316,4,2009,-0.8195207651740618,0.0,0.0,1.378252239592745,-0.3166174014436045,1.2057267281003765,-0.7317282845877294,0,0.4296593755534179,-0.1628017141380643,1.0983572918310942,0.45212122128212506,-0.20640504025814144,-0.16369426999665906,0.151306388504396,-0.7295949052737631,0.41542717252655564,0.1311990210237492,0.230202140563729,-0.336794413404729,0.42959458079631335,-0.6306769625050791
2009-04-02,0,3,-0.4108496234684316,4,2009,-0.8101782201760155,0.0,0.0,0.612836270074063,-1.2757594567707242,1.2057267281003765,-0.7317282845877294,0,0.11797072036253259,0.4274051582133796,-0.16245896337684923,-0.6180193701912545,-0.6480673999715885,0.46328410687871974,0.26305198745952063,-1.0737060137143148,0.5500625150110727,-0.35621695780687634,0.3048314416658554,-0.5368443145429221,0.41284997455898415,-0.6309175859443097
2009-04-03,0,4,-0.4108496234684316,4,2009,-0.8008356751779692,0.0,0.0,-0.6147956290152912,-1.2757594567707244,1.2057267281003765,-0.7317282845877294,0,0.12343042555762075,0.11639310284734075,0.4277485977767276,0.2392965999012498,-0.1838641509996021,0.451770967294205,-0.045116557034935174,-0.7883445216518442,0.44111082228803244,-0.061352601340816035,0.2882433068106105,-0.4878600139189306,0.3736623684399233,-0.5824710630764288
2009-04-04,0,5,-0.4108496234684316,4,2009,-0.7914931301799228,0.0,0.0,-1.3802115985339736,-0.31661740144360484,1.2057267281003765,-0.7317282845877294,1,-0.35702705033449933,0.12184095635800861,0.11673617944343583,1.1718362411162055,0.6105309146007223,-0.223825193977358,0.32322969972386056,0.5117031096115195,0.4194414079242921,-0.15871360109822225,0.33129505954334204,-0.3388451338842218,0.4349900268393779,-0.5380493098712594
2009-04-05,0,6,-0.4108496234684316,4,2009,-0.7821505851818765,0.0,0.0,-1.1070378017940468,0.8794131786169637,1.2057267281003765,-0.7317282845877294,1,1.0582775926753336,-0.35757356388391087,0.12218403931203223,1.0962750453635526,0.2000501751711185,0.35278024383049084,0.14336081452277918,0.7792337470602431,0.15816377402662973,-0.41396928894660684,0.27963262663079885,-0.2559387231122766,0.401621764271466,-0.48825693098217826
2009-04-06,0,0,-0.4108496234684316,4,2009,-0.7728080401838302,0.0,0.0,-0.000979679470614218,1.4116968620477444,1.2057267281003765,-0.7317282845877294,0,-0.3357352256914744,1.0546587989591052,-0.3572310404315799,-0.1638134981092864,-0.46925710061980364,0.20594130378803963,0.20320640099115286,0.6580998738000785,0.15045283795070483,-0.39821389886985364,0.30537434765529653,-0.33357161681439024,0.3816681393310372,-0.4599786919120148
2009-04-07,0,1,-0.4108496234684316,4,2009,-0.7634654951857839,0.0,0.0,1.105078442852818,0.879413178616964,1.2057267281003765,-0.7317282845877294,0,-0.20425444792238648,-0.3363279585837597,1.0550029705600927,0.4260534099422823,0.1532538847385782,1.3209708147071622,-0.2997632973534828,-1.389604143011492,0.031333820215633953,-0.42212193957951577,0.2688476854270979,-0.2836692703143696,0.3066207680318714,-0.5864707742772193
2009-04-08,0,2,-0.4108496234684316,4,2009,-0.7541229501877377,0.0,0.0,1.378252239592745,-0.3166174014436045,1.2057267281003765,-0.7317282845877294,0,-0.22569327777729464,-0.20513259342025653,-0.33598541033670176,0.11522050022941759,0.4550182075795161,0.18752905622616542,-0.19337322685825173,-1.3392348511260666,-0.0017680868489563003,-0.4254003255501358,0.21871475086974676,-0.28747580856146077,0.2942675108445162,-0.5765688923518567
2009-04-09,0,3,-0.4108496234684316,4,2009,-0.7447804051896914,0.0,0.0,0.612836270074063,-1.2757594567707242,1.2057267281003765,-0.7317282845877294,0,-0.06414480608794781,-0.2265248848199365,-0.20478989206138037,0.12066521572900606,-0.614881539118555,0.44178008685733655,0.09980680187649722,-0.4072055032586008,0.07470682586987988,-0.274054346730937,0.33070237893070664,-0.4386747952050195,0.2987079599919517,-0.569586846595176
2009-04-10,0,4,-0.4108496234684316,4,2009,-0.735437860191645,0.0,0.0,-0.6147956290152912,-1.2757594567707244,1.2057267281003765,-0.7317282845877294,0,0.5441695981638824,-0.06532709534448762,-0.2261822084269776,-0.35847315757298587,0.2422414842958862,1.4032234381416644,0.36900413402217797,-0.6298429658324355,0.22348644484405697,-0.3360200187123833,0.3518298934948641,-0.42671525151965534,0.2525710534121588,-0.7652562074539666
2009-04-11,0,5,-0.4108496234684316,4,2009,-0.7260953151935987,0.0,0.0,-1.3802115985339736,-0.31661740144360484,1.2057267281003765,-0.7317282845877294,1,0.4615082256456426,0.5416668071421555,-0.0649842308253201,1.0529457471268164,1.1745712490683033,0.527934554138129,0.9902976648290569,0.13120894150178006,0.307752454067041,0.18122748385005655,0.3850355005660463,-0.2299478060275815,0.29964053450973904,-0.543778123956192
2009-04-12,0,6,-0.4108496234684316,4,2009,-0.7167527701955524,0.0,0.0,-1.1070378017940468,0.8794131786169637,1.2057267281003765,-0.7317282845877294,1,1.5218807500879905,0.45918487224294985,0.5420103800547937,-0.337239789926562,1.0990270590430828,-0.21756739251453458,1.1580613682974739,-0.043031510662537326,0.5455294117252459,0.1598750930969973,0.3725691000714301,-0.2801759128068758,0.3565550761493447,-0.4991561817393965
2009-04-13,0,0,-0.4108496234684316,4,2009,-0.7074102251975061,0.0,0.0,-0.000979679470614218,1.4116968620477444,1.2057267281003765,-0.7317282845877294,0,0.9724333863833953,1.517255587324061,0.4595283488948778,-0.20611999443625997,-0.16077789015762065,0.9697069849149957,0.9977597815028516,0.5785924161866813,0.5921604105978044,0.03144828307465118,0.3932150204336619,-0.3183088444318464,0.3118486190756003,-0.5671573554310514
2009-04-14,0,1,-0.4108496234684316,4,2009,-0.6980676801994598,0.0,0.0,1.105078442852818,0.879413178616964,1.2057267281003765,-0.7317282845877294,0,0.05229357790636922,0.9690009394397359,1.517600298799573,-0.2274999636897415,0.4289562630353215,0.6204210794255386,0.3543276558046457,0.12469170303595474,0.6112516418864371,-0.0363324290688365,0.3401532943060766,-0.2841309565316676,0.27579900018530973,-0.5767306953351204
2009-04-15,0,2,-0.4108496234684316,4,2009,-0.6887251352014135,0.0,0.0,1.378252239592745,-0.3166174014436045,1.2057267281003765,-0.7317282845877294,0,-0.12065976324494486,0.050858529401445134,0.9693450110735439,-0.06639502554525416,0.11819330906742595,-0.4023413005401014,-0.2650266889032326,-0.5923382812915177,0.5122820973722485,0.35787621628332683,0.2700933695400887,-0.11177827590134334,0.2659812720308709,-0.5397053722514139
2009-04-16,0,3,-0.4108496234684316,4,2009,-0.6793825902033672,0.0,0.0,0.612836270074063,-1.2757594567707242,1.2057267281003765,-0.7317282845877294,0,-0.6086418547503089,-0.12171937235423898,0.05120152951528275,0.5402492431659209,0.12363679918476879,0.6032880695952775,-0.2906017144092291,-0.6665464503582299,0.41101027079171454,0.40432933803587384,0.25693935405216956,-0.10246775399870241,0.23591679135415805,-0.5597737130755335
2009-04-17,0,4,-0.4108496234684316,4,2009,-0.6700400452053209,0.0,0.0,-0.6147956290152912,-1.2757594567707244,1.2057267281003765,-0.7317282845877294,0,-0.012993829802002815,-0.6086421741095845,-0.12137657364779322,0.45781481857973255,-0.35539373971230565,-0.20885912510672547,0.07183859573588403,0.4818217490419167,0.47336638436629486,0.4855709004432959,0.36894049707704446,-0.1076536123747019,0.2843728592040547,-0.5298189160201444
2009-04-18,0,5,-0.4108496234684316,4,2009,-0.6606975002072746,0.0,0.0,-1.3802115985339736,-0.31661740144360484,1.2057267281003765,-0.7317282845877294,1,0.8045705280344997,-0.01428715531545931,-0.6082999436673866,1.5152760757119081,1.0557075124550377,-0.6462099162307869,0.27017929990352113,-0.1323481400875562,0.17814609100572243,-0.2045946272879631,0.2570356069659031,-0.24916945755338346,0.3106196436361368,-0.613483845760616
2009-04-19,0,6,-0.4108496234684316,4,2009,-0.6513549552092283,0.0,0.0,-1.1070378017940468,0.8794131786169637,1.2057267281003765,-0.7317282845877294,1,-0.10232171774314516,0.8015024702935449,-0.013944231230025774,0.9673372272807116,-0.33416515082644893,-0.18653828310366652,0.08399065006072401,0.3476445264501254,-0.08736016083026585,-0.5665072595751014,0.2423260520947609,-0.20281520468473807,0.29609927181381746,-0.5696609402396924
2009-04-20,0,0,-0.4108496234684316,4,2009,-0.6420124102111819,0.0,0.0,-0.000979679470614218,1.4116968620477444,1.2057267281003765,-0.7317282845877294,0,-0.488292448374548,-0.10342113426335368,0.8018463464479232,0.049723675268710556,-0.20307486502668193,0.6001017888072988,-0.28851253601527155,-0.9773980503670683,-0.12346590905780651,-0.575857296579784,0.24790938035774462,-0.2132674987358528,0.25980513443816866,-0.5769174820025105
2009-04-21,0,1,-0.4108496234684316,4,2009,-0.6326698652131356,0.0,0.0,1.105078442852818,0.879413178616964,1.2057267281003765,-0.7317282845877294,0,-0.14634806934122588,-0.4885540168550801,-0.10307831420191188,-0.12275482011220439,-0.22445002252558469,0.1936282187090836,-0.03249979443913384,-0.04450733961677084,-0.0013424287611190457,-0.35302112895294974,0.3228195290026762,-0.23290536969279554,0.2766160258070717,-0.559891360166035
2009-04-22,0,2,-0.4108496234684316,4,2009,-0.6233273202150893,0.0,0.0,1.378252239592745,-0.3166174014436045,1.2057267281003765,-0.7317282845877294,0,0.5512224296087336,-0.14735191542188267,-0.48821164626375363,-0.6093971500920646,-0.06338134249796315,-0.4691451875693457,0.1079371877929682,-0.430385495203807,0.08569563992150768,-0.597240804271948,0.31649024065826903,-0.22173012663422534,0.2929621029200045,-0.6046535965182225
2009-04-23,0,3,-0.4108496234684316,4,2009,-0.6139847752170431,0.0,0.0,0.612836270074063,-1.2757594567707242,1.2057267281003765,-0.7317282845877294,0,-0.1297877612855493,0.5487043286152102,-0.14700914662994852,-0.01538448496630089,0.543126395458511,0.14728876008820052,-0.12311121119233377,0.2901268210049996,-0.04575006319821639,-0.24967222933175437,0.19304060466482093,-0.04294153510018439,0.2503880630790164,-0.49379741770190044
2009-04-24,0,4,-0.4108496234684316,4,2009,-0.6046422302189968,0.0,0.0,-0.6147956290152912,-1.2757594567707244,1.2057267281003765,-0.7317282845877294,0,-0.7361637479759489,-0.13082755574399677,0.5490479097410021,0.7999352387118589,0.4607105234817885,0.44610721818168225,-0.5922054175657611,-0.6377625956313517,-0.3094598514839175,-0.6437157166083505,0.08622854851654888,0.057855477630394954,0.19762788068563725,-0.42422592212735144
2009-04-25,0,5,-0.4108496234684316,4,2009,-0.5952996852209504,0.0,0.0,-1.3802115985339736,-0.31661740144360484,1.2057267281003765,-0.7317282845877294,1,-0.6462717702682437,-0.7358872484995576,-0.130484767667275,-0.10446712196585876,1.5179337894370097,-0.6133480203073403,-0.23993378148814917,0.8773018706022279,-0.1509975984590474,-0.10714386616096798,0.013682529656839295,-0.35156003297318056,0.2640177591333815,-0.4540423120101472
2009-04-26,0,6,-0.4108496234684316,4,2009,-0.5859571402229041,0.0,0.0,-1.1070378017940468,0.8794131786169637,1.2057267281003765,-0.7317282845877294,1,0.7694841445548323,-0.6461904042859955,-0.735545166558983,-0.48937816466224887,0.9701182595771155,0.235407650481918,0.18872678766073908,0.5368226974778053,0.0028476624597630856,-0.11382204048024035,-0.04555026084737302,-0.5869675922067428,0.2695578867969666,-0.45082373565655226
2009-04-27,0,0,-0.4108496234684316,4,2009,-0.5766145952248578,0.0,0.0,-0.000979679470614218,1.4116968620477444,1.2057267281003765,-0.7317282845877294,0,0.3581122807992281,0.7664922507695476,-0.6458482176645362,-0.1483725986117513,0.052711224756888414,1.158635884095216,0.29424368872465306,0.10475489694980505,-0.03906008513444154,-0.054588634727330394,-0.08693406925310596,-0.5576833080183217,0.19514276108611311,-0.5435351739533502
2009-04-28,0,1,-0.4108496234684316,4,2009,-0.5672720502268115,0.0,0.0,1.105078442852818,0.879413178616964,1.2057267281003765,-0.7317282845877294,0,-0.37691035992406535,0.35601337469998334,0.7668360860651778,0.547282710965302,-0.11972845278570085,1.0838291668241482,0.08271571555364263,-0.44651361579016047,-0.0975374282209933,-0.2055440110732558,-0.05317171159530341,-0.5360099558670871,0.15338607420086975,-0.6683595805016145
2009-04-29,0,2,-0.4108496234684316,4,2009,-0.5579295052287652,0.0,0.0,1.378252239592745,-0.3166174014436045,1.2057267281003765,-0.7317282845877294,0,0.22949981402491554,-0.3774137116722319,0.3563567309454049,-0.1318577571089866,-0.6062612595276301,-0.16367739350943464,0.00440768463715136,-0.6254308817078092,-0.0451901829980071,-0.18364779384691038,0.02076799671392137,-0.6346937801928941,0.1687075959467711,-0.6784832714238905
2009-04-30,0,3,-0.4108496234684316,4,2009,-0.548586960230719,0.0,0.0,0.612836270074063,-1.2757594567707242,1.2057267281003765,-0.7317282845877294,0,0.15820912371006238,0.2276800941297348,-0.3770712113743858,-0.7365689302107338,-0.012382282300449472,0.4202996939180566,0.32791829815798773,-1.1524092972768867,0.17021828679453144,-0.44976569818166356,0.0653077140103031,-0.5828135476671361,0.1696306777790497,-0.6768082718445846
2009-05-01,0,4,-0.4108496234684316,5,2009,-0.5392444152326726,0.0,0.0,-0.6147956290152912,-1.2757594567707244,0.6869311922437294,-1.2485096406738496,0,0.4489409893920014,0.15654415846435926,0.2280233006035398,-0.6469237521608043,0.8027539463330232,0.11257045057006072,0.198292814114601,-0.7898378186450197,0.2692549423649033,-0.8714510106001884,-0.022046420067142455,-0.773590750068694,0.1591283305990049,-0.6703318863982477
2009-05-02,0,5,-0.4108496234684316,5,2009,-0.5299018702346263,0.0,0.0,-1.3802115985339736,-0.31661740144360484,0.6869311922437294,-1.2485096406738496,1,-0.10140549921323833,0.44664491638500614,0.15688728191882562,0.7649451853792879,-0.10144487045047954,0.11796080058956548,0.01698293150845674,-0.4542948786472634,0.07401955894265023,-1.053463013825659,-0.04155345749463635,-0.7494491731878989,0.13863525925446465,-0.6475879824983204
2009-05-03,0,6,-0.4108496234684316,5,2009,-0.52055932523658,0.0,0.0,-1.1070378017940468,0.8794131786169637,0.6869311922437294,-1.2485096406738496,1,-0.3046350765621408,-0.10250690461974903,0.44698837840215305,0.3547027487180967,-0.4862692854510971,-0.3563933764228216,-0.13427090578004172,-1.0570834653600245,0.020346870360010115,-1.1537947807063729,0.011585073183975302,-0.8241444445946815,0.15873503881833742,-0.6763236584329022
2009-05-04,0,0,-0.4108496234684316,5,2009,-0.5112167802385337,0.0,0.0,-0.000979679470614218,1.4116968620477444,0.6869311922437294,-1.2485096406738496,0,0.06282325354871067,-0.30529532027043804,-0.10216408349135367,-0.3783018772633497,-0.1453404657735423,1.0409325115970434,-0.03042802586513128,-0.8743000671070184,0.11860677759490666,-1.3520379270094534,0.04147819556306041,-0.8267227860704449,0.1159074788074563,-0.8047258074146793
2009-05-05,0,1,-0.4108496234684316,5,2009,-0.5018742352404874,0.0,0.0,1.105078442852818,0.879413178616964,0.6869311922437294,-1.2485096406738496,0,0.1636825038085593,0.061365347693746256,-0.3049527358066763,0.2264433892353915,0.5501582803126368,-0.3353720239360472,0.19560768419159322,-1.289249670065087,0.12640160249106142,-1.3355540691558738,0.014592647104830221,-0.9026945087473971,0.1450203995953622,-0.8267219448740625
2009-05-06,0,2,-0.4108496234684316,5,2009,-0.4925316902424411,0.0,0.0,1.378252239592745,-0.3166174014436045,0.6869311922437294,-1.2485096406738496,0,0.2723843111864413,0.16200565719356574,0.06170836006958757,0.15534842848863745,-0.12882934108455205,-0.2055614595030604,0.022195163757984335,-0.5727308996236118,0.0286002874734281,-1.129662499820253,-0.009519367051548289,-0.857214492427061,0.13661348090798608,-0.8067593658001435
2009-05-07,0,3,-0.4108496234684316,5,2009,-0.48318914524439477,0.0,0.0,0.612836270074063,-1.2757594567707242,0.6869311922437294,-1.2485096406738496,0,-0.37986072033943624,0.2704714995383691,0.1623487870218853,0.44528208584560086,-0.7334044184921702,-0.2267279497799585,-0.4165550656601681,0.20431979518155158,-0.22682998495478224,-0.7099349951861949,-0.030749727194760417,-0.7341033167564451,0.10163424414235878,-0.6686315256098228
2009-05-08,0,4,-0.4108496234684316,5,2009,-0.47384660024634845,0.0,0.0,-0.6147956290152912,-1.2757594567707244,0.6869311922437294,-1.2485096406738496,0,-0.9563502055800516,-0.38035766757686096,0.2708147559519709,-0.10355341892649285,-0.643779415896697,-0.06723164431916998,-0.3323973352406008,0.5320206359243458,-0.11983942642914752,-0.449787085904116,0.07854150074864108,-0.8079932075283189,0.12803012920373186,-0.6494001407565649
2009-05-09,0,5,-0.4108496234684316,5,2009,-0.4645040552483022,0.0,0.0,-1.3802115985339736,-0.31661740144360484,0.6869311922437294,-1.2485096406738496,1,0.4872204628229338,-0.9555957351664209,-0.38001517071476465,-0.3062250266832398,0.7677717678269937,0.5333552818346209,-0.3916911643382614,0.5764951600840275,-0.16102510877069356,-0.36468840276157605,-0.0468727495113892,-0.9040541541152163,0.07654704034532823,-0.6300407906903371
2009-05-10,0,6,-0.4108496234684316,5,2009,-0.45516151025025586,0.0,0.0,-1.1070378017940468,0.8794131786169637,0.6869311922437294,-1.2485096406738496,1,-0.5312248076980879,0.4848412944430809,-0.9552539096370833,0.06022444154214848,0.3576216599198625,0.45174396491464386,0.2475170711967823,0.3051410297464038,-0.049679788377053315,-0.060246345935485925,-0.01627915644161825,-0.7859087916641884,0.086787193004928,-0.6011597278909976
2009-05-11,0,0,-0.4108496234684316,5,2009,-0.44581896525220954,0.0,0.0,-0.000979679470614218,1.4116968620477444,0.6869311922437294,-1.2485096406738496,0,0.6754076463970587,-0.5313931805286829,0.48518480103738865,0.1608067813469998,-0.3752179967707718,1.4986464722061257,0.019863587101658954,0.1929753341453502,-0.0965040422354782,-0.08457114834098758,0.011005907535251753,-0.8308272844502435,0.009432444459049583,-0.9097724986997408
2009-05-12,0,1,-0.4108496234684316,5,2009,-0.4364764202541632,0.0,0.0,1.105078442852818,0.879413178616964,0.6869311922437294,-1.2485096406738496,0,-0.09392874576200165,0.6726199696761929,-0.5310508599328897,0.26921014642174657,0.2293911663608144,0.9561787927558838,0.2640055099059952,-0.4205268274017565,-0.12928841458052795,-0.13567612061346246,-0.002250294265190508,-0.8456175783018047,-0.03271638853792061,-1.0582689353023231
2009-05-13,0,2,-0.4108496234684316,5,2009,-0.42713387525611696,0.0,0.0,1.378252239592745,-0.3166174014436045,0.6869311922437294,-1.2485096406738496,0,0.09201575364934843,-0.0950463813712845,0.6729636954179862,-0.3812441374237323,0.15831220617509228,0.047727611356307036,-0.21868174819733174,-0.6176647539749797,-0.1614470384665209,-0.07010628487048054,-0.07119012519261447,-0.7620280036769927,-0.06187529975045053,-1.014783128990729
2009-05-14,0,3,-0.4108496234684316,5,2009,-0.41779133025807064,0.0,0.0,0.612836270074063,-1.2757594567707242,0.6869311922437294,-1.2485096406738496,0,-0.5567866209376358,0.09049447801776246,-0.09470355153607028,-0.9561508628753559,0.44818061135199927,-0.12302868638063438,-0.15854555165749235,-0.5254671131386388,0.023212761018576607,-0.531933353840632,-0.10873172824746048,-0.8460289579855335,-0.05324628495555732,-1.0143760964302437
2009-05-15,0,4,-0.4108496234684316,5,2009,-0.4084487852600243,0.0,0.0,-0.6147956290152912,-1.2757594567707244,0.6869311922437294,-1.2485096406738496,0,0.059585720161273774,-0.5568995053246425,0.09083752438881466,0.4834564624571785,-0.10053137304820932,-0.6048118930692218,-0.2949648831319897,-0.6934850558632212,-0.11191970040064253,-0.6842688485478315,-0.1236601596073618,-0.8360051782181593,-0.03637516413376831,-1.0601944359106492
2009-05-16,0,5,-0.4108496234684316,5,2009,-0.399106240261978,0.0,0.0,-1.3802115985339736,-0.31661740144360484,0.6869311922437294,-1.2485096406738496,1,-0.2562327558659439,0.05813484219932502,-0.5565572144960577,-0.5321926526043957,-0.3031573677348415,-0.01673044394873878,0.21459376245512493,-0.09865058773812312,0.11987008108772301,-0.5065473130239404,-0.022550429331172395,-0.6495596199001735,-0.00013487319833485072,-0.9696113976595119
2009-05-17,0,6,-0.4108496234684316,5,2009,-0.38976369526393173,0.0,0.0,-1.1070378017940468,0.8794131786169637,0.6869311922437294,-1.2485096406738496,1,0.7440043807358894,-0.2569980691722512,0.05847785080499831,0.6711269755375816,0.06320962773833103,0.7904483129143832,0.1722611156391554,-0.05025557795050619,-0.01170611575235873,-0.7803086947238932,-0.033282299579015566,-0.6514016507743658,-0.04097355192803902,-1.0759507839031786
2009-05-18,0,0,-0.4108496234684316,5,2009,-0.3804211502658854,0.0,0.0,-0.000979679470614218,1.4116968620477444,0.6869311922437294,-1.2485096406738496,0,-0.048480204207039294,0.7410677972849717,-0.2566554283430842,-0.09609719300440944,0.1637693305819986,-0.10492359088624127,0.030089847496685328,0.40883821389288394,-0.10717470016889387,-0.5490627602526615,-0.10876436194081313,-0.5675336469381035,-0.06571672770885476,-1.0213612249867483
2009-05-19,0,1,-0.4108496234684316,5,2009,-0.3710786052678391,0.0,0.0,1.105078442852818,0.879413178616964,0.6869311922437294,-1.2485096406738496,0,-0.6191646929409307,-0.049696497482372856,0.7414116029089417,0.08933679323334884,0.2721482985034067,-0.48599129711678885,-0.23108021843530255,-0.5091383515038357,-0.10985044283493774,-0.5523577394602043,-0.12757488427681263,-0.5980790967837922,-0.038639987962679964,-1.0526179687882755
2009-05-20,0,2,-0.4108496234684316,5,2009,-0.3617360602697928,0.0,0.0,1.378252239592745,-0.3166174014436045,0.6869311922437294,-1.2485096406738496,0,0.07729472010521476,-0.6191421697926012,-0.04935361472148424,-0.5576842855350826,-0.37815959474901417,-0.14839067138152906,-0.3895109191938015,-0.5308826622533018,-0.09097110849222248,-0.6120571387250574,-0.13461914717561807,-0.5839862566537186,-0.05331666176191933,-1.0259252359608064
2009-05-21,0,3,-0.4108496234684316,5,2009,-0.3523935152717465,0.0,0.0,0.612836270074063,-1.2757594567707242,0.6869311922437294,-1.2485096406738496,0,-0.452918891922827,0.07580540023638,-0.6187999516044447,0.056995796847033556,-0.9529369322658019,0.5403185204634244,-0.14494044697532057,-0.7539633839016292,-0.10086191109682352,-0.6200740785293427,-0.041909461422136675,-0.8374690312721649,-0.07945820831844154,-1.083049099599594
2009-05-22,0,4,-0.4108496234684316,5,2009,-0.3430509702737002,0.0,0.0,-0.6147956290152912,-1.2757594567707244,0.6869311922437294,-1.2485096406738496,0,0.005169860681035521,-0.45325724774130305,0.07614842946451404,-0.2579555952224118,0.4863463964764108,-0.1320407305584917,-0.5082284814302894,-0.34267251544971933,-0.20880507378108523,-0.2982371861641849,-0.1708537543299594,-0.7444723692834713,-0.11394218876767287,-0.9846117438137753
2009-05-23,0,5,-0.4108496234684316,5,2009,-0.33370842527565386,0.0,0.0,-1.3802115985339736,-0.31661740144360484,0.6869311922437294,-1.2485096406738496,1,-0.850099624642283,0.003837106238759458,-0.45291483595681026,0.7395353766013961,-0.529074137607245,-0.7307138630610307,-0.358613845650896,-0.20986726246808496,-0.35694030233615354,-0.9215964228567448,-0.12647753513361618,-0.8031429418744473,-0.0820976658909855,-1.0563612712426067
2009-05-24,0,6,-0.4108496234684316,5,2009,-0.3243658802776076,0.0,0.0,-1.1070378017940468,0.8794131786169637,0.6869311922437294,-1.2485096406738496,1,-0.0709856765296148,-0.8495757982487507,0.004180051476149367,-0.050773431043668986,0.6739746726181209,-0.6419637920451128,-0.551035211035658,-0.45444037829318257,-0.43647249650341957,-0.9545501942318381,-0.23846417429477756,-0.9924460431969021,-0.07442675766455992,-1.0833393220530432
2009-05-25,0,0,-0.4108496234684316,5,2009,-0.3150233352795613,0.0,0.0,-0.000979679470614218,1.4116968620477444,0.6869311922437294,-1.2485096406738496,0,-0.48603950803419027,-0.07215311592984593,-0.8492338489886297,-0.6198910976861005,-0.0930768252169031,0.7558076352374774,-0.36402026435371543,-0.9678759956563175,-0.39167275950657665,-1.030107037505897,-0.2653424708211507,-0.9823908167057195,-0.1291069175356797,-1.1866180259019323
2009-05-26,0,1,-0.4108496234684316,5,2009,-0.30568079028151496,0.0,0.0,1.105078442852818,0.879413178616964,0.6869311922437294,-1.2485096406738496,0,-0.3726916522154152,-0.48630596709708496,-0.07181025937699963,0.0746561764887277,0.09231542743266513,0.3496614689914214,-0.49255428660795,-1.422509914270883,-0.4782646639453052,-1.2008603182092876,-0.3126962673111265,-1.00444086632883,-0.16535768315857088,-1.207740957665906
2009-05-27,0,2,-0.4108496234684316,5,2009,-0.29633824528346864,0.0,0.0,1.378252239592745,-0.3166174014436045,0.6869311922437294,-1.2485096406738496,0,-0.39910472819356974,-0.373204161746033,-0.4859635938821674,-0.454101726794958,-0.5545600334164225,-0.3760241063622988,-0.32079569906955524,-1.0228112592720666,-0.4045885308288507,-1.12023737520581,-0.2635983812096589,-1.039702098551584,-0.149591314529668,-1.2199824575416316
2009-05-28,0,3,-0.4108496234684316,5,2009,-0.2869957002854224,0.0,0.0,0.612836270074063,-1.2757594567707242,0.6869311922437294,-1.2485096406738496,0,-0.04757766058055403,-0.3995599013974305,-0.3728616565354231,0.002729336855378865,0.0599817096787744,0.2226827791146914,-0.43754863008557215,-0.6811427737957177,-0.527443397358223,-1.165449190357637,-0.334015958069481,-0.9918580174566141,-0.19268892507658825,-1.1870735855639505
2009-05-29,0,4,-0.4108496234684316,5,2009,-0.27765315528737605,0.0,0.0,-0.6147956290152912,-1.2757594567707244,0.6869311922437294,-1.2485096406738496,0,-0.6707361725074003,-0.04879591305731961,-0.39921742694534024,-0.8501919943649094,-0.25489879974416596,0.1522977014964169,-0.5016957812984234,-0.6207956629161321,-0.4752334812409491,-1.3725831852879251,-0.3635807657154263,-0.9569594196043169,-0.22720907593094983,-1.1724040031635312
2009-05-30,0,5,-0.4108496234684316,5,2009,-0.26831061028932973,0.0,0.0,-1.3802115985339736,-0.31661740144360484,0.6869311922437294,-1.2485096406738496,1,-0.562858278061271,-0.670601700292396,-0.04845302924540211,-0.07321711428329257,0.7423676777553492,0.43933637150724164,-0.4248153556177993,-0.29220121155892986,-0.43530613120287026,-1.171595746511408,-0.4209817841593362,-1.3221415041244835,-0.24158362046380802,-1.2207644315564081
2009-05-31,0,6,-0.4108496234684316,5,2009,-0.25896806529128347,0.0,0.0,-1.1070378017940468,0.8794131786169637,0.6869311922437294,-1.2485096406738496,1,0.14868113474409314,-0.5629579823659169,-0.6702595421601893,-0.48713140980049746,-0.04776326377687231,-0.10401901117102202,-0.5740349224060264,0.17166050860380203,-0.538115298088976,-0.784048484188969,-0.5177083808947941,-1.1401854807649172,-0.28707584276393006,-1.0920982156662873
2009-06-01,0,0,-0.4108496234684316,6,2009,-0.24962552029323715,0.0,0.0,-0.000979679470614218,1.4116968620477444,-0.02175668910641042,-1.4376647452035414,0,-1.0516608637725267,0.14703685243168949,-0.5626156986078898,-0.37409475207457843,-0.6167528453642758,-0.30466694307990083,-0.4398360125835672,0.20455679554262549,-0.5104121026552665,-0.7574184171864435,-0.4792477602937695,-1.1574688053226394,-0.2830373597477129,-1.0939556156084604
2009-06-02,0,1,-0.4108496234684316,6,2009,-0.24028297529519083,0.0,0.0,1.105078442852818,0.879413178616964,-0.02175668910641042,-1.4376647452035414,0,-0.2202780160183842,-1.0506994972349433,0.14737996479063495,-0.400435310590347,0.07763811469302187,0.058123527486565706,-0.8204869943959878,-0.3382886016115369,-0.5874674017303708,-0.6464134046958743,-0.5660576698487101,-1.16748327039764,-0.32544675059521344,-1.0444444194779312
2009-06-03,0,2,-0.4108496234684316,6,2009,-0.23094043029714453,0.0,0.0,1.378252239592745,-0.3166174014436045,-0.02175668910641042,-1.4376647452035414,0,-0.8230369907511189,-0.2211213782696182,-1.0503577826966448,-0.049873365363089735,-0.4510007868637659,0.15770155270567865,-0.5528525283950124,-0.6762796212787369,-0.6457900165484961,-0.7758005889308891,-0.5579130911073111,-1.1671635140252723,-0.3509218451621904,-1.0670457718098814
2009-06-04,0,3,-0.4108496234684316,6,2009,-0.2215978852990982,0.0,0.0,0.612836270074063,-1.2757594567707242,-0.02175668910641042,-1.4376647452035414,0,-0.36844901342575415,-0.8225719107156774,-0.220778695570486,-0.671320987048054,0.005727462842538363,0.26502251026337104,-0.8257849365283486,-0.7369631639936369,-0.690554333821242,-0.6778560780149071,-0.6468300164998356,-1.158668384689021,-0.4078627371874331,-1.0436161318732842
2009-06-05,0,4,-0.4108496234684316,6,2009,-0.21225534030105192,0.0,0.0,-0.6147956290152912,-1.2757594567707244,-0.02175668910641042,-1.4376647452035414,0,-0.9170143458590156,-0.3689707326873459,-0.8222299299406145,-0.5637392728408047,-0.8470019107527329,-0.3789369880572387,-0.7322259033359891,-0.7868015606720128,-0.6944337257079377,-0.676943256573989,-0.6211921299541927,-1.2156988512009765,-0.41764527693869063,-1.030646377004231
2009-06-06,0,5,-0.4108496234684316,6,2009,-0.2029127953030056,0.0,0.0,-1.3802115985339736,-0.31661740144360484,-0.02175668910641042,-1.4376647452035414,1,-0.5842013835921597,-0.9163452639744641,-0.36862822253610406,0.1458465987470624,-0.07020189586350721,-0.9481032702965609,-0.6526282065263077,-0.49290527060491596,-0.7514955226279212,-0.9521367568541745,-0.630281437636535,-1.2445914276595136,-0.3797725714296513,-1.1045635663379672
2009-06-07,0,6,-0.4108496234684316,6,2009,-0.1935702503049593,0.0,0.0,-1.1070378017940468,0.8794131786169637,-0.02175668910641042,-1.4376647452035414,1,-0.16525362333542834,-0.5842547572356687,-0.9160033926377842,-1.0511998443484603,-0.48402303624175647,0.4771295769976576,-0.5376350065421212,-0.8523595262752596,-0.6736647180146788,-1.1788043886135726,-0.6435317060381857,-1.2342280178978255,-0.4329450309747176,-1.1849234506343276
2009-06-08,0,0,-0.4108496234684316,6,2009,-0.184227705306913,0.0,0.0,-0.000979679470614218,1.4116968620477444,-0.02175668910641042,-1.4376647452035414,0,-0.6234620313443147,-0.16621643008305817,-0.5839124983320862,-0.22209956960626717,-0.37101181843340386,-0.5283782824297004,-0.572176089322175,-0.7768960602101413,-0.7558397207185636,-1.2944470475604235,-0.672427358153734,-1.2245517518914661,-0.43970251372136554,-1.1702154329082513
2009-06-09,0,1,-0.4108496234684316,6,2009,-0.1748851603088667,0.0,0.0,1.105078442852818,0.879413178616964,-0.02175668910641042,-1.4376647452035414,0,-0.6723771609191926,-0.6234301797255304,-0.16587368330699429,-0.8232036613062911,-0.39734644876931663,0.66292620014902,-0.6676622556612676,-1.1859147651316426,-0.6805846135857553,-1.3470285317663482,-0.6733823057259314,-1.2253708368558247,-0.49161751977044,-1.3493998069229178
2009-06-10,0,2,-0.4108496234684316,6,2009,-0.16554261531082037,0.0,0.0,1.378252239592745,-0.3166174014436045,-0.02175668910641042,-1.4376647452035414,0,-0.4090087770039165,-0.6722391265197665,-0.6230879665417046,-0.36986376150790734,-0.04686340066417837,-0.09663723565904675,-0.4027624706093046,-0.5211184262706285,-0.604022705053346,-1.0359615089102567,-0.6637069100962754,-1.1818622297250296,-0.4845945691635156,-1.331700709972203
2009-06-11,0,3,-0.4108496234684316,6,2009,-0.15620007031277408,0.0,0.0,0.612836270074063,-1.2757594567707242,-0.02175668910641042,-1.4376647452035414,0,0.05276878080061388,-0.40944245094054776,-0.6718969702985215,-0.9169230002967238,-0.6681711599665704,0.08694519236847782,-0.32115460920390365,-0.7649014701624391,-0.5216904884863619,-1.26747668205816,-0.643778271721308,-1.1969122158137901,-0.5112154963382556,-1.365364646980582
2009-06-12,0,4,-0.4108496234684316,6,2009,-0.1468575253147278,0.0,0.0,-0.6147956290152912,-1.2757594567707244,-0.02175668910641042,-1.4376647452035414,0,-0.4640502633161615,0.05133270074645098,-0.4090999880219071,-0.5850237805827114,-0.5606136579927342,-0.5536153814251433,-0.47591317716995163,-0.3325556606036711,-0.5616551224445419,-1.1398420780705065,-0.6670362060849484,-1.1558054379792357,-0.5230540208372217,-1.3347909996682883
2009-06-13,0,5,-0.4108496234684316,6,2009,-0.13751498031668147,0.0,0.0,-1.3802115985339736,-0.31661740144360484,-0.02175668910641042,-1.4376647452035414,1,-0.8040733184173346,-0.4643644556503092,0.05167570141367123,-0.1672262471481497,0.14881251490585196,0.054927120806253,-0.811471386095925,-1.021437793398721,-0.6777261797112121,-1.1422414917830703,-0.7588779674485124,-1.326302962811579,-0.5643892652192531,-1.3361042084292365
2009-06-14,0,6,-0.4108496234684316,6,2009,-0.12817243531863518,0.0,0.0,-1.1070378017940468,0.8794131786169637,-0.02175668910641042,-1.4376647452035414,1,-0.8038374263331395,-0.8036494038756183,-0.464022056828506,-0.6241766376879546,-1.0479645221098357,-0.25687948185515463,-0.9445761556953958,-1.5958085337651238,-0.710511794853601,-1.0819133446437394,-0.7349828519812965,-1.4190953149397125,-0.5906051165899344,-1.309204156617705
2009-06-15,0,0,-0.4108496234684316,6,2009,-0.11882989032058885,0.0,0.0,-0.000979679470614218,1.4116968620477444,-0.02175668910641042,-1.4376647452035414,0,-0.8038374263331395,-0.8034140238554338,-0.8033074010170053,-0.6729574701036535,-0.21905084384942222,0.7306515433807269,-0.9524735178679283,-1.5617181850428234,-0.738113702304365,-1.0303962642049622,-0.793216194422375,-1.4461059757916472,-0.6656824389485533,-1.5590338591264679
2009-06-16,0,1,-0.4108496234684316,6,2009,-0.10948734532254255,0.0,0.0,1.105078442852818,0.879413178616964,-0.02175668910641042,-1.4376647452035414,0,-0.8242335448013881,-0.8034140238554338,-0.80307202072212,-0.4103121676988387,-0.8200196516614635,-0.05176603142669105,-0.6799951042701992,-0.4023882432365998,-0.6834486400483227,-0.8741600418171965,-0.7242974600239889,-1.3759745852003227,-0.6685443199625982,-1.5691245137551253
2009-06-17,0,2,-0.4108496234684316,6,2009,-0.10014480032449624,0.0,0.0,1.378252239592745,-0.3166174014436045,-0.02175668910641042,-1.4376647452035414,0,-0.10826004455832998,-0.8237658673398057,-0.80307202072212,0.050197573486891085,-0.3667817800892543,-0.615201058604587,-0.7562327058296023,-0.21445646948599,-0.8745225165884363,-1.13837673151199,-0.7850426079535516,-1.2993623023184342,-0.686702354338856,-1.5133667584479242
2009-06-18,0,3,-0.4108496234684316,6,2009,-0.09080225532644993,0.0,0.0,0.612836270074063,-1.2757594567707242,-0.02175668910641042,-1.4376647452035414,0,-0.9984552332459824,-0.10934657042366185,-0.8234238879581522,-0.4652025368554516,-0.913717898270838,0.07241116157078199,-0.7055018297133162,-0.27084740469054175,-0.9164513917373645,-1.1979268528046767,-0.7636098529848883,-1.3490658028284204,-0.7236619617021016,-1.57358587947504
2009-06-19,0,4,-0.4108496234684316,6,2009,-0.08145971032840364,0.0,0.0,-0.6147956290152912,-1.2757594567707244,-0.02175668910641042,-1.4376647452035414,0,-0.6947287905781615,-0.9976093631170606,-0.1090037572775124,-0.8042920539950092,-0.5818933754645348,-0.4510670944545226,-0.9880270486388946,-1.1504835812547776,-0.92107024803943,-1.1927421225041885,-0.787260050935313,-1.317449499703699,-0.7416895534861024,-1.5514918904277115
2009-06-20,0,5,-0.4108496234684316,6,2009,-0.07211716533035734,0.0,0.0,-1.3802115985339736,-0.31661740144360484,-0.02175668910641042,-1.4376647452035414,1,-0.8294847077191192,-0.6945422362584224,-0.9972675866198132,-0.8040568095557669,-0.16418987112658548,0.0012025113759567684,-0.9082873948357764,-1.3912258095342924,-0.919445290521616,-1.1942078866855803,-0.8479702577386571,-1.3944704828049046,-0.7799917211809396,-1.598465787946788
2009-06-21,0,6,-0.4108496234684316,6,2009,-0.06277462033231103,0.0,0.0,-1.1070378017940468,0.8794131786169637,-0.02175668910641042,-1.4376647452035414,1,-0.7948974582147172,-0.8290056312673868,-0.6942001060660671,-0.8040568095557669,-0.6210374208667669,-0.8432024010068508,-1.1162396588325203,-0.8953376864248623,-0.9961035158476247,-0.9795244536397506,-0.9060269167490496,-1.2363890659927494,-0.7979675941956141,-1.5177017684164857
2009-06-22,0,0,-0.4108496234684316,6,2009,-0.05343207533426472,0.0,0.0,-0.000979679470614218,1.4116968620477444,-0.02175668910641042,-1.4376647452035414,0,-1.225585123067484,-0.7944934622208932,-0.8286636580008105,-0.824396930201003,-0.6698072747169239,-0.07398561450639611,-1.1113970504526882,-0.8859721599039507,-0.9948110066173942,-0.9800156287354987,-0.9199832596069123,-1.2274107954292488,-0.833687915098928,-1.5568690569492873
2009-06-23,0,1,-0.4108496234684316,6,2009,-0.044089530336218416,0.0,0.0,1.105078442852818,0.879413178616964,-0.02175668910641042,-1.4376647452035414,0,-0.8171225950169471,-1.2242462095084876,-0.7941514486768197,-0.11038914502332103,-0.40722108300218807,-0.4837669761006073,-1.1568540903411573,-0.9695833655450281,-1.1407085785676263,-1.602404145085123,-0.9683793564846281,-1.244600083688391,-0.8540294308093033,-1.535931986729166
2009-06-24,0,2,-0.4108496234684316,6,2009,-0.03474698533817211,0.0,0.0,1.378252239592745,-0.3166174014436045,-0.02175668910641042,-1.4376647452035414,0,-0.9109392700095207,-0.8166703536878593,-1.2239046975082335,-0.9981402906103075,0.05318501632000811,-0.3718589893153078,-0.7016997928797,-0.23587602627368898,-0.9708001620711966,-0.954436481497003,-0.9796069951648431,-1.3217875911142818,-0.8392357351111138,-1.4875453319175354
2009-06-25,0,3,-0.4108496234684316,6,2009,-0.025404440340125803,0.0,0.0,0.612836270074063,-1.2757594567707242,-0.02175668910641042,-1.4376647452035414,0,-0.06367644064541413,-0.9102833756285477,-0.8163283660253723,-0.6952477330568135,-0.46209909858700726,-0.397936537374517,-0.9178065486974639,0.3431900304471582,-1.0933207161169793,-0.7171215380492073,-1.0668424612664544,-1.190663105097139,-0.8856584042581341,-1.3758513387882425
2009-06-26,0,4,-0.4108496234684316,6,2009,-0.0160618953420795,0.0,0.0,-0.6147956290152912,-1.2757594567707244,-0.02175668910641042,-1.4376647452035414,0,-1.3687955492550405,-0.06485974660875768,-0.9099414972173285,-0.8296336759789174,-0.8011123005776811,-0.05087495290124143,-0.7583674175988061,0.3484655441836973,-1.034146163724505,-0.6385917056319265,-1.037902308659967,-1.158741168331215,-0.9075054926236731,-1.4385015291353405
2009-06-27,0,5,-0.4108496234684316,6,2009,-0.006719350344033193,0.0,0.0,-1.3802115985339736,-0.31661740144360484,-0.02175668910641042,-1.4376647452035414,1,-0.5039262817227326,-1.3671457608930606,-0.06451688154416985,-0.7951413862424364,-0.8008771090823178,-0.666117420560742,-0.6417363553224381,0.7534977039803336,-0.8471200781102177,-0.07890581691631267,-0.9378286157394614,-0.810832466294059,-0.8641897139770317,-1.2996743921721858
2009-06-28,0,6,-0.4108496234684316,6,2009,0.0026231946540131125,0.0,0.0,-1.1070378017940468,0.8794131786169637,-0.02175668910641042,-1.4376647452035414,1,0.23405697559349745,-0.5041539129754289,-1.3668044156640191,-1.2246465922039378,-0.8008771090823178,-0.5596099096872659,-0.44886769148666694,0.059131872116195736,-0.7836591177032604,-0.23256247660889837,-0.9448293670471278,-0.8037649048202822,-0.8792022324429084,-1.286305074921571
2009-06-29,0,0,-0.4108496234684316,6,2009,0.011965739652059418,0.0,0.0,-0.000979679470614218,1.4116968620477444,-0.02175668910641042,-1.4376647452035414,0,-0.8764443261032864,0.2322273632153285,-0.503811560589993,-0.8173055036267305,-0.8212126520002669,0.1428907475175173,-0.6277790365905208,0.35670696291225573,-0.8097466765991826,-0.19094757652979208,-0.957982393635248,-0.7864715122432943,-0.9323098798593249,-1.3797592179496447
2009-06-30,0,1,-0.4108496234684316,6,2009,0.021308284650105723,0.0,0.0,1.105078442852818,0.879413178616964,-0.02175668910641042,-1.4376647452035414,0,-0.9606475439834335,-0.8758633118073481,0.23257057499603312,-0.9108646036513007,-0.10736556070333275,-1.0422031877626217,-0.9737027844711161,-1.1240444638902678,-0.7621375962225944,-0.23798972335875732,-1.010121476250725,-0.9174480617659708,-0.9130335089298837,-1.4131343934523943
2009-07-01,0,2,0.47435882098931514,7,2009,0.03065082964815203,0.0,0.0,1.378252239592745,-0.3166174014436045,-0.7304445704565504,-1.2485096406738498,0,-0.6490101696804257,-0.9598837450993482,-0.8755213932261234,-0.06592794600646716,-0.9949169099019827,-0.22138147862726196,-0.8672698590344655,-1.0281013724586838,-0.8604838778723963,-0.42993221818372296,-0.9721599204147339,-0.9370285891746509,-0.9314393351313305,-1.448300898721808
2009-07-02,0,3,0.47435882098931514,7,2009,0.039993374646198336,0.0,0.0,0.612836270074063,-1.2757594567707242,-0.7304445704565504,-1.2485096406738498,0,-0.604744507272294,-0.6489228593029235,-0.9595419245743413,-1.3674638322020891,-0.6920925210457121,-0.8164835464331048,-0.7116233902509885,-1.4706925066079681,-0.7140773804127618,-0.8172252207231321,-0.9594891472950721,-0.9288686159028505,-0.9190055537841384,-1.453747829238088
2009-07-03,0,4,0.47435882098931514,7,2009,0.04933591964424464,0.0,0.0,-0.6147956290152912,-1.2757594567707244,-0.7304445704565504,-1.2485096406738498,0,-0.5633163873262311,-0.6047532868195716,-0.6485806758703814,-0.5049690751065388,-0.826448219201394,-0.36767024518619695,-0.9314545083210525,-0.5356523868024125,-0.8424502671173467,-0.5664904107492064,-0.9961967781864187,-0.8488073489440906,-0.9593028221058314,-1.4070351937140095
2009-07-04,0,5,0.47435882098931514,7,2009,0.05867846464229094,0.0,0.0,-1.3802115985339736,-0.31661740144360484,-0.7304445704565504,-1.2485096406738498,1,-1.2101906005293466,-0.563415097187726,-0.6044110518388399,0.23098803905437978,-0.7919636922652755,-0.9092670978956627,-0.9179110076171665,-0.5081113026181059,-0.9886293326643556,-1.3341166708644798,-0.9745286650656857,-0.8416269372918115,-0.9426981511462678,-1.4186177483990583
2009-07-05,0,6,0.47435882098931514,7,2009,0.06802100964033725,0.0,0.0,-1.1070378017940468,0.8794131786169637,-0.7304445704565504,-1.2485096406738498,1,-0.5701709326713267,-1.2088851047129578,-0.5630728139631758,-0.8764643660867018,-1.2213722342130502,-0.5806818916357089,-0.8053109882675911,-0.1970966231971707,-0.8794676071914004,-1.1250519173808047,-0.8829575326136774,-0.883990185432012,-0.9279373525133778,-1.3918932083054882
2009-07-06,0,0,0.47435882098931514,7,2009,0.07736355463838356,0.0,0.0,-0.000979679470614218,1.4116968620477444,-0.7304445704565504,-1.2485096406738498,0,-0.2758733359195956,-0.5702547629916427,-1.2085435747854951,-0.9604364028772081,-0.8141228214153938,-0.16705606625176472,-0.7449712307560331,-0.44210619877938656,-0.8968276217899277,-1.0670090958038674,-0.9060051609534795,-0.8381167471278015,-0.9705881521733969,-1.4087129151626905
2009-07-07,0,1,0.47435882098931514,7,2009,0.08670609963642986,0.0,0.0,1.105078442852818,0.879413178616964,-0.7304445704565504,-1.2485096406738498,0,-1.0561564882756695,-0.2765960143311037,-0.5699124877493384,-0.6496546332598397,-0.9076608651221278,-0.6194438074928125,-0.8309703844394994,-0.43455707889494577,-0.9224012839871003,-1.0656424957731092,-0.8943160357005772,-0.853591119208346,-0.9785469506379395,-1.4067030927465642
2009-07-08,0,2,0.47435882098931514,7,2009,0.09604864463447617,0.0,0.0,1.378252239592745,-0.3166174014436045,-0.7304445704565504,-1.2485096406738498,0,-0.7897078323624274,-1.0551853628370136,-0.2762533963737585,-0.6055105028350076,-0.06291436807963179,-0.6677375633342877,-0.9490464617716902,-0.8934655665167812,-0.917412074078679,-1.0588013898910693,-0.9438391487154492,-0.9868797968961943,-0.9739950442692662,-1.4047257958541377
2009-07-09,0,3,0.47435882098931514,7,2009,0.10539118963252248,0.0,0.0,0.612836270074063,-1.2757594567707242,-0.7304445704565504,-1.2485096406738498,0,-0.5772955573591934,-0.7893151017768375,-1.054843653533954,-0.5641961243604944,-1.36415733190546,-0.40771477407236256,-1.0213695322762664,-0.6038513750434261,-1.0405502984008306,-0.8988156574189042,-0.931496031062395,-1.0469557503485227,-1.0138150596436328,-1.360751206970699
2009-07-10,0,4,0.47435882098931514,7,2009,0.11473373463056878,0.0,0.0,-0.6147956290152912,-1.2757594567707244,-0.7304445704565504,-1.2485096406738498,0,-1.2407813595058625,-0.5773639218621444,-0.7889730821893479,-1.2092943355385837,-0.501856687020616,0.04819677770114282,-0.9653460708952959,-0.5281007230773869,-0.9381270200877894,-1.0495590226489895,-0.9452615162591261,-1.0602761265715837,-1.0473008351114703,-1.4776572267142205
2009-07-11,0,5,0.47435882098931514,7,2009,0.12407627962861509,0.0,0.0,-1.3802115985339736,-0.31661740144360484,-0.7304445704565504,-1.2485096406738498,1,-0.6466922735487726,-1.239409458634876,-0.5770216549165984,-0.5710318504573265,0.23393479336544237,-0.4620570629350838,-1.1263413720540663,-0.7229548484234476,-1.0141240772306426,-1.0396364491811236,-1.0631192535246685,-1.4686829572076647,-1.0723976952610006,-1.4796893944807887
2009-07-12,0,6,0.47435882098931514,7,2009,0.13341882462666138,0.0,0.0,-1.1070378017940468,0.8794131786169637,-0.7304445704565504,-1.2485096406738498,1,-0.988281105092864,-0.6466099947567662,-1.2390679643309228,-0.27754225179413144,-0.8732683696407213,-0.7977607715063086,-1.349169657589306,0.15443846541917466,-1.2929015404272188,-0.6977794284934599,-1.1530952906015102,-1.0278924980909179,-1.1205365764812958,-1.2665032180260474
2009-07-13,0,0,0.47435882098931514,7,2009,0.1427613696247077,0.0,0.0,-0.000979679470614218,1.4116968620477444,-0.7304445704565504,-1.2485096406738498,0,-1.8096128988247748,-0.9874573205073578,-0.6462678086249908,-1.0556831260528667,-0.9572215077682911,-0.7975278759826113,-1.8159242520048868,-0.1825571716123205,-1.4350508356097842,-0.3187163353704732,-1.2377101722367898,-0.7111075210818257,-1.1700559887752178,-1.0783276313283634
2009-07-14,0,1,0.47435882098931514,7,2009,0.152103914622754,0.0,0.0,1.105078442852818,0.879413178616964,-0.7304445704565504,-1.2485096406738498,0,-1.838213959351991,-1.8070062038300352,-0.9871155321621483,-0.789966008579106,-0.646509682386353,-0.7975278759826113,-1.8711923950434286,-0.42100580729460907,-1.4967886575093252,-0.39605453630084025,-1.2840262832047515,-0.7246063931573848,-1.1856403597095297,-1.0624444872389294
2009-07-15,0,2,0.47435882098931514,7,2009,0.16144645962080031,0.0,0.0,1.378252239592745,-0.3166174014436045,-0.7304445704565504,-1.2485096406738498,0,-1.1293685025226652,-1.835545178451265,-1.8066653719410197,-0.5781369143903895,-0.6023754869955323,-0.8176649005388192,-1.73419318264292,-0.5573706279828172,-1.6572108019342688,-0.6487777709040584,-1.3664787706137267,-0.6962553741697736,-1.216071290780298,-0.9995138102019152
2009-07-16,0,3,0.47435882098931514,7,2009,0.1707890046188466,0.0,0.0,0.612836270074063,-1.2757594567707242,-0.7304445704565504,-1.2485096406738498,0,-1.4598840810130174,-1.1282384517102713,-1.8352043798687183,-1.2398011071667396,-0.5610704066938761,-0.11078648254802088,-1.6653520761282654,-0.8080534659270505,-1.733859706280252,-0.5794453367452317,-1.472459821297895,-0.6530517063538028,-1.290477414806616,-0.9920665222620677
2009-07-17,0,4,0.47435882098931514,7,2009,0.18013154961689293,0.0,0.0,-0.6147956290152912,-1.2757594567707244,-0.7304445704565504,-1.2485096406738498,0,-1.6624777753523383,-1.4580365617307534,-1.1278968276639678,-0.6473431009438088,-1.2060234327112853,-0.9896734336278127,-1.7856284868587,-1.2321515786591921,-1.8774009344799858,-1.0452974529565466,-1.4942716545226935,-0.6215939213546596,-1.3114438110906852,-0.9492214591699941
2009-07-18,0,5,0.47435882098931514,7,2009,0.18947409461493922,0.0,0.0,-1.3802115985339736,-0.31661740144360484,-0.7304445704565504,-1.2485096406738498,1,-1.4364076905467857,-1.6601904747183245,-1.4576953225760063,-0.9879940956655843,-0.5679045943490034,-0.6898052580289717,-1.6193406004352429,-0.6660455687846766,-1.8859631867315922,-1.0871367426958394,-1.539127819754632,-0.7147388795028824,-1.3277524084625565,-0.9546155228378119
2009-07-19,0,6,0.47435882098931514,7,2009,0.19881663961298554,0.0,0.0,-1.1070378017940468,0.8794131786169637,-0.7304445704565504,-1.2485096406738498,1,-1.0353877286889113,-1.4346111327654072,-1.6598494714877134,-1.8070709116922263,-0.27448104816247226,-0.8228493574141611,-1.2148368260749203,-0.4150867282720132,-1.6715290700510737,-0.73482804749932,-1.573260025937117,-0.8810802023959675,-1.3181960564936053,-0.942986071188321
2009-07-20,0,0,0.47435882098931514,7,2009,0.20815918461103183,0.0,0.0,-0.000979679470614218,1.4116968620477444,-0.7304445704565504,-1.2485096406738498,0,-0.6298687236020218,-1.0344616871468448,-1.4342698662719655,-1.8355934476154663,-1.0524467948113285,-0.7887014731642205,-1.261255423711376,-0.23813935458061714,-1.6200337624024366,-0.9154412084071853,-1.621349234243996,-0.8381873292911795,-1.3545803743815916,-0.8861128938386518
2009-07-21,0,1,0.47435882098931514,7,2009,0.21750172960907813,0.0,0.0,1.105078442852818,0.879413178616964,-0.7304445704565504,-1.2485096406738498,0,-1.5549041475075638,-0.6298229646215572,-1.034119953658177,-1.1286941357105544,-0.7867894793672857,-1.2139180699739105,-1.3634698158525367,-0.1983605025529835,-1.6503791449740965,-0.9357908561886702,-1.6701965990631467,-0.9003143502046634,-1.3579666444365273,-0.8793740791208137
2009-07-22,0,2,0.47435882098931514,7,2009,0.22684427460712445,0.0,0.0,1.378252239592745,-0.3166174014436045,-0.7304445704565504,-1.2485096406738498,0,-1.2963185610674979,-1.5528503629048387,-0.6294807588984441,-1.4583022791467328,-0.5750080592234567,-0.810644281853447,-1.6742431372548432,-1.217506757689539,-1.6437121586610481,-0.9451066947838894,-1.7517590766533662,-1.0695886252062934,-1.3869820196974767,-0.849412223168242
2009-07-23,0,3,0.47435882098931514,7,2009,0.23618681960517074,0.0,0.0,0.612836270074063,-1.2757594567707242,-0.7304445704565504,-1.2485096406738498,0,-1.423204571283569,-1.2948261025174839,-1.5525092344027311,-1.660339749719423,-1.2365233385158134,-0.9032691943360935,-1.4281526538330724,-0.8406886789114265,-1.5099728730563373,-1.0181740201375915,-1.7214743499540297,-1.0200935890101652,-1.387736033527496,-0.8496193082135675
2009-07-24,0,4,0.47435882098931514,7,2009,0.24552936460321706,0.0,0.0,-0.6147956290152912,-1.2757594567707244,-0.7304445704565504,-1.2485096406738498,0,-0.9266893400368872,-1.4214366742443516,-1.2944846728876378,-1.4348903434325337,-0.644198670301482,-0.0667692285692192,-1.5969100562555372,-0.4127822689215355,-1.5628135088220176,-0.8329002379092978,-1.825649010339394,-1.1284229756422097,-1.4673711542664831,-0.8971555759161437
2009-07-25,0,5,0.47435882098931514,7,2009,0.2548719096012634,0.0,0.0,-1.3802115985339736,-0.31661740144360484,-0.7304445704565504,-1.2485096406738498,1,-1.7271190438735764,-0.9259992561066818,-1.421095392375631,-1.0349713873804232,-0.9847729984497847,-1.3553092799403152,-1.7327361146348268,-0.20508710620519402,-1.6963278481087758,-0.6965743835757154,-1.9010163603245531,-1.1284705055916677,-1.4865753480526562,-0.8326063507832713
2009-07-26,0,6,0.47435882098931514,7,2009,0.26421445459930964,0.0,0.0,-1.1070378017940468,0.8794131786169637,-0.7304445704565504,-1.2485096406738498,1,-1.7699385852438079,-1.724691422858211,-0.925657396036713,-0.6305657402841927,-1.8036654738642794,-0.5014265323322611,-2.0588247207251213,-1.5309932647978255,-1.9015845278559917,-1.109409511492926,-1.8961480066159677,-1.1443928177319702,-1.5466661749970532,-0.8042380675848847
2009-07-27,0,0,0.47435882098931514,7,2009,0.27355699959735597,0.0,0.0,-0.000979679470614218,1.4116968620477444,-0.7304445704565504,-1.2485096406738498,0,-1.7591217366294027,-1.7674180134786843,-1.7243504949035628,-1.5530614667454012,-1.832181590534002,0.22718205060872582,-1.9738996190108558,-1.1660604629796811,-1.89348148922032,-1.1131086629968463,-1.8645328800542265,-1.224117455920951,-1.6301761117607185,-1.0519473943750153
2009-07-28,0,1,0.47435882098931514,7,2009,0.2828995445954023,0.0,0.0,1.105078442852818,0.879413178616964,-0.7304445704565504,-1.2485096406738498,0,-1.5103239623205156,-1.7566246455965935,-1.7670771353881907,-1.2951858305797264,-1.1254413726839254,-0.8692124431171693,-1.728714446226463,-0.6899986966317715,-1.8658019069360097,-1.038132077554077,-1.865947006766247,-1.2272916731095205,-1.6429866545224332,-1.0629909161898323
2009-07-29,0,2,0.47435882098931514,7,2009,0.2922420895934486,0.0,0.0,1.378252239592745,-0.3166174014436045,-0.7304445704565504,-1.2485096406738498,0,-1.1440348364530697,-1.5083669503945845,-1.756283754909678,-1.4217234735143514,-1.4549753348397392,-0.9523460191847845,-1.4883357229650842,-0.978048095326498,-1.8153232075088421,-0.9573948471819766,-1.8356329427062166,-1.2086496103326692,-1.651835637753954,-1.0685203552556255
2009-07-30,0,3,0.47435882098931514,7,2009,0.30158463459149487,0.0,0.0,0.612836270074063,-1.2757594567707242,-0.7304445704565504,-1.2485096406738498,0,-1.1454877949426727,-1.1428729486174052,-1.5080257699780197,-0.9265714316453755,-1.6569673350605973,-0.6446674052984707,-1.4188571491968913,-1.2779610920464932,-1.8891683610630954,-1.213228918633259,-1.8038609107097618,-1.2529201087979738,-1.6845788560811803,-1.1065202210568785
2009-07-31,0,4,0.47435882098931514,7,2009,0.3109271795895412,0.0,0.0,-0.6147956290152912,-1.2757594567707244,-0.7304445704565504,-1.2485096406738498,0,-1.3329604648125044,-1.1443227530895514,-1.142531341650321,-1.7248035447513013,-1.431568668192466,-0.6009640539820428,-1.3699891238152144,-1.1339426853590937,-1.7605102523697242,-1.1240443075308528,-1.7636420262667982,-1.2184677505284929,-1.7044244608071935,-1.1577752033873996
2009-08-01,0,5,0.47435882098931514,8,2009,0.3202697245875875,0.0,0.0,-1.3802115985339736,-0.31661740144360484,-1.2492401063131973,-0.7317282845877303,1,-1.0192855298981855,-1.3313884656528372,-1.1439811478144646,-1.767505524483378,-1.031739717502155,-0.5600621995448822,-1.500585540125023,-0.908394392023446,-1.7076049911425346,-1.2891503604735095,-1.8064027128254707,-1.2437728715369964,-1.7482554631431981,-1.2147142373414854
2009-08-02,0,6,0.47435882098931514,8,2009,0.3296122695856338,0.0,0.0,-1.1070378017940468,0.8794131786169637,-1.2492401063131973,-0.7317282845877303,1,-1.4788716844278058,-1.0183944422907587,-1.3310470786931714,-1.75671837367521,-0.6274250855379403,-1.1987191055795745,-1.7032103992171836,-0.3770867736781311,-1.7241627800601844,-1.1958819090564523,-1.924068603530083,-1.408312860617165,-1.7788958879631358,-1.1469551523451682
2009-08-03,0,0,0.47435882098931514,8,2009,0.3389548145836801,0.0,0.0,-0.000979679470614218,1.4116968620477444,-1.2492401063131973,-0.7317282845877303,0,-1.850217105839092,-1.4769829477032939,-1.0180526900507803,-1.508603677068256,-1.5497131960300574,-0.566829670921885,-2.0216306492281317,-0.982983712245648,-1.7826575223094512,-1.0100103508907081,-1.9507998836197284,-1.3366238058547069,-1.839311102884762,-1.1712327989990707
2009-08-04,0,1,0.47435882098931514,8,2009,0.3482973595817264,0.0,0.0,1.105078442852818,0.879413178616964,-1.2492401063131973,-0.7317282845877303,0,-1.8321423022283563,-1.8475222690435635,-1.476641730659965,-1.143320203019986,-1.29189559709813,-0.2762705656760416,-2.1542626752551257,-1.548140231347578,-1.905060010608242,-0.9712065664566923,-2.0010475305537203,-1.2899644451743886,-1.9131121500433623,-1.3138446941048816
2009-08-05,0,2,0.47435882098931514,8,2009,0.35763990457977274,0.0,0.0,1.378252239592745,-0.3166174014436045,-1.2492401063131973,-0.7317282845877303,0,-1.8174520372169487,-1.8294867014099914,-1.8471814844389047,-1.1447691723921267,-1.4184047615969089,-1.0466417039026512,-2.1348922417357903,-1.5502322223430034,-2.024165978971279,-1.055136655216479,-2.0374522284734238,-1.2493299590944011,-1.9487594754684503,-1.2898900625518093
2009-08-06,0,3,0.47435882098931514,8,2009,0.366982449577819,0.0,0.0,0.612836270074063,-1.2757594567707242,-1.2492401063131973,-0.7317282845877303,0,-1.8007686550303827,-1.8148283253703772,-1.8291458957568865,-1.3317271334754122,-0.9233641581531434,-0.7835777716428856,-2.1132143374646697,-1.5363630425919519,-2.1048403038910273,-1.112687551163639,-2.1194201549810754,-1.4015863546587868,-1.9960153732693935,-1.3221570336006805
2009-08-07,0,4,0.47435882098931514,8,2009,0.3763249945758653,0.0,0.0,-0.6147956290152912,-1.2757594567707244,-1.2492401063131973,-0.7317282845877303,0,-1.7768033867664783,-1.7981811587254335,-1.8144875026101845,-1.018913397397339,-1.7214166219349927,-0.5738637907970306,-2.0928555618589626,-1.5434368177859425,-2.240471127042288,-1.7705835291327194,-2.123118969861164,-1.3947075921068735,-2.052898163512641,-1.431193246192621
2009-08-08,0,5,0.47435882098931514,8,2009,0.38566753957391164,0.0,0.0,-1.3802115985339736,-0.31661740144360484,-1.2492401063131973,-0.7317282845877303,1,-1.765480566725106,-1.7742679131965233,-1.7978403165371313,-1.4772377518359074,-1.7641089912020556,-1.2289212671164422,-2.0876192237048827,-1.564100136094065,-2.296550492667563,-2.125299590441136,-2.124802736584941,-1.3910524262947779,-2.079066878789759,-1.4141040808023921
2009-08-09,0,6,0.47435882098931514,8,2009,0.39501008457195796,0.0,0.0,-1.1070378017940468,0.8794131786169637,-1.2492401063131973,-0.7317282845877303,1,-1.7874014369259805,-1.7629696722276618,-1.7739270431002192,-1.847563639299249,-1.7533242681393015,-0.6423789536308409,-1.775874970036157,-0.25073845539475464,-2.1385567742386487,-1.1064102945350807,-2.0497752384972396,-1.2604257420659075,-2.095070891890376,-1.5013272034523912
2009-08-10,0,0,0.47435882098931514,8,2009,0.40435262957000423,0.0,0.0,-0.000979679470614218,1.4116968620477444,-1.2492401063131973,-0.7317282845877303,0,-0.9809889628379573,-1.7848429575816342,-1.7626287889457224,-1.8295384603097447,-1.5052654119787627,-0.9796285484318236,-1.4209409707231704,-0.11902781669679914,-1.9617502111245344,-0.6790607785514258,-1.9870143831448321,-1.0884262850903266,-2.088901464644326,-1.4727884894317431
2009-08-11,0,1,0.47435882098931514,8,2009,0.41369517456805055,0.0,0.0,1.105078442852818,0.879413178616964,-1.2492401063131973,-0.7317282845877303,0,-0.8594122338792086,-0.9801810077094758,-1.7845020998269572,-1.8148885276224211,-1.1400641482652207,-1.7905268830792125,-1.1367042325748502,-1.2978182858485214,-1.8244018420538723,-0.6284279154340143,-1.9790860438260645,-1.064468600562934,-2.0531012742491406,-1.4716036670985366
2009-08-12,0,2,0.47435882098931514,8,2009,0.42303771956609687,0.0,0.0,1.378252239592745,-0.3166174014436045,-1.2492401063131973,-0.7317282845877303,0,-1.0618076421187856,-0.8588681920890823,-0.9798392108724306,-1.7982509498904815,-1.1415127915337582,-1.8187646215031545,-1.2530808436365712,-0.9829989059708489,-1.729394956847942,-0.7360016415118555,-1.9918698811560354,-1.0917971247128633,-2.0262852560204876,-1.5044666783039669
2009-08-13,0,3,0.47435882098931514,8,2009,0.4323802645641432,0.0,0.0,0.612836270074063,-1.2757594567707242,-1.2492401063131973,-0.7317282845877303,0,-1.2780728211638706,-1.0608242494075268,-0.8585262536736685,-1.7743514785993089,-1.3284286760445934,-1.1189236986849547,-1.2891379199691615,-1.1095942462570567,-1.5793775117263518,-0.8172977375961044,-1.9550854457136633,-0.9968205163842644,-2.017768025780815,-1.4772783948923256
2009-08-14,0,4,0.47435882098931514,8,2009,0.44172280956218946,0.0,0.0,-0.6147956290152912,-1.2757594567707244,-1.2492401063131973,-0.7317282845877303,0,-0.951458008877389,-1.2766199696518974,-1.0604825466853414,-1.7630597455156665,-1.0156853415142975,-1.4452407050619498,-1.4245849799603183,-0.9077832531463721,-1.5143232851336672,-1.0441947029003151,-1.9925242031894528,-1.071449560288513,-2.0152637571432814,-1.4779758054608823
2009-08-15,0,5,0.47435882098931514,8,2009,0.4510653545602358,0.0,0.0,-1.3802115985339736,-0.31661740144360484,-1.2492401063131973,-0.7317282845877303,1,-1.40757415666124,-0.950714158226066,-1.2762785187745467,-1.7849204316667329,-1.4739065459302962,-1.645260831646068,-0.9628055763995685,0.3487781612899956,-1.2074797296810473,-0.6980371187642935,-1.8595013578788722,-0.4870699998505084,-1.9404263705942595,-1.1855592114915041
2009-08-16,0,6,0.47435882098931514,8,2009,0.4604078995582821,0.0,0.0,-1.1070378017940468,0.8794131786169637,-1.2492401063131973,-0.7317282845877303,1,-0.09925170192275361,-1.4058401894286408,-0.9503723269996741,-0.980721974087259,-1.8441490882183704,-1.4220625375078848,-0.8274094066513434,0.3359171401846473,-1.1392880612117133,-0.6298863257340573,-1.7395168267797732,-0.414420894677108,-1.900663147665957,-1.0969659861889174
2009-08-17,0,0,0.47435882098931514,8,2009,0.46975044455632836,0.0,0.0,-0.000979679470614218,1.4116968620477444,-1.2492401063131973,-0.7317282845877303,0,-0.6058214059175386,-0.10035778269631802,-1.405498889358011,-0.8594790357054413,-1.826127965957691,-1.0261367719249526,-0.8024785444834808,0.2370128027518853,-1.2273557874878451,-0.5179712522815973,-1.692443548199338,-0.5019826767633843,-1.9154342573193128,-1.1109985805520677
2009-08-18,0,1,0.47435882098931514,8,2009,0.4790929895543747,0.0,0.0,1.105078442852818,0.879413178616964,-1.2492401063131973,-0.7317282845877303,0,-1.3439311560905147,-0.6058278477812895,-0.10001495905978554,-1.061318764575594,-1.8114813303696216,-0.6257691149045317,-1.092729705815938,-0.4915719749433642,-1.1870754830061279,-0.5187890008007732,-1.5982168901547802,-0.565516553814115,-1.9255035416397468,-1.1536863332968605
2009-08-19,0,2,0.47435882098931514,8,2009,0.488435534552421,0.0,0.0,1.378252239592745,-0.3166174014436045,-1.2492401063131973,-0.7317282845877303,0,-0.8401989945577951,-1.3423353422437436,-0.6054856140546263,-1.2769901846052674,-1.79484749707435,-1.5390537222451883,-1.318367668447663,-0.8430769941561964,-1.1695812462952315,-0.5572485358331108,-1.538538435474658,-0.6910658847095366,-1.9076428901871154,-1.1583344869222258
2009-08-20,0,3,0.47435882098931514,8,2009,0.4977780795504673,0.0,0.0,0.612836270074063,-1.2757594567707242,-1.2492401063131973,-0.7317282845877303,0,-1.1818254320863315,-0.8396966600102749,-1.3419939680596524,-0.9512720977658429,-1.7709534045743744,-1.283752974108667,-1.3251883002171585,-0.8208224092957225,-1.2440832182419628,-0.4473828149990542,-1.4984797527990703,-0.8123100661690548,-1.910755836366181,-1.1582910130935054
2009-08-21,0,4,0.47435882098931514,8,2009,0.5071206245485136,0.0,0.0,-0.6147956290152912,-1.2757594567707244,-1.2492401063131973,-0.7317282845877303,0,-1.3613427268848157,-1.1805815101119184,-0.8393546992206855,-1.4061359724097584,-1.7596642127969293,-1.4090271387757276,-1.2708509129374612,-0.5969885844880434,-1.1157426442681335,-0.5636064558647973,-1.3958896395243534,-0.933807343970304,-1.876204588783427,-1.0965139284470922
2009-08-22,0,5,0.47435882098931514,8,2009,0.5164631695465599,0.0,0.0,-1.3802115985339736,-0.31661740144360484,-1.2492401063131973,-0.7317282845877303,1,-0.7014876115992349,-1.3597091167770852,-1.1802399471526879,-0.10140553491601115,-1.781519979003751,-0.9188191896647049,-0.8235551403578786,0.3388308059557549,-1.104968834155764,-0.5013920434454465,-1.227403199269086,-0.8630359306398608,-1.8337544448550336,-0.8724130615661019
2009-08-23,0,6,0.47435882098931514,8,2009,0.5258057145446062,0.0,0.0,-1.1070378017940468,0.8794131786169637,-1.2492401063131973,-0.7317282845877303,1,-0.03997783299843226,-0.7012863855324083,-1.3593677628690928,-0.6065844448402508,-0.9775025135278966,-1.7090809557340392,-0.628708453132443,-0.31792783779200856,-1.1518856764157779,-0.5523260517403588,-1.2161175451340178,-0.8645536544756828,-1.7924309844963928,-0.8815548431898635
2009-08-24,0,0,0.47435882098931514,8,2009,0.5351482595426525,0.0,0.0,-0.000979679470614218,1.4116968620477444,-1.2492401063131973,-0.7317282845877303,0,-0.8639420456409307,-0.04121258284180163,-0.700944263210826,-1.3426677045700421,-0.8562868619609936,-1.7513565562312718,-0.5681035306708829,-0.378969397133455,-1.0069922847136472,-0.6586722073586826,-1.1859732422060842,-0.8245065239158622,-1.7338737172627132,-0.8572964284038969
2009-08-25,0,1,0.47435882098931514,8,2009,0.5444908045406989,0.0,0.0,1.105078442852818,0.879413178616964,-1.2492401063131973,-0.7317282845877303,0,-0.5467765916256921,-0.8633881707375565,-0.04086969017974315,-0.840318546596118,-1.0580811649828648,-1.7406771151156426,-0.9733023586122731,-0.8183465750156409,-1.0495543651056554,-0.6098879494981998,-1.1871836555595896,-0.8228767450489829,-1.7010917098584923,-0.9029070354613894
2009-08-26,0,2,0.47435882098931514,8,2009,0.5538333495387451,0.0,0.0,1.378252239592745,-0.3166174014436045,-1.2492401063131973,-0.7317282845877303,0,-1.074361203469004,-0.5469112053376723,-0.863046237597193,-1.1810070440545923,-1.2737040462176252,-1.495039843563841,-0.9265382430106649,-0.8155798035902592,-0.9700762326225381,-0.7152674084613332,-1.1357427362019357,-0.8791295757225807,-1.664431940423746,-0.8932851769849868
2009-08-27,0,3,0.47435882098931514,8,2009,0.5631758945367914,0.0,0.0,0.612836270074063,-1.2757594567707242,-1.2492401063131973,-0.7317282845877303,0,-0.7445635574088185,-1.073350560046918,-0.5465689028522216,-1.3600314716579063,-0.9480592651663036,-1.1334037247235296,-1.263209341196497,-0.627255139011413,-0.9782339543410288,-0.6751068804532748,-1.179591212539085,-0.7787672965278584,-1.6769838893388296,-0.8843108669738169
2009-08-28,0,4,0.47435882098931514,8,2009,0.5725184395348377,0.0,0.0,-0.6147956290152912,-1.2757594567707244,-1.2492401063131973,-0.7317282845877303,0,-1.406223759947369,-0.7442688240009178,-1.0730088719435888,-0.701987997642068,-1.4028207685997842,-1.1348382261376015,-1.145872511603709,-0.5020481974304476,-0.9915641985751138,-0.6788038372068078,-1.1185816987300268,-0.883330572809608,-1.6592389504492158,-0.8623980474861492
2009-08-29,0,5,0.47435882098931514,8,2009,0.581860984532884,0.0,0.0,-1.3802115985339736,-0.31661740144360484,-1.2492401063131973,-0.7317282845877303,1,-0.7748261187029764,-1.4044927240957004,-0.743926751842078,-0.04229440321183568,-0.09838397243836301,-1.3199294121229908,-0.9772195681009409,0.009717930888706108,-1.041376758629778,-0.9451748276631061,-1.139290579046103,-0.981588222635787,-1.6104589856230647,-0.770247164313383
2009-08-30,0,6,0.47435882098931514,8,2009,0.5912035295309304,0.0,0.0,-1.1070378017940468,0.8794131786169637,-1.2492401063131973,-0.7317282845877303,1,-0.31402973521965377,-0.7744656926773623,-1.4041514224525082,-0.8639964108068395,-0.6034491873004578,-1.0102391209595223,-0.3619324251766805,-0.2206004864270516,-0.8544494754037625,-0.3719310125493073,-1.0650192596710766,-0.6687559234816667,-1.5537883078008514,-0.5551309720001272
2009-08-31,0,0,0.47435882098931514,8,2009,0.6005460745289767,0.0,0.0,-0.000979679470614218,1.4116968620477444,-1.2492401063131973,-0.7317282845877303,0,0.164468810755879,-0.31466958542213586,-0.7741236557598397,-0.547701738895915,-1.3393667848651931,-1.4639871070708592,-0.26371425632241685,-0.5626304251068838,-0.8503271166377319,-0.3683056197459964,-0.9859708950022041,-0.7611725073980757,-1.5080797177379153,-0.5398628026891362
2009-09-01,0,1,0.47435882098931514,9,2009,0.609888619527023,0.0,0.0,1.105078442852818,0.879413178616964,-1.439132451806691,-0.025791823971918527,0,-0.52409676428437,0.16279025726084995,-0.3143270118986294,-1.073837859950938,-0.8371306850922591,-1.8306152908321638,-0.5368328156075253,0.133931664873566,-0.8388542330234351,-0.3971193858864407,-1.002462776943717,-0.7398472830027788,-1.4679148560123763,-0.6270442758337444
2009-09-02,0,2,0.47435882098931514,9,2009,0.6192311645250693,0.0,0.0,1.378252239592745,-0.3166174014436045,-1.439132451806691,-0.025791823971918527,0,-1.011241267954542,-0.5242806103535476,0.16313338800483862,-0.7449456778515917,-1.177742507536932,-1.8127700932410324,-0.8351621333966047,-0.826721001739022,-0.8120508228615393,-0.4011839927705704,-0.9460836216250421,-0.8053202985835126,-1.4087888459831002,-0.6990834267420207
2009-09-03,0,3,0.47435882098931514,9,2009,0.6285737095231155,0.0,0.0,0.612836270074063,-1.2757594567707242,-1.439132451806691,-0.025791823971918527,0,-0.5971002362540255,-1.0103676424719996,-0.5239382814570148,-1.4047892832285875,-1.3567266440809362,-1.7982664401203456,-0.8447603010565231,-0.8515050109725145,-0.6561661315131058,-0.881884578445112,-0.8677189163502792,-0.9689782971509981,-1.348044169407506,-0.7791777453058255
2009-09-04,0,4,0.47435882098931514,9,2009,0.6379162545211619,0.0,0.0,-0.6147956290152912,-1.2757594567707244,-1.439132451806691,-0.025791823971918527,0,-0.5485987725079569,-0.5971256096437351,-1.010025880864328,-0.7751251528686282,-0.6988312686737345,-1.7817949885892874,-0.8153966308861023,-0.9775624831761948,-0.6855129264246799,-0.7971491670804604,-0.8903577994399868,-0.9397239138723705,-1.3066580245911057,-0.8919959487872534
2009-09-05,0,5,0.47435882098931514,9,2009,0.6472587995192082,0.0,0.0,-1.3802115985339736,-0.31661740144360484,-1.439132451806691,-0.025791823971918527,1,-0.9362822847941581,-0.5487294307109853,-0.5967833657611072,-0.3155938921765493,-0.03928614422659496,-1.7581341535006105,-0.6205057495023327,-0.3698341730628186,-0.6465350735518858,-0.6957872885942391,-0.8961052850695408,-0.9656779498910766,-1.226363489543209,-0.9217838820550298
2009-09-06,0,6,0.47435882098931514,9,2009,0.6566013445172545,0.0,0.0,-1.1070378017940468,0.8794131786169637,-1.439132451806691,-0.025791823971918527,1,-0.09958673705682873,-0.9355713769275199,-0.5483871303474982,0.16159092947781045,-0.8608032203864523,-1.74695516836314,-0.6356107771340087,-0.36535212857335786,-0.7831532991872012,-1.140248432842912,-0.8694178462043003,-0.980716760425534,-1.1699528785705502,-1.0491724456513336
2009-09-07,0,0,0.47435882098931514,9,2009,0.6659438895153008,0.0,0.0,-0.000979679470614218,1.4116968620477444,-1.439132451806691,-0.025791823971918527,0,-0.5871585814592412,-0.10069209055107368,-0.9352295280287143,-0.5250841793316402,-0.5445797334392555,-1.7685975755797696,-0.503651038000454,-0.7611795097743871,-0.7968439546489446,-1.1492405411047355,-0.874493539237328,-0.9835491108429952,-1.113079744679803,-1.2101846043561406
2009-09-08,0,1,0.47435882098931514,9,2009,0.6752864345133471,0.0,0.0,1.105078442852818,0.879413178616964,-1.439132451806691,-0.025791823971918527,0,-0.5994181323856822,-0.5872055357495732,-0.10034926730469586,-1.0108912210851984,-1.0705974428230767,-0.9724290389818755,-0.7899836506273266,-1.1946358566124247,-0.7639974424370549,-1.270090235029076,-0.8509834354250404,-1.0422648527267337,-1.1058767603821869,-1.217409162346886
2009-09-09,0,2,0.47435882098931514,9,2009,0.6846289795113935,0.0,0.0,1.378252239592745,-0.3166174014436045,-1.439132451806691,-0.025791823971918527,0,-0.8305308378316458,-0.5994384741898959,-0.5868632802897029,-0.5978872192676704,-0.7417792808705501,-0.8523967112467268,-0.5939798799837014,-0.4813744934429412,-0.6712443702013388,-1.0375446454439412,-0.787562324640424,-0.9476464146225502,-1.068889165963388,-1.1418781409874141
2009-09-10,0,3,0.47435882098931514,9,2009,0.6939715245094397,0.0,0.0,0.612836270074063,-1.2757594567707242,-1.439132451806691,-0.025791823971918527,0,-0.08680412107412959,-0.8300494904873444,-0.5990962330065013,-0.549518916955574,-1.4014743825031388,-1.0522210705790553,-0.6670368413600022,-0.37455994512126606,-0.7143800015642617,-0.9842956131687983,-0.7277523462870856,-1.2138462819851785,-1.0556812397462176,-1.1594797081502817
2009-09-11,0,4,0.47435882098931514,9,2009,0.703314069507486,0.0,0.0,-0.6147956290152912,-1.2757594567707244,-1.439132451806691,-0.025791823971918527,0,-0.7859164653860119,-0.08793722250077741,-0.8297075184390063,-0.9361380388412364,-0.7719519637250077,-1.265739011645295,-0.5813992762447195,-0.5302403215395408,-0.6554223173070519,-1.1291736042682516,-0.712044661885875,-1.2371539301454997,-1.0237899081099506,-1.211338105984823
2009-09-12,0,5,0.47435882098931514,9,2009,0.7126566145055323,0.0,0.0,-1.3802115985339736,-0.31661740144360484,-1.439132451806691,-0.025791823971918527,1,-0.6119169941221767,-0.7855319649306801,-0.08759438436880485,-0.10173965020653024,-0.31252412468061747,-0.9432732196529211,-0.21779250816298507,1.0208635069661456,-0.4843848194301778,-0.07821752898468062,-0.6006378476399683,-0.6107177847110594,-0.9379590097392753,-0.8512633410837128
2009-09-13,0,6,0.47435882098931514,9,2009,0.7219991595035786,0.0,0.0,-1.1070378017940468,0.8794131786169637,-1.439132451806691,-0.025791823971918527,1,0.8414038804275399,-0.6119102039550438,-0.785189940928073,-0.5879728594224872,0.16455330223321224,-1.3935952788576982,0.08999971637717735,0.540925157110135,-0.3776956392587082,-0.05143771156717503,-0.6165143042734759,-0.66470383281061,-0.8705823829995428,-0.8832659261832295
2009-09-14,0,0,0.47435882098931514,9,2009,0.731341704501625,0.0,0.0,-0.000979679470614218,1.4116968620477444,-1.439132451806691,-0.025791823971918527,0,-0.00019070146415830805,0.8382558664887493,-0.6115679773268068,-0.6001987515837048,-0.5219672641604018,-0.10189257378073613,0.3315355230567448,-0.17718818974207962,-0.2678944945559929,-0.07892804826313617,-0.5655305862560485,-0.6070776240429351,-0.8656072337907507,-0.8661182218362118
2009-09-15,0,1,0.47435882098931514,9,2009,0.7406842494996713,0.0,0.0,1.105078442852818,0.879413178616964,-1.439132451806691,-0.025791823971918527,0,0.004670726705775604,-0.001511819437322926,0.8385997855362534,-0.830676933926871,-1.007664970665165,-0.602027272677188,-0.07528643579071394,-1.2590153021974466,-0.1527642348732503,-0.32100853386546474,-0.48703336840827,-0.7166134344119687,-0.8460413359532771,-0.8429981215401281
2009-09-16,0,2,0.47435882098931514,9,2009,0.7500267944977176,0.0,0.0,1.378252239592745,-0.3166174014436045,-1.439132451806691,-0.025791823971918527,0,-0.19712298578280113,0.0033390557612612056,-0.0011688804424076253,-0.08899212907134095,-0.5947539191167995,-1.3307607416236393,0.03931571285306371,-0.8757223864939441,-0.08384552996191301,-0.23677220366239635,-0.40127136300659627,-0.6188620114350055,-0.7677058947940989,-0.8269549865061475
2009-09-17,0,3,0.47435882098931514,9,2009,0.7593693394957639,0.0,0.0,0.612836270074063,-1.2757594567707242,-1.439132451806691,-0.025791823971918527,0,0.292363345100031,-0.1980166119404712,0.0036820004174002905,-0.7861850508527277,-0.5463965025266309,-0.8334275396064513,-0.1960061273214096,-0.2929372157834821,-0.04933553351477133,-0.3769865310579113,-0.40584700237479115,-0.6109232377013543,-0.7560177802603566,-0.8405010659740056
2009-09-18,0,4,0.47435882098931514,9,2009,0.7687118844938101,0.0,0.0,-0.6147956290152912,-1.2757594567707244,-1.439132451806691,-0.025791823971918527,0,-0.5960541061415133,0.2904071638566225,-0.19767390227687437,-0.6126632975238645,-0.9329286122979202,-1.1707142626793359,-0.2514322979564171,-0.25740440421312144,0.0003409402315182125,-0.5331500891479642,-0.3482198555102641,-0.7461964840160278,-0.715650135132301,-0.9032061931722938
2009-09-19,0,5,0.47435882098931514,9,2009,0.7780544294918564,0.0,0.0,-1.3802115985339736,-0.31661740144360484,-1.439132451806691,-0.025791823971918527,1,-0.33861379286383375,-0.5960817504237917,0.290750443536182,0.8366674646306891,-0.09871801253322772,-1.3479511315104606,0.011421163643007918,0.8522696866661491,0.0225099591246372,-0.39617175886604833,-0.24572962111520866,-0.33974781969240575,-0.6043575628879556,-0.7294768536821054
2009-09-20,0,6,0.47435882098931514,9,2009,0.7873969744899028,0.0,0.0,-1.1070378017940468,0.8794131786169637,-1.439132451806691,-0.025791823971918527,1,0.9633703441340895,-0.3392002770909457,-0.5957395053229259,-0.002616507792918618,-0.5848417905875651,-0.6964782210775167,0.5550776112099217,0.4756276576109796,0.1664613104455039,-0.11053116170769735,-0.1127723728246035,-0.17371819978473768,-0.5328692939867886,-0.5538682078609232
2009-09-21,0,0,0.47435882098931514,9,2009,0.7967395194879491,0.0,0.0,-0.000979679470614218,1.4116968620477444,-1.439132451806691,-0.025791823971918527,0,0.7917810746000826,0.9599575708381434,-0.33885773219603293,0.002231573259294262,-0.597064931201674,-0.04337166668124958,0.5844305676449872,0.3499165125366849,0.11768462197102955,-0.04354367922094288,-0.08040073791692165,-0.2347476779411307,-0.5435788435781213,-0.5666515025852079
2009-09-22,0,1,0.47435882098931514,9,2009,0.8060820644859954,0.0,0.0,1.105078442852818,0.879413178616964,-1.439132451806691,-0.025791823971918527,0,-0.26368215951031837,0.7887407796339658,0.9603016319178695,-0.19900811182379563,-0.8274912423547534,-0.8568689803612054,-0.010967864812208307,0.48092577643305984,0.05235387297091486,0.11319068813676776,-0.053983598329969004,-0.3266579184990315,-0.5288628897009141,-0.5939103085774067
2009-09-23,0,2,0.47435882098931514,9,2009,0.8154246094840417,0.0,0.0,1.378252239592745,-0.3166174014436045,-1.439132451806691,-0.025791823971918527,0,-0.5565507288534433,-0.26443130198359394,0.7890846408947869,0.28913432762368946,-0.08597336034244443,-0.5437325105065045,-0.27795281060737,-0.6173609448921467,0.01924823751431173,0.08319144405980058,-0.03498584429876451,-0.3221151116783686,-0.4974096946009957,-0.570445301189612
2009-09-24,0,3,0.47435882098931514,9,2009,0.824767154482088,0.0,0.0,0.612836270074063,-1.2757594567707242,-1.439132451806691,-0.025791823971918527,0,0.11022730629439434,-0.5566641253044607,-0.2640886698293964,-0.596843961319731,-0.7830093725794862,-1.0646151627966869,-0.27233479563131874,-0.618759100688572,0.08226800486672152,-0.07666148259843397,0.01675075609867536,-0.4727264244266333,-0.45791292153491797,-0.6427483321219133
2009-09-25,0,4,0.47435882098931514,9,2009,0.8341096994801342,0.0,0.0,-0.6147956290152912,-1.2757594567707244,-1.439132451806691,-0.025791823971918527,0,-0.2493406045364158,0.10866649783694317,-0.5563218342011751,-0.3401104539532665,-0.609526671883543,-0.7390069688831252,-0.32959971109638725,-0.40304562227751967,0.016084075494922412,0.12442333138285273,0.007994048381933795,-0.4385696301266472,-0.45591045589344187,-0.6473301269203977
2009-09-26,0,5,0.47435882098931514,9,2009,0.8434522444781806,0.0,0.0,-1.3802115985339736,-0.31661740144360484,-1.439132451806691,-0.025791823971918527,1,-0.7027354465373695,-0.25012087901729496,0.10900956541568813,0.958299067738212,0.8394779053336855,-1.3922620363669675,-0.38340676847607824,-0.5877120521363957,-0.16395251789742848,-0.43286626824857066,-0.07574994216403101,-0.6592127365073732,-0.389888173508692,-0.8103759912208072
2009-09-27,0,6,0.47435882098931514,9,2009,0.8527947894762269,0.0,0.0,-1.1070378017940468,0.8794131786169637,-1.439132451806691,-0.025791823971918527,1,-0.0271302612244314,-0.7025315117261388,-0.24977823016208917,0.787180898897269,0.0003828213247112232,-0.7688851018652841,-0.39397720761933747,-0.5955539854890908,-0.3580948610620025,-1.2106308960243983,-0.10237475070869223,-0.6466059490601025,-0.36602307113748095,-0.8488375540278859
2009-09-28,0,0,0.47435882098931514,9,2009,0.8621373344742732,0.0,0.0,-0.000979679470614218,1.4116968620477444,-1.439132451806691,-0.025791823971918527,0,-0.2763246077328425,-0.028392900003336996,-0.7021893908576836,-0.2653845464269029,0.005229811272632759,-0.3139422604584517,-0.30127661247218496,-0.9514219954226701,-0.3948853906220982,-1.1804574995561161,-0.14776558109841495,-0.6064252786466788,-0.3733028152541287,-0.8428072999109151
2009-09-29,0,1,0.47435882098931514,9,2009,0.8714798794723195,0.0,0.0,1.105078442852818,0.879413178616964,-1.439132451806691,-0.025791823971918527,0,-0.4660912426533206,-0.2770463065436346,-0.02804999238004154,-0.5574490410958429,-0.1959645830074326,0.15847787111800513,-0.5757196572903843,-0.9323825499220133,-0.42599820054920756,-1.0705213128781845,-0.19892598254652838,-0.5013452647726463,-0.41601531736995834,-0.8403811101992422
2009-09-30,0,2,0.47435882098931514,9,2009,0.8808224244703659,0.0,0.0,1.378252239592745,-0.3166174014436045,-1.439132451806691,-0.025791823971918527,0,-0.7277229138327869,-0.46640100452059363,-0.2767036891118038,0.10749834581081387,0.2920679955889793,-0.5213407872571164,-0.3299090702047256,0.05211963482481391,-0.38220264380046665,-0.8409124578226701,-0.1932553014680004,-0.4856303162155475,-0.3741128031952532,-0.7931935714738084
2009-10-01,0,3,1.3595672654470619,10,2009,0.8901649694684122,0.0,0.0,0.612836270074063,-1.2757594567707242,-1.2492401063131975,0.6801446366438934,0,0.35117568603353394,-0.7274647373425156,-0.46605860807554894,-0.25108236638889325,-0.5937108959634545,-1.0022970460717002,-0.3380809718456967,0.06251797491224453,-0.42539171544887,-0.8215291337846383,-0.1827357150435936,-0.5109348519738159,-0.34901316070686644,-0.8695879999378503
2009-10-02,0,4,1.3595672654470619,10,2009,0.8995075144664584,0.0,0.0,-0.6147956290152912,-1.2757594567707244,-1.2492401063131975,0.6801446366438934,0,-0.4869523078382494,0.34909183758468915,-0.7271226455724322,-0.7032324066322644,-0.33703516878436773,-0.5934168888952734,-0.33388252680399855,0.0503817207684084,-0.42798543349068796,-0.8131216267266159,-0.21922018421371864,-0.4293549875876439,-0.3547534531011025,-0.854889813920521
2009-10-03,0,5,1.3595672654470619,10,2009,0.9088500594645047,0.0,0.0,-1.3802115985339736,-0.31661740144360484,-1.2492401063131975,0.6801446366438934,1,-0.7170052082682598,-0.4872167854360594,0.3494351857523167,-0.02948210462236062,0.9610821341537977,-0.5455315440446328,-0.37461347018460295,-0.12128231211732278,-0.3781225401438867,-0.6405240937796325,-0.2882734089847173,-0.7725400587012212,-0.31665570547869687,-0.836069317271801
2009-10-04,0,6,1.3595672654470619,10,2009,0.918192604462551,0.0,0.0,-1.1070378017940468,0.8794131786169637,-1.2492401063131975,0.6801446366438934,1,0.24719855779127295,-0.7167702972949939,-0.4868744132841143,-0.2779922846344254,0.7900024769974446,-0.928290274295059,-0.15106200751299334,-0.08490076391607351,-0.31267869658612757,-0.5550602986461953,-0.35654408438174423,-1.1240553792619161,-0.2678241855502112,-0.904269186137581
2009-10-05,0,0,1.3595672654470619,10,2009,0.9275351494605973,0.0,0.0,-0.000979679470614218,1.4116968620477444,-1.2492401063131975,0.6801446366438934,0,0.08372534344393415,0.24534041825285888,-0.7164281930439425,-0.467237912655846,-0.2623260789963006,-0.10222335293033588,-0.06879792981718093,-0.43416254164660195,-0.32011497445062936,-0.542173534945856,-0.3800050728373675,-1.1014143594361123,-0.28732870826585744,-0.8904912251048986
2009-10-06,0,1,1.3595672654470619,10,2009,0.9368776944586437,0.0,0.0,1.105078442852818,0.879413178616964,-1.2492401063131975,0.6801446366438934,0,-0.5070031349948495,0.08222206426489616,0.24568364533718112,-0.7281512704934883,-0.5543248419210618,-0.5836015239255334,-0.2618406918524477,-0.7292270874964947,-0.23248222724236242,-0.7231852760794133,-0.35002294947640533,-1.1350942634663375,-0.27097690280822073,-0.9135940020307745
2009-10-07,0,2,1.3595672654470619,10,2009,0.94622023945669,0.0,0.0,1.378252239592745,-0.3166174014436045,-1.2492401063131975,0.6801446366438934,0,-0.245597099722008,-0.5072240871517548,0.08256510098161104,0.3477851984684757,0.11047289258920191,-0.5957053405629067,-0.12743152497367574,-0.1851964636915182,-0.21872881051511073,-0.6614062401057558,-0.31949495342660966,-1.0053729713347357,-0.22184603595221075,-0.8879924279940642
2009-10-08,0,3,1.3595672654470619,10,2009,0.9555627844547363,0.0,0.0,0.612836270074063,-1.2757594567707242,-1.2492401063131975,0.6801446366438934,0,0.4268423454465044,-0.24638550043609958,-0.5068817383493719,-0.4880417035001744,-0.24802711779268072,-0.8238821984323054,0.07455184921418616,-0.6017554249936907,-0.12865272374277528,-0.7356000900229217,-0.29462280495836113,-0.9846911102928934,-0.1816729908770951,-0.9576970211754607
2009-10-09,0,4,1.3595672654470619,10,2009,0.9649053294527826,0.0,0.0,-0.6147956290152912,-1.2757594567707244,-1.2492401063131975,0.6801446366438934,0,0.008615936345801899,0.42459424318972366,-0.2460428472215126,-0.7174629905365951,-0.7000753975984834,-0.08960311578389568,0.02326921572718745,-0.4194260587199951,-0.06676328056814959,-0.9961649522876727,-0.2631682097972614,-1.0689212626377464,-0.19554229540707407,-0.948500598394491
2009-10-10,0,5,1.3595672654470619,10,2009,0.9742478744508288,0.0,0.0,-1.3802115985339736,-0.31661740144360484,-1.2492401063131975,0.6801446366438934,1,-0.37651036899869317,0.00727570131623991,0.42493767947258754,0.2440935408579783,-0.026476729160275228,-0.7798345667765026,0.15111220205111922,0.08584646099981039,0.0252086935414146,-0.5927282718621791,-0.18792908715265635,-0.7707878778305202,-0.12185925214937296,-0.9054634959291169
2009-10-11,0,6,1.3595672654470619,10,2009,0.9835904194488752,0.0,0.0,-1.1070378017940468,0.8794131786169637,-1.2492401063131975,0.6801446366438934,1,0.7531973345677931,-0.37701458902931256,0.0076186505666492104,0.0810691444628667,-0.2749309797188235,-0.6080454280214224,0.3938841059471092,0.21778187902042992,0.12420309400233576,-0.38655771624133733,-0.10069955444983657,-0.6092569904715168,-0.06248266795605102,-0.8794391396912365
2009-10-12,0,0,1.3595672654470619,10,2009,0.9929329644469215,0.0,0.0,-0.000979679470614218,1.4116968620477444,-1.2492401063131975,0.6801446366438934,0,0.6283591411405983,0.7502407954628956,-0.37667208826566956,-0.5080374808357943,-0.4641340163077519,0.8268137675856118,0.3937113469645335,0.21852382814959811,0.14784172074617363,-0.4747730916978943,-0.09210469666680228,-0.6283756416883496,-0.12080981939962679,-0.9889010196222242
2009-10-13,0,1,1.3595672654470619,10,2009,1.0022755094449678,0.0,0.0,1.105078442852818,0.879413178616964,-1.2492401063131975,0.6801446366438934,0,-0.37695138463435846,0.6256735952155944,0.7505846117922317,-0.24734913941830022,-0.7249886532450339,-0.004089955017631258,0.016282521059712163,-0.018175443689506347,0.15425828339586264,-0.49035473796439755,-0.04221437219337731,-0.7668042884241323,-0.13086830169861902,-0.9875757823734479
2009-10-14,0,2,1.3595672654470619,10,2009,1.011618054443014,0.0,0.0,1.378252239592745,-0.3166174014436045,-1.2492401063131975,0.6801446366438934,0,-0.2102953365133056,-0.37745464732791445,0.6260172661685258,0.4232441140301664,0.3507056665272086,0.0007097179489969563,-0.13672301195909745,-0.6650839340591186,0.11989183004111678,-0.5452603920481282,-0.05314896689993594,-0.79160135644945,-0.11970899521453715,-0.9725473963791577
2009-10-15,0,3,1.3595672654470619,10,2009,1.0209605994410604,0.0,0.0,0.612836270074063,-1.2757594567707242,-1.2492401063131975,0.6801446366438934,0,0.23776971187518328,-0.21116036871977262,-0.3771121470778424,0.006165951272140454,-0.48493312507164027,-0.19852058903302203,-0.04406795018719888,-0.8901645327622373,0.0928019550930975,-0.5160217874874293,-0.019736679770842605,-0.8597552804013879,-0.11699457815986906,-0.9741181937260199
2009-10-16,0,4,1.3595672654470619,10,2009,1.0303031444391066,0.0,0.0,-0.6147956290152912,-1.2757594567707244,-1.2492401063131975,0.6801446366438934,0,-0.14042341742948206,0.23593204005475985,-0.2108176743956239,-0.3779029845185494,-0.714302778781779,0.2847477485313075,0.0013047190353620266,-0.9917896911547053,0.14406672383576669,-0.6408462879279885,0.040288219472061286,-1.050231473382596,-0.13551366191946052,-0.9965010855948572
2009-10-17,0,5,1.3595672654470619,10,2009,1.039645689437153,0.0,0.0,-1.3802115985339736,-0.31661740144360484,-1.2492401063131975,0.6801446366438934,1,-0.0944689044475461,-0.14144012448014529,0.23627525615901512,0.7487030910524618,0.2470373456578623,-0.5923840478771434,0.6915746172657359,1.9847556270235913,0.3706672050444928,0.7750076141832706,0.20928130605748638,0.00096435966910872,-0.011236896235377117,-0.45483677223226715
2009-10-18,0,6,1.3595672654470619,10,2009,1.0489882344351993,0.0,0.0,-1.1070378017940468,0.8794131786169637,-1.2492401063131975,0.6801446366438934,1,1.999876743362426,-0.09558536750445677,-0.1410973487888435,0.624207642597631,0.08404963937097802,-0.3382140243846488,0.7358946619898026,1.8898542581558302,0.2514953684226096,0.7480035262808443,0.19857778427053754,0.007332026250755454,0.0036676020160832665,-0.4690136556510428
2009-10-19,0,0,1.3595672654470619,10,2009,1.0583307794332457,0.0,0.0,-0.000979679470614218,1.4116968620477444,-1.2492401063131975,0.6801446366438934,0,-0.027284103888037283,1.994213968224929,-0.09524253829826741,-0.3783427893397379,-0.5049244021775352,0.9472308792294779,0.6369586728668466,2.1315281071750602,0.25693384956827,0.7354063328545263,0.21400231369607803,-0.035962823038401,-0.05906611950768022,-0.5777569056360737
2009-10-20,0,1,1.3595672654470619,10,2009,1.067673324431292,0.0,0.0,1.105078442852818,0.879413178616964,-1.2492401063131975,0.6801446366438934,0,-0.34703069592599134,-0.02854640871215333,1.9945592363356908,-0.21214429768469448,-0.24429473101843016,0.777821325173051,-0.045554480967511135,-0.7103232462504073,0.3419747429307239,0.6599123580640496,0.26251773781616017,-0.07688167001632856,-0.08464072360551209,-0.6589207644088366
2009-10-21,0,2,1.3595672654470619,10,2009,1.0770158694293381,0.0,0.0,1.378252239592745,-0.3166174014436045,-1.2492401063131975,0.6801446366438934,0,0.25757097204415536,-0.3475989091155061,-0.028203501268010526,0.2346905819676795,0.4261475993805446,-0.2642342549875718,0.23122281894085392,-0.08533740899170902,0.42222278836396304,0.7129652843371437,0.28685653965968855,-0.035238099098596216,-0.03949825766630765,-0.5964485776241674
2009-10-22,0,3,1.3595672654470619,10,2009,1.0863584144273846,0.0,0.0,0.612836270074063,-1.2757594567707242,-1.2492401063131975,0.6801446366438934,0,0.6792673878906368,0.25569031653170804,-0.34725637402223397,-0.14246421291309508,0.009163303818283302,-0.5533824859014488,0.25171417702156046,-0.16560888747887526,0.39417720226397646,0.7751760962001741,0.2576088392158324,0.013570168782269696,-0.02696349378533548,-0.6245059628559099
2009-10-23,0,4,1.3595672654470619,10,2009,1.0957009594254308,0.0,0.0,-0.6147956290152912,-1.2757594567707244,-1.2492401063131975,0.6801446366438934,0,-0.29472077157422133,0.6764713326151619,0.25603355569490016,-0.09663586867687379,-0.37481919380037526,0.10492540185739878,0.2749107532790555,-0.15441996989250636,0.46892835507672714,0.7047380627597631,0.3244564878026518,-0.06646190005892505,-0.017074734156569592,-0.6120907642197934
2009-10-24,0,5,1.3595672654470619,10,2009,1.1050435044234772,0.0,0.0,-1.3802115985339736,-0.31661740144360484,-1.2492401063131975,0.6801446366438934,1,0.31678672262889296,-0.2954025368134007,0.6768150628516962,1.9919597244305047,0.7515333289297345,-0.2500748822062625,0.7067425880926113,1.5288880306701653,0.42926074968203076,0.43841857447689364,0.4236187447420997,0.3777686155758519,0.08015573384176539,-0.2418392097675027
2009-10-25,0,6,1.3595672654470619,10,2009,1.1143860494215234,0.0,0.0,-1.1070378017940468,0.8794131786169637,-1.2492401063131975,0.6801446366438934,1,1.7816389594973217,0.31477752420733895,-0.2950599408042459,-0.029635524908823433,0.6270658992964949,-0.6977102046449012,1.380921795038774,0.6417245392695071,0.6934707638957782,0.7341968039990373,0.5005571268739927,0.5903790800012478,0.18208098949238677,-0.11394410505468956
2009-10-26,0,0,1.3595672654470619,10,2009,1.1237285944195698,0.0,0.0,-0.000979679470614218,1.4116968620477444,-1.2492401063131975,0.6801446366438934,0,1.4263102687303155,1.776449925203063,0.3151208323283772,-0.3485042482926188,-0.3752588996395289,-0.030687298883354933,0.9489533600994592,2.4784193057427792,0.613694360051838,1.0710901633404744,0.46112309923786415,0.7317767350318525,0.14575428238542137,-0.028225867364032382
2009-10-27,0,1,1.3595672654470619,10,2009,1.133071139417616,0.0,0.0,1.105078442852818,0.879413178616964,-1.2492401063131975,0.6801446366438934,0,-0.7859335590153007,1.4218925661028723,1.7767949391718547,0.25443747750525897,-0.2090978124514295,-0.27671610493877064,-0.05388708863878717,2.1382716292234956,0.4253944071673707,1.5094647229737146,0.40634728012601107,0.8949581922742122,0.12171847534203555,0.03761046170338414
2009-10-28,0,2,1.3595672654470619,10,2009,1.1424136844156623,0.0,0.0,1.378252239592745,-0.3166174014436045,-1.2492401063131975,0.6801446366438934,0,-0.7783918497727662,-0.7855490214538812,1.422237166284776,0.6749761200579478,0.23763650298812294,-0.46407211550967375,-0.8157863430095891,-1.1504795950962765,0.20765693516574682,1.6281592540030625,0.33341328291197964,1.0012738299936252,0.11920225901411996,0.0439373443441642
2009-10-29,0,3,1.3595672654470619,10,2009,1.1517562294137087,0.0,0.0,0.612836270074063,-1.2757594567707242,-1.2492401063131975,0.6801446366438934,0,-0.5186507339927213,-0.7780236834172521,-0.7852069974711798,-0.2963379415556516,-0.13943340981028474,-0.7223802536696,-0.23383230920426168,0.7150533606164367,0.38840005884404705,1.6095181973029609,0.41441472468311785,1.001675835482918,0.18753666498833677,0.007154286952192205
2009-10-30,0,4,1.3595672654470619,10,2009,1.161098774411755,0.0,0.0,-0.6147956290152912,-1.2757594567707244,-1.2492401063131975,0.6801446366438934,0,0.6996669250847437,-0.5188464020614489,-0.7776816506520897,0.3134906504345492,-0.0936153796555573,0.34281299047573255,0.018343575898366233,0.22809522941988739,0.30634685027916364,1.6570088927934081,0.41054120417194057,1.0073088855307442,0.1642787671557345,0.008856458510938919
2009-10-31,0,5,1.3595672654470619,10,2009,1.1704413194098013,0.0,0.0,-1.3802115985339736,-0.31661740144360484,-1.2492401063131975,0.6801446366438934,1,-0.1346423520037695,0.6968265874041745,-0.5185040668229123,1.774321115394402,1.9945101562085579,-0.4846681805183918,0.4249525992556737,-0.3104716443390939,0.0769059557572737,0.8514396746440427,0.2677872552097161,0.47118253947682004,0.21245332778018422,-0.01608420703491536
2009-11-01,0,6,1.3595672654470619,11,2009,1.1797838644078475,0.0,0.0,-1.1070378017940468,0.8794131786169637,-0.7304445704565513,1.1969259927300127,1,0.519332554806217,-0.13567160833330227,0.6971703413963503,1.4199679844216677,-0.026630114918121225,-0.7117986961798715,0.3323644983297366,-0.5345468151410692,-0.09813210674663005,0.09710765373265354,0.3150902881766964,0.47136029172070476,0.2689593566089103,-0.09131256720733467
2009-11-02,0,0,1.3595672654470619,11,2009,1.189126409405894,0.0,0.0,-0.000979679470614218,1.4116968620477444,-0.7304445704565513,1.1969259927300127,0,0.46330989417276536,0.5168836789299587,-0.13532882590984194,-0.7862020975512227,-0.3454270740247289,0.24015669398687597,0.3396418030686803,-0.5658637821731418,0.02362536973438314,-0.19093953697242036,0.33735998200825357,0.42818134995878143,0.25156859308898566,-0.08199882536878628
2009-11-03,0,1,1.3595672654470619,11,2009,1.1984689544039402,0.0,0.0,1.105078442852818,0.879413178616964,-0.7304445704565513,1.1969259927300127,0,-0.11606499569192225,0.46098262978842613,0.5172272229193965,-0.7786810941748574,0.2573789543090671,0.0787600960646222,0.6012886302239034,0.3163214231501504,0.3809084764980613,-0.09711280475168928,0.42700045242009876,0.5856998144882767,0.3043988249547446,0.021299185076233285
2009-11-04,0,2,1.3595672654470619,11,2009,1.2078114994019866,0.0,0.0,1.378252239592745,-0.3166174014436045,-0.7304445704565513,1.1969259927300127,0,1.1872592818423031,-0.1171345789175976,0.4613261085384307,-0.5196531011908563,0.6778229508538565,-0.5044643000326654,0.5735882674671308,0.327668008359884,0.5465398059600314,-0.5519608229078699,0.3993597141489927,0.5608855494915654,0.3474659934412384,-0.033165760313459025
2009-11-05,0,3,1.3595672654470619,11,2009,1.2171540444000328,0.0,0.0,0.612836270074063,-1.2757594567707242,-0.7304445704565513,1.1969259927300127,0,0.39259696852789583,1.1833605004305157,-0.11679177486045933,0.6953196500428835,-0.2932725077847813,-0.24637893150410498,0.6112470472350874,0.2009108546521967,0.4157434644487658,-0.5152831142464054,0.4258549768200361,0.5120266296811095,0.3582694878857143,-0.051548068787168055
2009-11-06,0,4,1.3595672654470619,11,2009,1.226496589398079,0.0,0.0,-0.6147956290152912,-1.2757594567707244,-0.7304445704565513,1.1969259927300127,0,-0.019930424567688426,0.390423204607269,1.183704822233086,-0.13669901948180324,0.316418836790094,0.41751844882346656,0.024510669811290183,-0.5613574945165541,0.38377001736595073,-0.39692396403065505,0.3653672724713794,0.5817540532223272,0.3229678271467554,-0.02298106285567954
2009-11-07,0,5,1.3595672654470619,11,2009,1.2358391343961255,0.0,0.0,-1.3802115985339736,-0.31661740144360484,-0.7304445704565513,1.1969259927300127,1,-0.3105494722963115,-0.021208692430744976,0.39076660101075267,0.5154803902514646,1.776920528700966,0.004604811200405145,-0.13929163001012598,-1.1094643401214819,0.28472963340356794,-0.3860821576981228,0.19111785382304755,0.08488518460401125,0.321331975566327,-0.021273859475651732
2009-11-08,0,6,1.3595672654470619,11,2009,1.2451816793941717,0.0,0.0,-1.1070378017940468,0.8794131786169637,-0.7304445704565513,1.1969259927300127,1,-0.025554228603937284,-0.31119687729825496,-0.020865776423105435,0.4596115406012021,1.4226471480908371,-0.3756291965612492,0.4951864913662978,1.4220915640353275,0.4912931145503861,0.4284603863202572,0.20784113831743667,0.1889169870012066,0.4159429533650855,0.12315184635925211
2009-11-09,0,0,1.3595672654470619,11,2009,1.2545242243922181,0.0,0.0,-0.000979679470614218,1.4116968620477444,-0.7304445704565513,1.1969259927300127,0,1.5997524876793119,-0.02682028856413139,-0.3108542997219174,-0.11817266755652149,-0.7830264154414683,0.7397277182100364,0.50778718335907,1.38895090806465,0.46178972717438,0.5050824663508636,0.25677915228479453,0.029856326691346163,0.3665574206702408,0.13096847594828773
2009-11-10,0,1,1.3595672654470619,11,2009,1.2638667693902643,0.0,0.0,1.105078442852818,0.879413178616964,-0.7304445704565513,1.1969259927300127,0,-0.2783826806992985,1.5949582844221295,-0.026477379105516546,1.1815733152970351,-0.7755071047346296,0.6164753567124568,0.5406033547471881,1.3367905342826105,0.25657157414460363,0.17303268959604337,0.33744502739093546,-0.2033229494991555,0.3392626764913376,0.11999332239127376
2009-11-11,0,2,1.3595672654470619,11,2009,1.2732093143883108,0.0,0.0,1.378252239592745,-0.3166174014436045,-0.7304445704565513,1.1969259927300127,0,0.05821822981810992,-0.27909991193712813,1.5953030865807323,0.3890927582636054,-0.516537408332653,-0.37606460993163576,0.22754666849764316,0.020677757367159974,0.33072929122905237,0.30712857012362005,0.4646458899537996,-0.31014948264068076,0.3956358077229332,0.10887808337302574
2009-11-12,0,3,1.3595672654470619,11,2009,1.282551859386357,0.0,0.0,0.612836270074063,-1.2757594567707242,-0.7304445704565513,1.1969259927300127,0,0.8005877124100409,0.056770320343179394,-0.27875729690196177,-0.02230203521591337,0.6981619023442026,-0.2115256100881839,0.26357026440725456,-0.09079228990086724,0.3004671760789548,0.3579644057196938,0.3792092325858701,-0.28363018451126004,0.39677869432484814,0.10656189565587898
2009-11-13,0,4,1.3595672654470619,11,2009,1.2918944043844032,0.0,0.0,-0.6147956290152912,-1.2757594567707244,-0.7304445704565513,1.1969259927300127,0,-0.18642237384756272,0.7975283003875266,0.05711332735638468,-0.3121231843627992,-0.13366951388768256,0.23084762363387853,0.2145160878738123,-0.018445623747890928,0.3447343744169976,0.26354817835647515,0.3857306971244737,-0.2972447770135806,0.3821879456961673,0.11822243809205302
2009-11-14,0,5,1.3595672654470619,11,2009,1.3012369493824496,0.0,0.0,-1.3802115985339736,-0.31661740144360484,-0.7304445704565513,1.1969259927300127,1,-0.06700627963101301,-0.18733922841615044,0.7978721719038419,-0.0279103990210433,0.5183631169974139,-0.1425412809095383,0.5626964162632639,1.4797894647980794,0.6564528024230564,0.8615773946347335,0.49854998991607063,0.13672209872774596,0.46978906624732447,0.28997492004855546
2009-11-15,0,6,1.3595672654470619,11,2009,1.3105794943804958,0.0,0.0,-1.1070378017940468,0.8794131786169637,-0.7304445704565513,1.1969259927300127,1,1.6894154107545325,-0.06818235732846717,-0.1869965062914914,1.5929340153795657,0.46250684113478996,-0.09717053265533507,0.9003411251493526,0.9861519727731255,0.48845953662257346,0.364814040073828,0.5190103267494276,0.15451598521895202,0.5066508007496299,0.28228764113334887
2009-11-16,0,0,1.3595672654470619,11,2009,1.3199220393785422,0.0,0.0,-0.000979679470614218,1.4116968620477444,-0.7304445704565513,1.1969259927300127,0,0.6755102081728008,1.6844265712247828,-0.06783949614153895,-0.2800447071333229,-0.11514733148470682,1.9705704350581983,0.8879814922020361,1.0299827084839548,0.5211451065793518,0.27290428616837165,0.5206983787056634,0.15073802809429396,0.40619101934124435,0.01659480103565513
2009-11-17,0,1,1.3595672654470619,11,2009,1.3292645843765885,0.0,0.0,1.105078442852818,0.879413178616964,-0.7304445704565513,1.1969259927300127,0,-0.09855770057360676,0.6727223088154085,1.6847714777975318,0.05563206096736368,1.1843061318329189,-0.03083918726837519,0.3173666080515925,-0.45873589359805045,0.5528706155934852,0.22954410755645477,0.4286657596809677,-0.002746944606845628,0.4186403490526336,0.006388550735767918
2009-11-18,0,2,1.3595672654470619,11,2009,1.3386071293746349,0.0,0.0,1.378252239592745,-0.3166174014436045,-0.7304445704565513,1.1969259927300127,0,0.23276127849335718,-0.09966528785433292,0.673066034676637,0.7959633579623262,0.3920039296840866,-0.3465240066939662,0.7672537653698305,1.4139698663774383,0.738884442776984,0.8859847643214962,0.5666789230086285,0.4477401156779582,0.52257428969041,0.18745802520153182
2009-11-19,0,3,1.3595672654470619,11,2009,1.347949674372681,0.0,0.0,0.612836270074063,-1.2757594567707242,-0.7304445704565513,1.1969259927300127,0,1.8239730417957412,0.23093447875663797,-0.09932246340962292,-0.18833687856539752,-0.0192982756930949,0.2503973464346742,0.7407238782004435,1.4877419439235613,0.7425451023324082,0.8750493399632947,0.5525676525156502,0.47696611540941547,0.5022828560794453,0.21372774489030763
2009-11-20,0,4,1.3595672654470619,11,2009,1.3572922193707273,0.0,0.0,-0.6147956290152912,-1.2757594567707244,-0.7304445704565513,1.1969259927300127,0,-0.16628265981866158,1.8186921105646157,0.2312776890284792,-0.06924864287345822,-0.30905419798090994,0.6667369109643053,0.9099486673277073,1.3315477405203577,0.8755523803057694,0.692677049569989,0.6466064195984711,0.3730071411336325,0.5015880897003634,0.21281331845022966
2009-11-21,0,5,1.3595672654470619,11,2009,1.3666347643687737,0.0,0.0,-1.3802115985339736,-0.31661740144360484,-0.7304445704565513,1.1969259927300127,1,0.6647548966238385,-0.16724323277981018,1.8190371738322362,1.6823507676696456,-0.02490537728545461,-0.29487858048972165,0.8146513305742196,0.963121836218658,0.8557919026512901,0.6126470413770282,0.8014813133923261,0.5249674356020103,0.5913713822497056,0.30743943379702765
2009-11-22,0,6,1.3595672654470619,11,2009,1.37597730936682,0.0,0.0,-1.1070378017940468,0.8794131786169637,-0.7304445704565513,1.1969259927300127,1,1.5806999284732126,0.6619903444168445,-0.16690048720207848,0.6712292557285616,1.5955742514861382,0.3088608734775982,1.4682748970275505,-0.10923715995722431,1.0060672282202563,0.8346658663682955,0.7920824800730164,0.488792763930302,0.6481250392366291,0.4135659197509743
2009-11-23,0,0,1.3595672654470619,11,2009,1.3853198543648664,0.0,0.0,-0.000979679470614218,1.4116968620477444,-0.7304445704565513,1.1969259927300127,0,1.5022743572929138,1.5759470836614118,0.662334057753312,-0.10071343895708747,-0.27698294030155834,1.7551049473662486,1.1402377303198166,1.30462532613761,0.992599654880463,0.8838449252650697,0.8022770480969449,0.45498921163989137,0.5545659491924904,0.2717910586049295
2009-11-24,0,1,1.3595672654470619,11,2009,1.3946623993629126,0.0,0.0,1.105078442852818,0.879413178616964,-0.7304445704565513,1.1969259927300127,0,-0.17265174609192696,1.4976917552116082,1.576291863632954,0.22969589930840004,0.05861828072014287,1.4042900321342542,0.8938218171866781,0.9040925278752322,1.1232679882660421,0.7580771003358563,0.8884220873539505,0.4116256851231883,0.5318424240872619,0.19675233859087007
2009-11-25,0,2,1.3595672654470619,11,2009,1.404004944360959,0.0,0.0,1.378252239592745,-0.3166174014436045,-0.7304445704565513,1.1969259927300127,0,0.9516543706190623,-0.1735984933247882,1.49803644385511,1.816538968889207,0.7987829594910147,-0.7798514432637264,0.5785393524174229,0.1306260752029234,0.9185034562641822,0.3458734939717938,0.8784754035462082,0.407779417643623,0.6028563860469499,0.06435643680863923
2009-11-26,0,3,1.3595672654470619,11,2009,1.4133474893590052,0.0,0.0,0.612836270074063,-1.2757594567707242,-0.7304445704565513,1.1969259927300127,0,0.6974276596478176,0.9482670298356449,-0.17325575516397626,-0.16825245839760372,-0.1852957514061596,-0.7724055371003005,0.6645867179099786,-0.2297288592258005,0.9572718977857325,0.1946188633297199,0.9009827629626994,0.3388792498523945,0.6423713261490884,-0.07540794541845965
2009-11-27,0,4,1.3595672654470619,11,2009,1.4226900343570514,0.0,0.0,-0.6147956290152912,-1.2757594567707244,-0.7304445704565513,1.1969259927300127,0,0.04700822773005253,0.6945921828647408,0.9486110772719014,0.6605034730349792,-0.06623431759389446,-0.515963938427399,0.16316381510701505,-0.07611561158247904,0.776758691614732,0.6245829638073529,0.8757822997613106,0.4291148591744272,0.651480867231139,-0.11169821019217913
2009-11-28,0,5,1.3595672654470619,11,2009,1.4320325793550979,0.0,0.0,-1.3802115985339736,-0.31661740144360484,-0.7304445704565513,1.1969259927300127,1,-0.3283678714677032,0.04558465242745388,0.6949359342492503,1.573933765236096,1.684970879731036,0.6868773108179583,0.08202066197257275,-0.39597609827439834,0.5785617221389793,0.16019118695028778,0.7601624427400342,0.1898819665262112,0.641457082334353,-0.11823498009431463
2009-11-29,0,6,1.3595672654470619,11,2009,1.441375124353144,0.0,0.0,-1.1070378017940468,0.8794131786169637,-0.7304445704565513,1.1969259927300127,1,0.4902870599174679,-0.32897659708379917,0.04592764638640263,1.4957235125371762,0.6740769297900231,-0.1368336529302322,0.11639568185464426,-0.39390309563789055,0.3299979049963695,-0.5234123360361449,0.7080233601245579,0.222309982505901,0.6543543686015835,-0.1451758109641354
2009-11-30,0,0,1.3595672654470619,11,2009,1.4507176693511905,0.0,0.0,-0.000979679470614218,1.4116968620477444,-0.7304445704565513,1.1969259927300127,0,0.13476008305070386,0.48790123470547664,-0.3286340402573198,-0.17460405825714598,-0.0976920322418663,0.5088337458975013,0.3609125853963567,-1.0748006915235084,0.41515065011912905,-0.6711278959012079,0.7460501833472573,0.14713772728891128,0.6436544753627507,-0.1428616683467746
2009-12-01,0,1,1.3595672654470619,12,2009,1.4600602143492367,0.0,0.0,1.105078442852818,0.879413178616964,-0.021756689106410945,1.3860810972597049,0,0.29582993311994704,0.13314601993614575,0.4882447448708939,0.9466152605891694,0.23264294442714648,0.45352274666810827,0.2922295064781701,-1.3063176882007392,0.2994219835187359,-1.0315725897028243,0.7539752263333623,0.13693101487214462,0.6365521462649295,-0.14092452263072097
2009-12-02,0,2,1.3595672654470619,12,2009,1.4694027593472831,0.0,0.0,1.378252239592745,-0.3166174014436045,-0.021756689106410945,1.3860810972597049,0,0.3149542855690513,0.29386622676194735,0.13348911608376685,0.6930865325399289,1.8191288806877262,-0.11849228661470244,0.7574105210136902,0.12352233498148983,0.4129943967398487,-0.37022501032719474,0.7056005556179481,-0.101067568398729,0.7054102866120701,-0.09876949645990515
2009-12-03,0,3,1.3595672654470619,12,2009,1.4787453043453294,0.0,0.0,0.612836270074063,-1.2757594567707242,-0.021756689106410945,1.3860810972597049,0,1.3222647659708897,0.3129490649201017,0.29420951047841326,0.044452836093798034,-0.16521585141795814,1.1682757335978249,0.5796281357727257,0.618118470967291,0.3757297399957785,-0.28263311633211025,0.7063982681221644,-0.10380719628624453,0.6410073254416037,-0.11153650250570459
2009-12-04,0,4,1.3595672654470619,12,2009,1.4880878493433756,0.0,0.0,-0.6147956290152912,-1.2757594567707244,-0.021756689106410945,1.3860810972597049,0,-0.15800934324253446,1.318072920678228,0.31329237090723283,-0.32989266287486446,0.6633535610304073,0.38370809431801806,0.5494395079800807,0.6483345421093136,0.47865448703420377,-0.547068172891494,0.665239928870516,-0.09189979321657757,0.6336009030735034,-0.1071039754842059
2009-12-05,0,5,1.3595672654470619,12,2009,1.497430394341422,0.0,0.0,-1.3802115985339736,-0.31661740144360484,-0.021756689106410945,1.3860810972597049,1,0.2378893672802086,-0.15898787555014332,1.3184173996972028,0.48651464016732743,1.5765782775200354,-0.023578922464419203,0.5535201019328906,0.6653559663108858,0.631770847315006,-0.08336360515401657,0.6413260243071267,-0.21050625951277285,0.6983554209417953,-0.05138635475423819
2009-12-06,0,6,1.3595672654470619,12,2009,1.5067729393394682,0.0,0.0,-1.1070378017940468,0.8794131786169637,-0.021756689106410945,1.3860810972597049,1,1.3326816236599257,0.23605143571717108,-0.15864512033798014,0.1319637674920417,1.4983856267426652,-0.31050620765955755,1.1552302637302818,0.29455679599453743,0.8577505512540196,0.1257993456775336,0.6293458328801657,-0.2720222869641532,0.7791936577355834,-0.04527237463295283
2009-12-07,0,0,1.3595672654470619,12,2009,1.5161154843375146,0.0,0.0,-0.000979679470614218,1.4116968620477444,-0.021756689106410945,1.3860810972597049,0,1.3780241847132901,1.3284671659174028,0.23639465196076734,0.29259139807864826,-0.17156602179276426,-0.02913128676126023,1.176218471288013,0.20401621468199665,0.8569576465531678,0.12736657471388474,0.6740961858336515,-0.3765115223231262,0.7943706615279553,-0.07372908243696621
2009-12-08,0,1,1.3595672654470619,12,2009,1.5254580293355609,0.0,0.0,1.105078442852818,0.879413178616964,-0.021756689106410945,1.3860810972597049,0,0.2914676389252645,1.3737112993624603,1.3288116570670025,0.31166324435578946,0.9494009565507512,1.5755289974058166,0.9452852449577671,0.002490380385308387,0.9347896939637496,0.055314869995012665,0.6539931714608608,-0.41699008117505015,0.7533624237950182,-0.19282568308429893
2009-12-09,0,2,1.3595672654470619,12,2009,1.5348005743336073,0.0,0.0,1.378252239592745,-0.3166174014436045,-0.021756689106410945,1.3860810972597049,0,0.7431599554489928,0.2895134020408529,1.3740558433143184,1.31620814001718,0.6959292874244483,-0.2787480340005923,0.5596363056028855,-0.9024197287616752,0.7659830173063584,-0.12218668901774005,0.6246930593276779,-0.4289022926369695,0.7855301889799938,-0.2665513024792149
2009-12-10,0,3,1.3595672654470619,12,2009,1.5441431193316535,0.0,0.0,0.612836270074063,-1.2757594567707242,-0.021756689106410945,1.3860810972597049,0,0.39354737431638676,0.7402252050388091,0.2898566806773459,-0.1600018563256151,0.047441571831789126,0.05357700182829474,0.7703071799456125,-0.9203564884331934,0.94543301035576,-0.5089155614550936,0.7001180951344231,-0.4524264507869262,0.8224429875836599,-0.28777453943334363
2009-12-11,0,4,1.3595672654470619,12,2009,1.5534856643297,0.0,0.0,-0.6147956290152912,-1.2757594567707244,-0.021756689106410945,1.3860810972597049,0,0.8292639849061374,0.39137154729728224,0.74056900967943,0.2348099088571491,-0.3268196773118455,0.7865160913910856,0.6213715271442524,-0.8322480388905708,0.9681662592397678,-0.5834998055104803,0.7667758749599094,-0.6684819396432704,0.8014921396637867,-0.28920059471556875
2009-12-12,0,5,1.3595672654470619,12,2009,1.5628282093277461,0.0,0.0,-1.3802115985339736,-0.31661740144360484,-0.021756689106410945,1.3860810972597049,1,0.36296003406573224,0.8261423237108511,0.39171494480753116,1.3265963980805506,0.48940388591613126,-0.18795590803051712,0.6307621161816974,-0.8495432593361416,0.8018234283025022,-0.8213462798452348,0.7597596308887314,-0.663349882023263,0.8304050593880328,-0.35408967935803637
2009-12-13,0,6,1.3595672654470619,12,2009,1.5721707543257923,0.0,0.0,-1.1070378017940468,0.8794131786169637,-0.021756689106410945,1.3860810972597049,1,0.41751948003200723,0.3608506046800079,0.8264862286212203,1.3718144705106141,0.13493280810700167,-0.07005676828054253,0.6853740429298251,-0.6148305956888511,0.7274190159467057,-1.2569472681143856,0.8401657549811025,-0.6854081299744614,0.8799869924727232,-0.3907488749672183
2009-12-14,0,0,1.3595672654470619,12,2009,1.5815132993238388,0.0,0.0,-0.000979679470614218,1.4116968620477444,-0.021756689106410945,1.3860810972597049,0,0.9686762066655515,0.4152916154354732,0.36119396657072855,0.28824108062251147,0.29552428799910585,1.664052923492922,0.6923379709096756,-0.6316138203799898,0.7436449779754399,-1.3075250153464442,0.848352526780576,-0.7009494861328789,0.8173357591126956,-0.5348293648793134
2009-12-15,0,1,1.3595672654470619,12,2009,1.590855844321885,0.0,0.0,1.105078442852818,0.879413178616964,-0.021756689106410945,1.3860810972597049,0,0.3807374085268301,0.9652519156399748,0.4156350408616864,0.7386932696957073,0.3145918419855257,0.6630274590723716,0.7751926432668577,-0.7317584335662752,0.7229002048302479,-1.3378926943623675,0.8786356053135832,-0.7350728701008729,0.8151105426957358,-0.5358013332625653
2009-12-16,0,2,1.3595672654470619,12,2009,1.6001983893199314,0.0,0.0,1.378252239592745,-0.3166174014436045,-0.021756689106410945,1.3860810972597049,0,0.6290292114087574,0.3785893888098688,0.9655959828984768,0.390040554699968,1.3189106557735524,-0.10120738839943101,0.2770441258313475,-0.18256064971752617,0.5962958187358728,-0.7270720815790246,0.7219289394594257,-0.6480669055196643,0.8053237476026983,-0.4958689316751082
2009-12-17,0,3,1.3595672654470619,12,2009,1.6095409343179776,0.0,0.0,0.612836270074063,-1.2757594567707242,-0.021756689106410945,1.3860810972597049,0,-0.30298725069862775,0.6263422109251147,0.3789327714026736,0.8245608993589543,-0.15696710621825155,0.22590281287711775,0.22502894068954504,-0.22380522691780863,0.49063505336056956,-0.8253936037516832,0.7610719009214956,-0.7798066807157109,0.8060510837130958,-0.49710875068003696
2009-12-18,0,4,1.3595672654470619,12,2009,1.618883479316024,0.0,0.0,-0.6147956290152912,-1.2757594567707244,-0.021756689106410945,1.3860810972597049,0,0.24795409620586953,-0.30365107143378195,0.6266858826583553,0.35953719241151477,0.23775580302200172,1.796901255626317,0.09418075159892411,-0.6223626830060629,0.47828289063051516,-0.8197767871414725,0.7665787542667192,-0.7912707438249261,0.7328536404192897,-0.7072964211136664
2009-12-19,0,5,1.3595672654470619,12,2009,1.6282260243140703,0.0,0.0,-1.3802115985339736,-0.31661740144360484,-0.021756689106410945,1.3860810972597049,1,0.2950026014623335,0.24609431657837788,-0.3033084850510963,0.41394684467053927,1.3292965758659137,-0.16807203078268074,0.636202015307491,-0.22614845775406928,0.5988199401268294,-0.5136112240602373,0.7422801676816689,-0.9040213425305956,0.7925500299140791,-0.7336884794370369
2009-12-20,0,6,1.3595672654470619,12,2009,1.6375685693121165,0.0,0.0,-1.1070378017940468,0.8794131786169637,-0.021756689106410945,1.3860810972597049,1,1.0806736657704639,0.2930406910389798,0.2464375445425387,0.9635903629513175,1.3745044715616477,0.652408773310751,0.25250565422080784,1.0654406138841375,0.28978346877350003,-0.063615753325279,0.5388763348038152,-0.6879397533436766,0.7257043388948983,-0.5235520373265966
2009-12-21,0,0,1.3595672654470619,12,2009,1.646911114310163,0.0,0.0,-0.000979679470614218,1.4116968620477444,-0.021756689106410945,1.3860810972597049,0,-0.7315382118902058,1.0770062556580946,0.2933839737920026,0.37726575884719105,0.2911749496210814,1.5567184647454437,0.4468662057045742,1.2551082574263857,0.36438362170983457,0.07044851155195939,0.5870568515254339,-0.6494027911537569,0.6879062655340002,-0.6670873954536465
2009-12-22,0,1,1.3595672654470619,12,2009,1.6562536593082091,0.0,0.0,1.105078442852818,0.879413178616964,-0.021756689106410945,1.3860810972597049,0,0.791162285219802,-0.7312717533211537,1.0773504533397267,0.6248758731786781,0.7415257603734013,1.4792891413596838,0.23506101463128595,0.7947290285684034,0.34819805059454506,0.04415598936969538,0.5674664168815913,-0.6764054870086746,0.6418377717566708,-0.8168336430936335
2009-12-23,0,2,1.3595672654470619,12,2009,1.6655962043062555,0.0,0.0,1.378252239592745,-0.3166174014436045,-0.021756689106410945,1.3860810972597049,0,0.5399816589879538,0.7881233334940609,-0.7309296659940561,-0.304581724948237,0.39295151281032753,-0.1743602099225013,0.44333201225480035,-0.08725376986394812,0.3669412986288848,-0.010225462285947251,0.510249333800224,-0.5662890282428755,0.6405348188370311,-0.8118331940599607
2009-12-24,0,3,1.3595672654470619,12,2009,1.6749387493043018,0.0,0.0,0.612836270074063,-1.2757594567707242,-0.021756689106410945,1.3860810972597049,0,-0.1998682226467019,0.5374879589577203,0.7884671940342903,0.24484700493149447,0.8273740647534685,0.9356637348858492,1.0265127687581157,2.132353116668071,0.7362733255724493,1.2952733989898952,0.6501189916831518,0.23998152380135535,0.704122554722643,-0.409298199111603
2009-12-25,0,4,1.3595672654470619,12,2009,1.6842812943023482,0.0,0.0,-0.6147956290152912,-1.2757594567707244,-0.021756689106410945,1.3860810972597049,0,2.2798943222056827,-0.2007558895666829,0.5378315269934252,0.29176633787144857,0.36245501557819965,0.6846664909915564,1.1869683654984466,2.038432603184858,0.8552531500058045,1.2937070401156694,0.7066817527311019,0.27762637478766294,0.716194468351544,-0.38927261604969676
2009-12-26,0,5,1.3595672654470619,12,2009,1.6936238393003944,0.0,0.0,-1.3802115985339736,-0.31661740144360484,-0.021756689106410945,1.3860810972597049,1,0.9495894602008864,2.273623697402681,-0.20041318309996559,1.0752803314960742,0.41685242245509646,0.0425094015065098,1.6747232204240317,0.5769298854836526,0.8488167025987247,1.2849150934516245,0.7672086834384366,0.325567206495722,0.7639845752128682,-0.3824191575727089
2009-12-27,0,6,1.3595672654470619,12,2009,1.7029663842984406,0.0,0.0,-1.1070378017940468,0.8794131786169637,-0.021756689106410945,1.3860810972597049,1,1.0452625033342953,0.9462066018328665,2.273969291599137,-0.7319560935977591,0.9663722385132744,-0.32809825794232084,1.1990052471682333,-1.4148879114901614,1.1754505628419054,0.4762835868705995,0.7765435679041027,0.3431844888649277,0.830713735334074,-0.4468796687191917
2009-12-28,0,0,1.3595672654470619,12,2009,1.712308929296487,0.0,0.0,-0.000979679470614218,1.4116968620477444,-0.021756689106410945,1.3860810972597049,0,1.0654911042355188,1.0416719621932629,0.9465506468644963,0.7865638084117195,0.3801795920403773,0.4801572188057183,1.1765398833486211,-1.3187624640336713,1.1938228358712235,0.4687958917915133,0.8258626379271938,0.35189856462526475,0.8499567181972421,-0.43657514623006344
2009-12-29,0,1,1.3595672654470619,12,2009,1.7216514742945332,0.0,0.0,1.105078442852818,0.879413178616964,-0.021756689106410945,1.3860810972597049,0,0.8922403339345614,1.0618566517502692,1.042016118637936,0.5360728020344426,0.6277339794862332,0.12914653632192066,1.085707495803759,-1.2184923727864512,1.2435179515775632,0.4045471872656546,0.8436384414405751,0.35952004004809507,0.8824451070186424,-0.4586838353702045
2009-12-30,0,2,1.3595672654470619,12,2009,1.7309940192925797,0.0,0.0,1.378252239592745,-0.3166174014436045,-0.021756689106410945,1.3860810972597049,0,0.8133874220220314,0.8889819664908682,1.0622008317515255,-0.2017458116022323,-0.3015144358396899,0.28817030014042744,1.2568982553684138,-0.49154951599244445,1.552946525490644,-0.3463152279216277,1.017723702722339,0.2920827124660433,0.940213008352132,-0.38114072843146024
2009-12-31,0,3,1.3595672654470619,12,2009,1.7403365642906259,0.0,0.0,0.612836270074063,-1.2757594567707242,-0.021756689106410945,1.3860810972597049,0,1.502503411925405,0.8103002249610267,0.8893259447383708,2.271208511170261,0.2477906401575048,0.30705171404713205,1.3357741142586468,-0.5811998191518254,1.3373205661641754,-1.4222458652569516,1.0992601392845285,0.2515135108519564,0.9774893113440046,-0.37471823712948765
2010-01-01,0,4,-1.2960580679261784,1,2010,-1.6603498149982292,0.0,0.0,-0.6147956290152912,-1.2757594567707244,0.6869311922437294,1.196925992730013,0,1.093593030787481,1.4979203126225238,0.8106441113828424,0.9445560194108694,0.29469941347913436,1.301566229696493,0.7842069123500084,1.6598144979807352,1.0566360304543412,0.19699659580300602,1.0134806633197462,0.5824115439995735,0.8857199198523408,-0.245244991894696
2010-01-02,0,5,-1.2960580679261784,1,2010,-1.651007270000183,0.0,0.0,-1.3802115985339736,-0.31661740144360484,0.6869311922437294,1.196925992730013,1,-0.5946421723621959,1.0898975758940068,1.4982650015327639,1.0399663908920818,1.07803707022499,-0.15990381096604725,0.019619849622365716,1.1439565572432435,0.7849760676053897,0.7237783299243982,0.8659588987951298,0.7956025313832229,0.8717738555033303,-0.18452015095745405
2010-01-03,0,6,-1.2960580679261784,1,2010,-1.6416647250021366,0.0,0.0,-1.1070378017940468,0.8794131786169637,0.6869311922437294,1.196925992730013,1,-0.4493189735944524,-0.5946728816073207,1.0902417886204807,1.0601394538920708,-0.7287926200396078,0.23096575904444838,-0.06638332171186044,0.7740055127527452,0.7501783635747857,0.6705559943608118,1.0207691844688092,0.4174289668826023,0.9022290092888465,-0.19369235015459904
2010-01-04,0,0,-1.2960580679261784,1,2010,-1.6323221800040904,0.0,0.0,-0.000979679470614218,1.4116968620477444,0.6869311922437294,1.196925992730013,0,0.8740458749188003,-0.44966514395500395,-0.5943306348622315,0.8873643459573225,0.7893855253936649,1.3118507610110755,0.1879875399213425,0.3600089307223609,0.5979462535990909,0.7069122464621739,0.9497605751626818,0.5064960368027025,0.8410478328468187,-0.2180913823889445
2010-01-05,0,1,-1.2960580679261784,1,2010,-1.6229796350060441,0.0,0.0,1.105078442852818,0.879413178616964,0.6869311922437294,1.196925992730013,0,0.054710617087912077,0.8708270031948846,-0.4493227279783391,0.8087279257960133,0.5389508942727127,1.3566173310226368,0.797674077689503,0.02266503509235197,0.6513281276049291,0.8093738984506117,1.0044398117275366,0.5280261391022313,0.8280765690994136,-0.258986074219543
2010-01-06,0,2,-1.2960580679261784,1,2010,-1.6136370900079977,0.0,0.0,1.378252239592745,-0.3166174014436045,0.6869311922437294,1.196925992730013,0,1.107076485571052,0.05327032178218327,0.8711709602546003,1.495951938297032,-0.19870166664188474,0.2838634206007506,0.5925904163336894,-0.0066223640085802254,0.4419385253143181,0.3574522721952901,1.0575074712539123,0.37863165405769944,0.830903261710278,-0.26251703417339284
2010-01-07,0,3,-1.2960580679261784,1,2010,-1.6042945450099515,0.0,0.0,0.612836270074063,-1.2757594567707242,0.6869311922437294,1.196925992730013,0,0.35051245321710517,1.1033517613955781,0.05361332471070809,1.088164226219232,2.273696095494593,0.7298178449118448,0.7032833907903157,-0.30555130034406947,0.3044696049019889,0.0672858326455492,0.8702012789311914,-0.13066393544944568,0.8114725528078146,-0.2593307228582202
2010-01-08,0,4,-1.2960580679261784,1,2010,-1.594952000011905,0.0,0.0,-0.6147956290152912,-1.2757594567707244,0.6869311922437294,1.196925992730013,0,0.33728540287288017,0.3484300444844642,1.1036959898237866,-0.5954359040239711,0.947342178823219,0.3846464270076912,0.4203256047998314,-1.524469043915681,0.48248665262210705,-0.36673312865682717,0.8157392706887671,-0.14213256577846245,0.8110512739715948,-0.25896895627042166
2010-01-09,0,5,-1.2960580679261784,1,2010,-1.5856094550138589,0.0,0.0,-1.3802115985339736,-0.31661740144360484,0.6869311922437294,1.196925992730013,1,0.38474757395814996,0.335231706830923,0.34877339187974477,-0.4505116920917313,1.0427310773412857,0.8148280863588214,0.7951188518076656,0.005400195266269661,0.8017712308143595,-0.5341240709588728,0.8410026938440015,-0.07104120991271928,0.8339355200625144,-0.2051078784646948
2010-01-10,0,6,-1.2960580679261784,1,2010,-1.5762669100158124,0.0,0.0,-1.1070378017940468,0.8794131786169637,0.6869311922437294,1.196925992730013,1,1.3072770718098543,0.38259084915300773,0.3355750388230567,0.8692198400783486,1.062899600211815,0.3544476407682719,1.2899755740557801,0.26202688013004816,0.9338221762370844,-0.06986464464461903,0.8925926074379797,0.09896530231773096,0.8931832983334956,-0.10117003885618654
2010-01-11,0,0,-1.2960580679261784,1,2010,-1.5669243650177662,0.0,0.0,-0.000979679470614218,1.4116968620477444,0.6869311922437294,1.196925992730013,0,1.6005456320783407,1.3031177611349125,0.382934236415725,0.05213407843602782,0.890163376870718,0.4083140126912582,1.1034735474538917,1.051844147860838,0.9072735395292238,0.038978713410608205,0.7977548093178777,0.19668488300013204,0.8688217939769485,-0.051325853775722186
2010-01-12,0,1,-1.2960580679261784,1,2010,-1.5575818200197198,0.0,0.0,1.105078442852818,0.879413178616964,0.6869311922437294,1.196925992730013,0,-0.09135102646514037,1.5957497070986877,1.303462222700438,1.1016106619927526,0.8115446545437829,0.9524693408639424,0.8750674234501757,0.8819785915201511,0.8376818598600289,-0.04870113349227509,0.7891559959356489,0.18977767280673685,0.8571181310790091,-0.06410290853711813
2010-01-13,0,2,-1.2960580679261784,1,2010,-1.5482392750216736,0.0,0.0,1.378252239592745,-0.3166174014436045,0.6869311922437294,1.196925992730013,0,0.7242065392927731,-0.09247425767245258,1.5960945101809219,0.3471237865668415,1.4986140010932472,0.37199918748169747,0.5317792544665699,-0.21712360940213302,0.9056057055032929,-0.10594050320907389,0.7141126754511686,-0.0034081472278367814,0.8735612627179249,-0.06798968398444301
2010-01-14,0,3,-1.2960580679261784,1,2010,-1.5388967300236274,0.0,0.0,0.612836270074063,-1.2757594567707242,0.6869311922437294,1.196925992730013,0,0.7242065392927731,0.7213129321126619,-0.09213142483543617,0.3339330512707619,1.090918065311638,0.6171369150116651,0.9318970934165091,-1.2481124129144798,1.0133506420123406,-0.18240880677292193,0.6983449977955095,-0.04065186568164387,0.8879727959908706,-0.05736938587430131
2010-01-15,0,4,-1.2960580679261784,1,2010,-1.529554185025581,0.0,0.0,-0.6147956290152912,-1.2757594567707244,0.6869311922437294,1.196925992730013,0,0.9300616981005491,0.7213129321126619,0.7216567146816762,0.38126491431431486,-0.5923031555636666,-0.30304004971146054,1.066464287891749,-1.089855136990169,1.1374911823865896,-0.273087498108073,0.8586304920208573,-0.32359170205635845,0.9535939305793595,-0.13535727970109063
2010-01-16,0,5,-1.2960580679261784,1,2010,-1.5202116400275347,0.0,0.0,-1.3802115985339736,-0.31661740144360484,0.6869311922437294,1.196925992730013,1,1.0677269509465834,0.9267212297271494,0.7216567146816762,1.3012615947760386,-0.44741156013017264,0.2409026347221965,1.169795586943526,-1.3937655013584862,1.0794562751519232,-0.3757334591477076,0.9972155690653842,-0.6697771869423491,0.9890221059027782,-0.14530482021211916
2010-01-17,0,6,-1.2960580679261784,1,2010,-1.5108690950294883,0.0,0.0,-1.1070378017940468,0.8794131786169637,0.6869311922437294,1.196925992730013,1,0.9879885890368547,1.0640876449850591,0.9270652520183359,1.5937249821897679,0.8720229545761594,0.2873534781587633,1.0294001204359184,-0.8160075971765165,0.8924432389096725,-0.8088658836162429,0.9680598363028006,-0.668587420405233,1.0022668571930455,-0.16143184805009209
2010-01-18,0,0,-1.2960580679261784,1,2010,-1.501526550031442,0.0,0.0,-0.000979679470614218,1.4116968620477444,0.6869311922437294,1.196925992730013,0,0.5716629915131433,0.984522375553363,1.0644318275900004,-0.09352655087123429,0.05512108544127038,1.0630440851585197,0.8180301748613714,-0.8526840930319305,1.0050450274107765,-1.474563153622921,1.0137084399066967,-0.8051610984753497,0.9758153253545485,-0.17541646769235264
2010-01-19,0,1,-1.2960580679261784,1,2010,-1.4921840050333957,0.0,0.0,1.105078442852818,0.879413178616964,0.6869311922437294,1.196925992730013,0,0.5281460300678928,0.569100519059915,0.9848664653014946,0.7197918904035138,1.1043614748437203,-0.7261470856180955,1.0077945338784329,-0.03496785608048539,1.1410418543777117,-1.0413158824566688,1.0489343692664481,-0.6802013211875221,1.0813266884567736,-0.3528060259523684
2010-01-20,0,2,-1.2960580679261784,1,2010,-1.4828414600353494,0.0,0.0,1.378252239592745,-0.3166174014436045,0.6869311922437294,1.196925992730013,0,1.472415205649989,0.525678022292802,0.5694441239891226,0.7197918904035138,0.35004440348227794,0.777210396335526,1.3058854710558947,-0.10356310404838596,1.2516296897945962,-0.9458626566166748,1.1436294361822843,-0.6627921009536899,1.1072484302436596,-0.3145960909390699
2010-01-21,0,3,-1.2960580679261784,1,2010,-1.4734989150373032,0.0,0.0,0.612836270074063,-1.2757594567707242,0.6869311922437294,1.196925992730013,0,1.3326235053203426,1.4678974204827264,0.5260215765456963,0.9250818710492259,0.33685663687994183,0.5292205424646342,1.4778127999261081,-0.8318966975284783,1.2583507377917922,-0.9483210779136613,1.2043501912501478,-0.7508753961074932,1.1276932198256957,-0.3173137212339866
2010-01-22,0,4,-1.2960580679261784,1,2010,-1.4641563700392568,0.0,0.0,-0.6147956290152912,-1.2757594567707244,0.6869311922437294,1.196925992730013,0,0.9670386369796213,1.328409173738518,1.4682420743546891,1.0623691620553228,0.3841778474615562,-0.2012309528812726,1.0473335742009482,-0.17847760261158158,1.1321651743999046,-0.7072779158837259,1.203265368171065,-0.7470924818720366,1.1551423019776208,-0.4151136087877504
2010-01-23,0,5,-1.2960580679261784,1,2010,-1.4548138250412106,0.0,0.0,-1.3802115985339736,-0.31661740144360484,0.6869311922437294,1.196925992730013,1,0.3734965471597917,0.9636179007172488,1.328753664820438,0.9828497229119272,1.3039674743869913,2.2470309228767262,1.220495661070667,0.46366942601225125,1.275154600582119,-0.2710902001060169,1.248331180160311,-0.563387947752,1.1309552666340532,-0.5717573086398694
2010-01-24,0,6,-1.2960580679261784,1,2010,-1.4454712800431642,0.0,0.0,-1.1070378017940468,0.8794131786169637,0.6869311922437294,1.196925992730013,1,1.7746681774730606,0.3713642455815919,0.9639619660687705,0.5676671530266357,1.596365040282138,0.9336250552291337,1.3085920284496078,0.465354992486958,1.387896203783609,-0.39108737645469477,1.2089324232836665,-0.68467774146399,1.1425569649962637,-0.5543504690061354
2010-01-25,0,0,-1.2960580679261784,1,2010,-1.436128735045118,0.0,0.0,-0.000979679470614218,1.4116968620477444,0.6869311922437294,1.196925992730013,0,1.1919292613642087,1.7694942750413771,0.3717076197422786,0.5242696679959219,-0.09050676162988525,1.028082754224349,1.4022595382124212,0.1055416259888553,1.4032484792846007,-0.4456719990143294,1.27680819802778,-1.0063911989657692,1.1218442525490786,-0.5586232708245324
2010-01-26,0,1,-1.2960580679261784,1,2010,-1.4267861900470715,0.0,0.0,1.105078442852818,0.879413178616964,0.6869311922437294,1.196925992730013,0,0.6126090711132404,1.188020342569254,1.7698392808925634,1.4659463396046422,0.7226286350067996,1.0480543892057692,1.0388188330286647,-0.7426835862472743,1.2895499221338078,-0.5259433386095409,1.2886367581522862,-1.0219860415331332,1.1113787304421303,-0.5686243551973594
2010-01-27,0,2,-1.2960580679261784,1,2010,-1.4174436450490253,0.0,0.0,1.378252239592745,-0.3166174014436045,0.6869311922437294,1.196925992730013,0,0.8468840979777633,0.6099577147374688,1.1883646698101027,1.3265384393056663,0.7226286350067996,0.8770044405911167,1.3679193379702452,0.6325140307962133,1.4166800115016325,-0.033405156201527016,1.414738953038889,-0.6812946609261826,1.1659456327551054,-0.37837171570388073
2010-01-28,0,3,-1.2960580679261784,1,2010,-1.408101100050979,0.0,0.0,0.612836270074063,-1.2757594567707242,0.6869311922437294,1.196925992730013,0,2.0320503724111485,0.8437241878272471,0.6103013673491499,0.9619572892354213,0.9278724132940032,0.7991532050247521,1.4882640487635619,0.3491399765650902,1.4080978744926387,-0.025427254210116903,1.4137517014066032,-0.6804944002449912,1.1710410772026785,-0.3770738694127154
2010-01-29,0,4,-1.2960580679261784,1,2010,-1.3987585550529327,0.0,0.0,-0.6147956290152912,-1.2757594567707244,0.6869311922437294,1.196925992730013,0,0.9198226141561229,2.02631775619533,0.8440681132565668,0.3700447773643532,1.0651288065591693,1.479515286288503,1.505289513457375,0.3099474986377544,1.5020421679756382,-0.3108105231716227,1.3966486793895456,-0.6734465295069553,1.141734865697765,-0.4351015644279037
2010-01-30,0,5,-1.2960580679261784,1,2010,-1.3894160100548865,0.0,0.0,-1.3802115985339736,-0.31661740144360484,0.6869311922437294,1.196925992730013,1,0.8903463598092843,0.9165043723292722,2.0266630617728834,1.7673694717478015,0.9856272639815198,1.0757993342027572,1.5600808952726808,0.5464101485804932,1.5742480718427057,0.013139641745763006,1.5108033165425394,-0.33119428149582814,1.1933583808349089,-0.22627864217215585
2010-01-31,0,6,-1.2960580679261784,1,2010,-1.38007346505684,0.0,0.0,-1.1070378017940468,0.8794131786169637,0.6869311922437294,1.196925992730013,1,2.1719207034355343,0.8870921037201115,0.9168483826968545,1.1862304733261086,0.5705381346717497,-0.5909900500324007,1.3518072192153292,1.0978252547909557,1.428149788122586,0.30519773273632217,1.4931086028126441,-0.2701480139389861,1.2404080582265131,-0.44874421370667034
2010-02-01,0,0,-1.2960580679261784,2,2010,-1.3707309200587938,0.0,0.0,-0.000979679470614218,1.4116968620477444,1.2057267281003763,0.6801446366438934,0,0.3881457874609076,2.1658844629462743,0.8874360797620457,0.6085008146035648,0.527150416635779,-0.44751290624505163,1.0844914868411235,1.5834270088567564,1.3545973133411393,0.5373368212907509,1.462235151099864,-0.15250774829673466,1.27187385568478,-0.6168257805514248
2010-02-02,0,1,-1.2960580679261784,2,2010,-1.3613883750607474,0.0,0.0,1.105078442852818,0.879413178616964,1.2057267281003763,0.6801446366438934,0,0.2079481662166938,0.38598168596552507,2.1662299314054367,0.8421326361684605,1.4686151554310036,0.8590411075894155,0.6256114879104483,-0.37941903066890276,1.3825192411061185,0.5184345616674768,1.4167332342994299,-0.19208478131404727,1.277927734034804,-0.6152446215674384
2010-02-03,0,2,-1.2960580679261784,2,2010,-1.3520458300627012,0.0,0.0,1.378252239592745,-0.3166174014436045,1.2057267281003763,0.6801446366438934,0,1.00050112567678,0.20617522967692029,0.38632507718552533,2.024045020339373,1.3292386301351733,0.050113946649849,1.36473735857022,1.4580896863111101,1.4266733448865148,0.717435545203105,1.5075943366960318,0.12603717619090946,1.384219788686668,-0.48035632689605773
2010-02-04,0,3,-1.2960580679261784,2,2010,-1.342703285064655,0.0,0.0,0.612836270074063,-1.2757594567707242,1.2057267281003763,0.6801446366438934,0,2.274971356970297,0.9970077505370716,0.2065184110534294,0.9148708986502108,0.9647395323353215,1.0891115073254014,1.7815632678041189,0.36994803638912327,1.4906885929056675,0.7037979937762485,1.5369999314744007,0.12477258094083328,1.392115902693451,-0.4712431815930948
2010-02-05,0,4,-1.2960580679261784,2,2010,-1.3333607400666085,0.0,0.0,-0.6147956290152912,-1.2757594567707244,1.2057267281003763,0.6801446366438934,0,1.2720129145855774,2.2687114187205615,0.9973518548562854,0.8854755717639846,0.37296023570443754,0.3421581827714284,1.7423643885790798,0.4862781975771369,1.4925223403760568,0.7016738528397666,1.5878072956944067,0.00048349114083205913,1.418442720284395,-0.5206046394250096
2010-02-06,0,5,-1.2960580679261784,2,2010,-1.3240181950685623,0.0,0.0,-1.3802115985339736,-0.31661740144360484,1.2057267281003763,0.6801446366438934,1,0.9004350198159562,1.2679301537696182,2.2690570071841325,2.163531335451437,1.7699704495843582,0.32909915695715414,1.615120032218039,-0.03729091801233665,1.4522115873595898,0.5455488095671018,1.604726711982189,0.055056600191900444,1.4956562242165767,-0.4689992834327242
2010-02-07,0,6,-1.2960580679261784,2,2010,-1.314675650070516,0.0,0.0,-1.1070378017940468,0.8794131786169637,1.2057267281003763,0.6801446366438934,1,1.9501445383075091,0.8971588637138064,1.2682745742693746,0.38465379797529003,1.1889622417266466,0.37595841138455205,1.152713875139103,1.1331089977294257,1.3983089812696485,0.7475644497060164,1.4986322674544437,0.297743862523976,1.4816217796921356,-0.4110087600973036
2010-02-08,0,0,-1.2960580679261784,2,2010,-1.3053331050724697,0.0,0.0,-0.000979679470614218,1.4116968620477444,1.2057267281003763,0.6801446366438934,0,0.09159183164296177,1.9445897196216473,0.8975028515041734,0.20495091177183464,0.6113626062654879,1.2867689256981103,1.4763664456533732,1.3756653926961189,1.6743529117240212,0.46050764170199626,1.6060478821131383,0.306264553186666,1.5016986458771917,-0.36270825953304026
2010-02-09,0,1,-1.2960580679261784,2,2010,-1.2959905600744233,0.0,0.0,1.105078442852818,0.879413178616964,1.2057267281003763,0.6801446366438934,0,1.7266487540729554,0.09007147624235146,1.9449349298183287,0.9953279062108827,0.8449418468853956,1.5763120664130261,1.280804616593081,0.967497640707268,1.7562221862830634,0.4142892683064207,1.6642888061193397,0.29031690783404995,1.4945354326585183,-0.3799936622207711
2010-02-10,0,2,-1.2960580679261784,2,2010,-1.286648015076377,0.0,0.0,1.378252239592745,-0.3166174014436045,1.2057267281003763,0.6801446366438934,0,1.4509182574554955,1.7215790900629169,0.09041452211973858,2.266299062003454,2.0265882310326964,-0.09409226138559798,1.4958627655631083,0.05722572959310033,1.4591513676880539,0.13335914533243112,1.5301241111746238,0.20096750809469757,1.5295760445459734,-0.5217404082762512
2010-02-11,0,3,-1.2960580679261784,2,2010,-1.2773054700783308,0.0,0.0,0.612836270074063,-1.2757594567707242,1.2057267281003763,0.6801446366438934,0,0.6405879235343147,1.4464471369041594,1.7219240399945888,1.2660942557791124,0.9176637389662627,0.7111051958773741,0.6839825965507741,1.0393109373221432,1.1650738264786296,0.8811502670128888,1.4080829981276708,0.607415278675895,1.4783459848564884,-0.2969669383231172
2010-02-12,0,4,-1.2960580679261784,2,2010,-1.2679629250802844,0.0,0.0,-0.6147956290152912,-1.2757594567707244,1.2057267281003763,0.6801446366438934,0,-0.3459025163928836,0.6378758319141503,1.4467917657425249,0.8955365332162297,0.8882750277630183,0.7111051958773741,0.330473524039822,-0.00024147548646925312,1.1011026977649319,0.9228365711732681,1.3751209900402142,0.6471951814358385,1.4699336651583927,-0.28087739385865956
2010-02-13,0,5,-1.2960580679261784,2,2010,-1.2586203800822382,0.0,0.0,-1.3802115985339736,-0.31661740144360484,1.2057267281003763,0.6801446366438934,1,0.5484874489224167,-0.3464731785841884,0.638219517107727,1.9423640598267045,2.1660431534936553,0.9143453562239316,0.6014493362542057,0.8632115446203763,0.9888066374086687,0.5428053069572659,1.2941676747259412,0.4010790858953954,1.4891917053847807,-0.2716712496899065
2010-02-14,0,6,-1.2960580679261784,2,2010,-1.2492778350841918,0.0,0.0,-1.1070378017940468,0.8794131786169637,1.2057267281003763,0.6801446366438934,1,1.3323294948965545,0.5459752849029298,-0.34613064217713013,0.08891403511064531,0.387565968423751,1.050261833734723,0.81473704045705,0.10414279896900323,1.0082520659382797,0.4873005467992251,1.275889180481596,0.45076145811299967,1.4475821551249302,-0.19386183793160325
2010-02-15,0,0,-1.2960580679261784,2,2010,-1.2399352900861456,0.0,0.0,-0.000979679470614218,1.4116968620477444,1.2057267281003763,0.6801446366438934,0,0.198574019914325,1.3281158015394388,0.5463188628437857,1.7194818863332868,0.207903525972822,0.97153639613013,0.9514268937492246,0.07902169113692072,0.8575299547267455,0.06165880732043455,1.3423686287100645,0.3349161483939067,1.4432466165190707,-0.19251196280117006
2010-02-16,0,1,-1.2960580679261784,2,2010,-1.2305927450880991,0.0,0.0,1.105078442852818,0.879413178616964,1.2057267281003763,0.6801446366438934,0,0.8974265410610035,0.19682143235306143,1.328460292278978,1.4445084115762739,0.9981026389529745,0.5604994238864239,0.5805977288222317,-0.5366249768918229,0.6639095864436106,-0.2966592438321298,1.2830880413822505,0.4047460725746603,1.4343431321793674,-0.17057774789039493
